  0
SECTION
  2
HEADER
  9
$ACADVER
  1
AC1027
  9
$ACADMAINTVER
 70
105
  9
$DWGCODEPAGE
  3
ANSI_1252
  9
$LASTSAVEDBY
  1
ezdxf
  9
$REQUIREDVERSIONS
160
0
  9
$INSBASE
 10
0.0
 20
0.0
 30
0.0
  9
$EXTMIN
 10
1e+20
 20
1e+20
 30
1e+20
  9
$EXTMAX
 10
-1e+20
 20
-1e+20
 30
-1e+20
  9
$LIMMIN
 10
0.0
 20
0.0
  9
$LIMMAX
 10
420.0
 20
297.0
  9
$ORTHOMODE
 70
0
  9
$REGENMODE
 70
1
  9
$FILLMODE
 70
1
  9
$QTEXTMODE
 70
0
  9
$MIRRTEXT
 70
1
  9
$LTSCALE
 40
1.0
  9
$ATTMODE
 70
1
  9
$TEXTSIZE
 40
2.5
  9
$TRACEWID
 40
1.0
  9
$TEXTSTYLE
  7
OpenSans
  9
$CLAYER
  8
0
  9
$CELTYPE
  6
ByLayer
  9
$CECOLOR
 62
256
  9
$CELTSCALE
 40
1.0
  9
$DISPSILH
 70
0
  9
$DIMSCALE
 40
1.0
  9
$DIMASZ
 40
0.175
  9
$DIMEXO
 40
0.125
  9
$DIMDLI
 40
3.75
  9
$DIMRND
 40
0.0
  9
$DIMDLE
 40
0.0
  9
$DIMEXE
 40
0.375
  9
$DIMTP
 40
0.0
  9
$DIMTM
 40
0.0
  9
$DIMTXT
 40
0.25
  9
$DIMCEN
 40
2.5
  9
$DIMTSZ
 40
0.0
  9
$DIMTOL
 70
0
  9
$DIMLIM
 70
0
  9
$DIMTIH
 70
0
  9
$DIMTOH
 70
0
  9
$DIMSE1
 70
0
  9
$DIMSE2
 70
0
  9
$DIMTAD
 70
1
  9
$DIMZIN
 70
12
  9
$DIMBLK
  1
ARCHTICK
  9
$DIMASO
 70
1
  9
$DIMSHO
 70
1
  9
$DIMPOST
  1

  9
$DIMAPOST
  1

  9
$DIMALT
 70
0
  9
$DIMALTD
 70
3
  9
$DIMALTF
 40
0.03937007874
  9
$DIMLFAC
 40
100.0
  9
$DIMTOFL
 70
1
  9
$DIMTVP
 40
0.0
  9
$DIMTIX
 70
0
  9
$DIMSOXD
 70
0
  9
$DIMSAH
 70
0
  9
$DIMBLK1
  1

  9
$DIMBLK2
  1

  9
$DIMSTYLE
  2
EZDXF
  9
$DIMCLRD
 70
0
  9
$DIMCLRE
 70
0
  9
$DIMCLRT
 70
0
  9
$DIMTFAC
 40
0.5
  9
$DIMGAP
 40
0.1
  9
$DIMJUST
 70
0
  9
$DIMSD1
 70
0
  9
$DIMSD2
 70
0
  9
$DIMTOLJ
 70
0
  9
$DIMTZIN
 70
8
  9
$DIMALTZ
 70
0
  9
$DIMALTTZ
 70
0
  9
$DIMUPT
 70
1
  9
$DIMDEC
 70
2
  9
$DIMTDEC
 70
2
  9
$DIMALTU
 70
2
  9
$DIMALTTD
 70
3
  9
$DIMTXSTY
  7
OpenSansCondensed-Light
  9
$DIMAUNIT
 70
0
  9
$DIMADEC
 70
2
  9
$DIMALTRND
 40
0.0
  9
$DIMAZIN
 70
3
  9
$DIMDSEP
 70
46
  9
$DIMATFIT
 70
3
  9
$DIMFRAC
 70
0
  9
$DIMLDRBLK
  1

  9
$DIMLUNIT
 70
2
  9
$DIMLWD
 70
-2
  9
$DIMLWE
 70
-2
  9
$DIMTMOVE
 70
2
  9
$DIMFXL
 40
1.0
  9
$DIMFXLON
 70
0
  9
$DIMJOGANG
 40
0.785398163397
  9
$DIMTFILL
 70
0
  9
$DIMTFILLCLR
 70
0
  9
$DIMARCSYM
 70
0
  9
$DIMLTYPE
  6

  9
$DIMLTEX1
  6

  9
$DIMLTEX2
  6

  9
$DIMTXTDIRECTION
 70
0
  9
$LUNITS
 70
2
  9
$LUPREC
 70
4
  9
$SKETCHINC
 40
1.0
  9
$FILLETRAD
 40
10.0
  9
$AUNITS
 70
0
  9
$AUPREC
 70
2
  9
$MENU
  1
.
  9
$ELEVATION
 40
0.0
  9
$PELEVATION
 40
0.0
  9
$THICKNESS
 40
0.0
  9
$LIMCHECK
 70
0
  9
$CHAMFERA
 40
0.0
  9
$CHAMFERB
 40
0.0
  9
$CHAMFERC
 40
0.0
  9
$CHAMFERD
 40
0.0
  9
$SKPOLY
 70
0
  9
$TDCREATE
 40
2461295.515428241
  9
$TDUCREATE
 40
2458532.153996898
  9
$TDUPDATE
 40
2461295.515428241
  9
$TDUUPDATE
 40
2458532.1544311
  9
$TDINDWG
 40
0.0
  9
$TDUSRTIMER
 40
0.0
  9
$USRTIMER
 70
1
  9
$ANGBASE
 50
0.0
  9
$ANGDIR
 70
0
  9
$PDMODE
 70
0
  9
$PDSIZE
 40
0.0
  9
$PLINEWID
 40
0.0
  9
$SPLFRAME
 70
0
  9
$SPLINETYPE
 70
6
  9
$SPLINESEGS
 70
8
  9
$HANDSEED
  5
902
  9
$SURFTAB1
 70
6
  9
$SURFTAB2
 70
6
  9
$SURFTYPE
 70
6
  9
$SURFU
 70
6
  9
$SURFV
 70
6
  9
$UCSBASE
  2

  9
$UCSNAME
  2

  9
$UCSORG
 10
0.0
 20
0.0
 30
0.0
  9
$UCSXDIR
 10
1.0
 20
0.0
 30
0.0
  9
$UCSYDIR
 10
0.0
 20
1.0
 30
0.0
  9
$UCSORTHOREF
  2

  9
$UCSORTHOVIEW
 70
0
  9
$UCSORGTOP
 10
0.0
 20
0.0
 30
0.0
  9
$UCSORGBOTTOM
 10
0.0
 20
0.0
 30
0.0
  9
$UCSORGLEFT
 10
0.0
 20
0.0
 30
0.0
  9
$UCSORGRIGHT
 10
0.0
 20
0.0
 30
0.0
  9
$UCSORGFRONT
 10
0.0
 20
0.0
 30
0.0
  9
$UCSORGBACK
 10
0.0
 20
0.0
 30
0.0
  9
$PUCSBASE
  2

  9
$PUCSNAME
  2

  9
$PUCSORG
 10
0.0
 20
0.0
 30
0.0
  9
$PUCSXDIR
 10
1.0
 20
0.0
 30
0.0
  9
$PUCSYDIR
 10
0.0
 20
1.0
 30
0.0
  9
$PUCSORTHOREF
  2

  9
$PUCSORTHOVIEW
 70
0
  9
$PUCSORGTOP
 10
0.0
 20
0.0
 30
0.0
  9
$PUCSORGBOTTOM
 10
0.0
 20
0.0
 30
0.0
  9
$PUCSORGLEFT
 10
0.0
 20
0.0
 30
0.0
  9
$PUCSORGRIGHT
 10
0.0
 20
0.0
 30
0.0
  9
$PUCSORGFRONT
 10
0.0
 20
0.0
 30
0.0
  9
$PUCSORGBACK
 10
0.0
 20
0.0
 30
0.0
  9
$USERI1
 70
0
  9
$USERI2
 70
0
  9
$USERI3
 70
0
  9
$USERI4
 70
0
  9
$USERI5
 70
0
  9
$USERR1
 40
0.0
  9
$USERR2
 40
0.0
  9
$USERR3
 40
0.0
  9
$USERR4
 40
0.0
  9
$USERR5
 40
0.0
  9
$WORLDVIEW
 70
1
  9
$SHADEDGE
 70
3
  9
$SHADEDIF
 70
70
  9
$TILEMODE
 70
1
  9
$MAXACTVP
 70
64
  9
$PINSBASE
 10
0.0
 20
0.0
 30
0.0
  9
$PLIMCHECK
 70
0
  9
$PEXTMIN
 10
1e+20
 20
1e+20
 30
1e+20
  9
$PEXTMAX
 10
-1e+20
 20
-1e+20
 30
-1e+20
  9
$PLIMMIN
 10
0.0
 20
0.0
  9
$PLIMMAX
 10
420.0
 20
297.0
  9
$UNITMODE
 70
0
  9
$VISRETAIN
 70
1
  9
$PLINEGEN
 70
0
  9
$PSLTSCALE
 70
1
  9
$TREEDEPTH
 70
3020
  9
$CMLSTYLE
  2
Standard
  9
$CMLJUST
 70
0
  9
$CMLSCALE
 40
20.0
  9
$PROXYGRAPHICS
 70
1
  9
$MEASUREMENT
 70
1
  9
$CELWEIGHT
370
-1
  9
$ENDCAPS
280
0
  9
$JOINSTYLE
280
0
  9
$LWDISPLAY
290
0
  9
$INSUNITS
 70
6
  9
$HYPERLINKBASE
  1

  9
$STYLESHEET
  1

  9
$XEDIT
290
1
  9
$CEPSNTYPE
380
0
  9
$PSTYLEMODE
290
1
  9
$FINGERPRINTGUID
  2
{8876F4A2-6534-47D9-B993-D610ED14385E}
  9
$VERSIONGUID
  2
{A41F758F-6729-4A02-B09A-607EB805AFB1}
  9
$EXTNAMES
290
1
  9
$PSVPSCALE
 40
0.0
  9
$OLESTARTUP
290
0
  9
$SORTENTS
280
127
  9
$INDEXCTL
280
0
  9
$HIDETEXT
280
1
  9
$XCLIPFRAME
280
1
  9
$HALOGAP
280
0
  9
$OBSCOLOR
 70
257
  9
$OBSLTYPE
280
0
  9
$INTERSECTIONDISPLAY
280
0
  9
$INTERSECTIONCOLOR
 70
257
  9
$DIMASSOC
280
2
  9
$PROJECTNAME
  1

  9
$CAMERADISPLAY
290
0
  9
$LENSLENGTH
 40
50.0
  9
$CAMERAHEIGHT
 40
0.0
  9
$STEPSPERSEC
 40
24.0
  9
$STEPSIZE
 40
100.0
  9
$3DDWFPREC
 40
2.0
  9
$PSOLWIDTH
 40
0.005
  9
$PSOLHEIGHT
 40
0.08
  9
$LOFTANG1
 40
1.570796326795
  9
$LOFTANG2
 40
1.570796326795
  9
$LOFTMAG1
 40
0.0
  9
$LOFTMAG2
 40
0.0
  9
$LOFTPARAM
 70
7
  9
$LOFTNORMALS
280
1
  9
$LATITUDE
 40
37.795
  9
$LONGITUDE
 40
-122.394
  9
$NORTHDIRECTION
 40
0.0
  9
$TIMEZONE
 70
-8000
  9
$LIGHTGLYPHDISPLAY
280
1
  9
$TILEMODELIGHTSYNCH
280
1
  9
$CMATERIAL
347
20
  9
$SOLIDHIST
280
0
  9
$SHOWHIST
280
1
  9
$DWFFRAME
280
2
  9
$DGNFRAME
280
2
  9
$REALWORLDSCALE
290
1
  9
$INTERFERECOLOR
 62
256
  9
$CSHADOW
280
0
  9
$SHADOWPLANELOCATION
 40
0.0
  0
ENDSEC
  0
SECTION
  2
CLASSES
  0
CLASS
  1
ACDBDICTIONARYWDFLT
  2
AcDbDictionaryWithDefault
  3
ObjectDBX Classes
 90
0
 91
0
280
0
281
0
  0
CLASS
  1
SUN
  2
AcDbSun
  3
SCENEOE
 90
1153
 91
0
280
0
281
0
  0
CLASS
  1
VISUALSTYLE
  2
AcDbVisualStyle
  3
ObjectDBX Classes
 90
4095
 91
0
280
0
281
0
  0
CLASS
  1
MATERIAL
  2
AcDbMaterial
  3
ObjectDBX Classes
 90
1153
 91
0
280
0
281
0
  0
CLASS
  1
SCALE
  2
AcDbScale
  3
ObjectDBX Classes
 90
1153
 91
0
280
0
281
0
  0
CLASS
  1
TABLESTYLE
  2
AcDbTableStyle
  3
ObjectDBX Classes
 90
4095
 91
0
280
0
281
0
  0
CLASS
  1
MLEADERSTYLE
  2
AcDbMLeaderStyle
  3
ACDB_MLEADERSTYLE_CLASS
 90
4095
 91
0
280
0
281
0
  0
CLASS
  1
DICTIONARYVAR
  2
AcDbDictionaryVar
  3
ObjectDBX Classes
 90
0
 91
0
280
0
281
0
  0
CLASS
  1
CELLSTYLEMAP
  2
AcDbCellStyleMap
  3
ObjectDBX Classes
 90
1152
 91
0
280
0
281
0
  0
CLASS
  1
MENTALRAYRENDERSETTINGS
  2
AcDbMentalRayRenderSettings
  3
SCENEOE
 90
1024
 91
0
280
0
281
0
  0
CLASS
  1
ACDBDETAILVIEWSTYLE
  2
AcDbDetailViewStyle
  3
ObjectDBX Classes
 90
1025
 91
0
280
0
281
0
  0
CLASS
  1
ACDBSECTIONVIEWSTYLE
  2
AcDbSectionViewStyle
  3
ObjectDBX Classes
 90
1025
 91
0
280
0
281
0
  0
CLASS
  1
RASTERVARIABLES
  2
AcDbRasterVariables
  3
ISM
 90
0
 91
0
280
0
281
0
  0
CLASS
  1
ACDBPLACEHOLDER
  2
AcDbPlaceHolder
  3
ObjectDBX Classes
 90
0
 91
0
280
0
281
0
  0
CLASS
  1
LAYOUT
  2
AcDbLayout
  3
ObjectDBX Classes
 90
0
 91
0
280
0
281
0
  0
ENDSEC
  0
SECTION
  2
TABLES
  0
TABLE
  2
VPORT
  5
8
330
0
100
AcDbSymbolTable
 70
1
  0
VPORT
  5
23
330
8
100
AcDbSymbolTableRecord
100
AcDbViewportTableRecord
  2
*Active
 70
0
 10
0.0
 20
0.0
 11
1.0
 21
1.0
 12
0.0
 22
0.0
 13
0.0
 23
0.0
 14
0.5
 24
0.5
 15
0.5
 25
0.5
 16
0.0
 26
0.0
 36
1.0
 17
0.0
 27
0.0
 37
0.0
 40
1000.0
 41
1.34
 42
50.0
 43
0.0
 44
0.0
 50
0.0
 51
0.0
 71
0
 72
1000
 73
1
 74
3
 75
0
 76
0
 77
0
 78
0
281
0
 65
0
146
0.0
  0
ENDTAB
  0
TABLE
  2
LTYPE
  5
2
330
0
100
AcDbSymbolTable
 70
21
  0
LTYPE
  5
24
330
2
100
AcDbSymbolTableRecord
100
AcDbLinetypeTableRecord
  2
ByBlock
 70
0
  3

 72
65
 73
0
 40
0.0
  0
LTYPE
  5
25
330
2
100
AcDbSymbolTableRecord
100
AcDbLinetypeTableRecord
  2
ByLayer
 70
0
  3

 72
65
 73
0
 40
0.0
  0
LTYPE
  5
26
330
2
100
AcDbSymbolTableRecord
100
AcDbLinetypeTableRecord
  2
Continuous
 70
0
  3

 72
65
 73
0
 40
0.0
  0
LTYPE
  5
2F
330
2
100
AcDbSymbolTableRecord
100
AcDbLinetypeTableRecord
  2
CENTER
 70
0
  3
Center ____ _ ____ _ ____ _ ____ _ ____ _ ____
 72
65
 73
4
 40
5.08
 49
3.175
 74
0
 49
-0.635
 74
0
 49
0.635
 74
0
 49
-0.635
 74
0
  0
LTYPE
  5
30
330
2
100
AcDbSymbolTableRecord
100
AcDbLinetypeTableRecord
  2
CENTERX2
 70
0
  3
Center (2x) ________  __  ________  __  ________
 72
65
 73
4
 40
8.89
 49
6.35
 74
0
 49
-0.635
 74
0
 49
1.27
 74
0
 49
-0.635
 74
0
  0
LTYPE
  5
31
330
2
100
AcDbSymbolTableRecord
100
AcDbLinetypeTableRecord
  2
CENTER2
 70
0
  3
Center (.5x) ____ _ ____ _ ____ _ ____ _ ____
 72
65
 73
4
 40
2.54
 49
1.587
 74
0
 49
-0.318
 74
0
 49
0.318
 74
0
 49
-0.318
 74
0
  0
LTYPE
  5
32
330
2
100
AcDbSymbolTableRecord
100
AcDbLinetypeTableRecord
  2
DASHED
 70
0
  3
Dashed __ __ __ __ __ __ __ __ __ __ __ __ __ _
 72
65
 73
2
 40
1.524
 49
1.27
 74
0
 49
-0.254
 74
0
  0
LTYPE
  5
33
330
2
100
AcDbSymbolTableRecord
100
AcDbLinetypeTableRecord
  2
DASHEDX2
 70
0
  3
Dashed (2x) ____  ____  ____  ____  ____  ____
 72
65
 73
2
 40
3.048
 49
2.54
 74
0
 49
-0.508
 74
0
  0
LTYPE
  5
34
330
2
100
AcDbSymbolTableRecord
100
AcDbLinetypeTableRecord
  2
DASHED2
 70
0
  3
Dashed (.5x) _ _ _ _ _ _ _ _ _ _ _ _ _ _
 72
65
 73
2
 40
0.762
 49
0.635
 74
0
 49
-0.127
 74
0
  0
LTYPE
  5
35
330
2
100
AcDbSymbolTableRecord
100
AcDbLinetypeTableRecord
  2
PHANTOM
 70
0
  3
Phantom ______  __  __  ______  __  __  ______
 72
65
 73
6
 40
6.35
 49
3.175
 74
0
 49
-0.635
 74
0
 49
0.635
 74
0
 49
-0.635
 74
0
 49
0.635
 74
0
 49
-0.635
 74
0
  0
LTYPE
  5
36
330
2
100
AcDbSymbolTableRecord
100
AcDbLinetypeTableRecord
  2
PHANTOMX2
 70
0
  3
Phantom (2x)____________    ____    ____    ____________
 72
65
 73
6
 40
10.795
 49
6.35
 74
0
 49
-0.635
 74
0
 49
1.27
 74
0
 49
-0.635
 74
0
 49
1.27
 74
0
 49
-0.635
 74
0
  0
LTYPE
  5
37
330
2
100
AcDbSymbolTableRecord
100
AcDbLinetypeTableRecord
  2
PHANTOM2
 70
0
  3
Phantom (.5x) ___ _ _ ___ _ _ ___ _ _ ___ _ _ ___
 72
65
 73
6
 40
3.175
 49
1.587
 74
0
 49
-0.318
 74
0
 49
0.318
 74
0
 49
-0.318
 74
0
 49
0.318
 74
0
 49
-0.318
 74
0
  0
LTYPE
  5
38
330
2
100
AcDbSymbolTableRecord
100
AcDbLinetypeTableRecord
  2
DASHDOT
 70
0
  3
Dash dot __ . __ . __ . __ . __ . __ . __ . __
 72
65
 73
4
 40
3.556
 49
2.54
 74
0
 49
-0.508
 74
0
 49
0.0
 74
0
 49
-0.508
 74
0
  0
LTYPE
  5
39
330
2
100
AcDbSymbolTableRecord
100
AcDbLinetypeTableRecord
  2
DASHDOTX2
 70
0
  3
Dash dot (2x) ____  .  ____  .  ____  .  ____
 72
65
 73
4
 40
6.096
 49
5.08
 74
0
 49
-0.508
 74
0
 49
0.0
 74
0
 49
-0.508
 74
0
  0
LTYPE
  5
3A
330
2
100
AcDbSymbolTableRecord
100
AcDbLinetypeTableRecord
  2
DASHDOT2
 70
0
  3
Dash dot (.5x) _ . _ . _ . _ . _ . _ . _ . _
 72
65
 73
4
 40
1.778
 49
1.27
 74
0
 49
-0.254
 74
0
 49
0.0
 74
0
 49
-0.254
 74
0
  0
LTYPE
  5
3B
330
2
100
AcDbSymbolTableRecord
100
AcDbLinetypeTableRecord
  2
DOT
 70
0
  3
Dot .  .  .  .  .  .  .  .  .  .  .  .  .  .  .  .
 72
65
 73
2
 40
0.508
 49
0.0
 74
0
 49
-0.508
 74
0
  0
LTYPE
  5
3C
330
2
100
AcDbSymbolTableRecord
100
AcDbLinetypeTableRecord
  2
DOTX2
 70
0
  3
Dot (2x) .    .    .    .    .    .    .    . 
 72
65
 73
2
 40
1.016
 49
0.0
 74
0
 49
-1.016
 74
0
  0
LTYPE
  5
3D
330
2
100
AcDbSymbolTableRecord
100
AcDbLinetypeTableRecord
  2
DOT2
 70
0
  3
Dot (.5) . . . . . . . . . . . . . . . . . . . 
 72
65
 73
2
 40
0.254
 49
0.0
 74
0
 49
-0.254
 74
0
  0
LTYPE
  5
3E
330
2
100
AcDbSymbolTableRecord
100
AcDbLinetypeTableRecord
  2
DIVIDE
 70
0
  3
Divide __ . . __ . . __ . . __ . . __ . . __
 72
65
 73
6
 40
4.064
 49
2.54
 74
0
 49
-0.508
 74
0
 49
0.0
 74
0
 49
-0.508
 74
0
 49
0.0
 74
0
 49
-0.508
 74
0
  0
LTYPE
  5
3F
330
2
100
AcDbSymbolTableRecord
100
AcDbLinetypeTableRecord
  2
DIVIDEX2
 70
0
  3
Divide (2x) ____  . .  ____  . .  ____  . .  ____
 72
65
 73
6
 40
6.604
 49
5.08
 74
0
 49
-0.508
 74
0
 49
0.0
 74
0
 49
-0.508
 74
0
 49
0.0
 74
0
 49
-0.508
 74
0
  0
LTYPE
  5
40
330
2
100
AcDbSymbolTableRecord
100
AcDbLinetypeTableRecord
  2
DIVIDE2
 70
0
  3
Divide(.5x) _ . _ . _ . _ . _ . _ . _ . _
 72
65
 73
6
 40
2.032
 49
1.27
 74
0
 49
-0.254
 74
0
 49
0.0
 74
0
 49
-0.254
 74
0
 49
0.0
 74
0
 49
-0.254
 74
0
  0
ENDTAB
  0
TABLE
  2
LAYER
  5
1
330
0
100
AcDbSymbolTable
 70
20
  0
LAYER
  5
27
330
1
100
AcDbSymbolTableRecord
100
AcDbLayerTableRecord
  2
0
 70
0
 62
7
  6
Continuous
370
-3
390
13
347
21
  0
LAYER
  5
28
330
1
100
AcDbSymbolTableRecord
100
AcDbLayerTableRecord
  2
Defpoints
 70
0
 62
7
  6
Continuous
290
0
370
-3
390
13
347
21
  0
LAYER
  5
8B
330
1
100
AcDbSymbolTableRecord
100
AcDbLayerTableRecord
  2
EB-KEY-BACKGROUND
 70
0
 62
7
420
16052973
  6
CONTINUOUS
370
0
390
13
347
21
  0
LAYER
  5
8C
330
1
100
AcDbSymbolTableRecord
100
AcDbLayerTableRecord
  2
EB-KEY-TEXT
 70
0
 62
7
420
1381653
  6
CONTINUOUS
370
13
390
13
347
21
  0
LAYER
  5
8D
330
1
100
AcDbSymbolTableRecord
100
AcDbLayerTableRecord
  2
EB-TITLE
 70
0
 62
7
420
1381653
  6
CONTINUOUS
370
25
390
13
347
21
  0
LAYER
  5
8F
330
1
100
AcDbSymbolTableRecord
100
AcDbLayerTableRecord
  2
EB-BASE-PARCELS
 70
0
 62
7
420
9080208
  6
CONTINUOUS
370
18
390
13
347
21
  0
LAYER
  5
569
330
1
100
AcDbSymbolTableRecord
100
AcDbLayerTableRecord
  2
EB-BASE-STRUCTURES
 70
0
 62
7
420
5132365
  6
CONTINUOUS
370
18
390
13
347
21
  0
LAYER
  5
6D8
330
1
100
AcDbSymbolTableRecord
100
AcDbLayerTableRecord
  2
EB-BASE-EASEMENTS
 70
0
 62
7
420
7438443
  6
CONTINUOUS
370
18
390
13
347
21
  0
LAYER
  5
715
330
1
100
AcDbSymbolTableRecord
100
AcDbLayerTableRecord
  2
EB-BASE-ENCROACHED
 70
0
 62
7
420
7494983
  6
CONTINUOUS
370
18
390
13
347
21
  0
LAYER
  5
72F
330
1
100
AcDbSymbolTableRecord
100
AcDbLayerTableRecord
  2
EB-BASE-DIVIDING
 70
0
 62
7
420
13155500
  6
CONTINUOUS
370
18
390
13
347
21
  0
LAYER
  5
76D
330
1
100
AcDbSymbolTableRecord
100
AcDbLayerTableRecord
  2
EB-BASE-SECTIONS
 70
0
 62
7
420
14604495
  6
CONTINUOUS
370
9
390
13
347
21
  0
LAYER
  5
79B
330
1
100
AcDbSymbolTableRecord
100
AcDbLayerTableRecord
  2
EB-BASE-SHEETS
 70
0
 62
7
420
14604495
  6
CONTINUOUS
370
9
390
13
347
21
  0
LAYER
  5
7B2
330
1
100
AcDbSymbolTableRecord
100
AcDbLayerTableRecord
  2
EB-BASE-CADASTRAL-AREA
 70
0
 62
7
420
9080208
  6
CONTINUOUS
370
9
390
13
347
21
  0
LAYER
  5
7B7
330
1
100
AcDbSymbolTableRecord
100
AcDbLayerTableRecord
  2
EB-BASE-PARCEL-NUMBERS
 70
0
 62
7
420
9080208
  6
CONTINUOUS
370
9
390
13
347
21
  0
LAYER
  5
8B1
330
1
100
AcDbSymbolTableRecord
100
AcDbLayerTableRecord
  2
EB-16-WIND-DEC-APR-SW-218
 70
0
 62
7
420
3753270
  6
CONTINUOUS
370
18
390
13
347
21
  0
LAYER
  5
8B6
330
1
100
AcDbSymbolTableRecord
100
AcDbLayerTableRecord
  2
EB-16-WIND-MAY-OCT-WSW-257
 70
0
 62
7
420
6451293
  6
CONTINUOUS
370
18
390
13
347
21
  0
LAYER
  5
8BB
330
1
100
AcDbSymbolTableRecord
100
AcDbLayerTableRecord
  2
EB-16-WIND-OCT-REVERSAL-NNW-337
 70
0
 62
7
420
11056034
  6
CONTINUOUS
370
18
390
13
347
21
  0
LAYER
  5
8C0
330
1
100
AcDbSymbolTableRecord
100
AcDbLayerTableRecord
  2
EB-16-WIND-CROSS-VENT
 70
0
 62
7
420
4872774
  6
CONTINUOUS
370
18
390
13
347
21
  0
LAYER
  5
8C2
330
1
100
AcDbSymbolTableRecord
100
AcDbLayerTableRecord
  2
EB-PLOT-OUTLINE
 70
0
 62
7
420
1381653
  6
CONTINUOUS
370
18
390
13
347
21
  0
LAYER
  5
8EC
330
1
100
AcDbSymbolTableRecord
100
AcDbLayerTableRecord
  2
EB-KEY-SCALE
 70
0
 62
7
420
1381653
  6
CONTINUOUS
370
25
390
13
347
21
  0
ENDTAB
  0
TABLE
  2
STYLE
  5
5
330
0
100
AcDbSymbolTable
 70
27
  0
STYLE
  5
29
330
5
100
AcDbSymbolTableRecord
100
AcDbTextStyleTableRecord
  2
Standard
 70
0
 40
0.0
 41
1.0
 50
0.0
 71
0
 42
2.5
  3
txt
  4

  0
STYLE
  5
41
330
5
100
AcDbSymbolTableRecord
100
AcDbTextStyleTableRecord
  2
OpenSans-Light
 70
0
 40
0.0
 41
1.0
 50
0.0
 71
0
 42
2.5
  3
OpenSans-Light.ttf
  4

  0
STYLE
  5
42
330
5
100
AcDbSymbolTableRecord
100
AcDbTextStyleTableRecord
  2
OpenSans-Light-Italic
 70
0
 40
0.0
 41
1.0
 50
0.0
 71
0
 42
2.5
  3
OpenSans-LightItalic.ttf
  4

  0
STYLE
  5
43
330
5
100
AcDbSymbolTableRecord
100
AcDbTextStyleTableRecord
  2
OpenSans
 70
0
 40
0.0
 41
1.0
 50
0.0
 71
0
 42
2.5
  3
OpenSans-Regular.ttf
  4

  0
STYLE
  5
44
330
5
100
AcDbSymbolTableRecord
100
AcDbTextStyleTableRecord
  2
OpenSans-Italic
 70
0
 40
0.0
 41
1.0
 50
0.0
 71
0
 42
2.5
  3
OpenSans-Italic.ttf
  4

  0
STYLE
  5
45
330
5
100
AcDbSymbolTableRecord
100
AcDbTextStyleTableRecord
  2
OpenSans-SemiBold
 70
0
 40
0.0
 41
1.0
 50
0.0
 71
0
 42
2.5
  3
OpenSans-SemiBold.ttf
  4

  0
STYLE
  5
46
330
5
100
AcDbSymbolTableRecord
100
AcDbTextStyleTableRecord
  2
OpenSans-SemiBoldItalic
 70
0
 40
0.0
 41
1.0
 50
0.0
 71
0
 42
2.5
  3
OpenSans-SemiBoldItalic.ttf
  4

  0
STYLE
  5
47
330
5
100
AcDbSymbolTableRecord
100
AcDbTextStyleTableRecord
  2
OpenSans-Bold
 70
0
 40
0.0
 41
1.0
 50
0.0
 71
0
 42
2.5
  3
OpenSans-Bold.ttf
  4

  0
STYLE
  5
48
330
5
100
AcDbSymbolTableRecord
100
AcDbTextStyleTableRecord
  2
OpenSans-BoldItalic
 70
0
 40
0.0
 41
1.0
 50
0.0
 71
0
 42
2.5
  3
OpenSans-BoldItalic.ttf
  4

  0
STYLE
  5
49
330
5
100
AcDbSymbolTableRecord
100
AcDbTextStyleTableRecord
  2
OpenSans-ExtraBold
 70
0
 40
0.0
 41
1.0
 50
0.0
 71
0
 42
2.5
  3
OpenSans-ExtraBold.ttf
  4

  0
STYLE
  5
4A
330
5
100
AcDbSymbolTableRecord
100
AcDbTextStyleTableRecord
  2
OpenSans-ExtraBoldItalic
 70
0
 40
0.0
 41
1.0
 50
0.0
 71
0
 42
2.5
  3
OpenSans-ExtraBoldItalic.ttf
  4

  0
STYLE
  5
4B
330
5
100
AcDbSymbolTableRecord
100
AcDbTextStyleTableRecord
  2
OpenSansCondensed-Bold
 70
0
 40
0.0
 41
1.0
 50
0.0
 71
0
 42
2.5
  3
OpenSansCondensed-Bold.ttf
  4

  0
STYLE
  5
4C
330
5
100
AcDbSymbolTableRecord
100
AcDbTextStyleTableRecord
  2
OpenSansCondensed-Light
 70
0
 40
0.0
 41
1.0
 50
0.0
 71
0
 42
2.5
  3
OpenSansCondensed-Light.ttf
  4

  0
STYLE
  5
4D
330
5
100
AcDbSymbolTableRecord
100
AcDbTextStyleTableRecord
  2
OpenSansCondensed-Italic
 70
0
 40
0.0
 41
1.0
 50
0.0
 71
0
 42
2.5
  3
OpenSansCondensed-LightItalic.ttf
  4

  0
STYLE
  5
4E
330
5
100
AcDbSymbolTableRecord
100
AcDbTextStyleTableRecord
  2
LiberationSans
 70
0
 40
0.0
 41
1.0
 50
0.0
 71
0
 42
2.5
  3
LiberationSans-Regular.ttf
  4

  0
STYLE
  5
4F
330
5
100
AcDbSymbolTableRecord
100
AcDbTextStyleTableRecord
  2
LiberationSans-Bold
 70
0
 40
0.0
 41
1.0
 50
0.0
 71
0
 42
2.5
  3
LiberationSans-Bold.ttf
  4

  0
STYLE
  5
50
330
5
100
AcDbSymbolTableRecord
100
AcDbTextStyleTableRecord
  2
LiberationSans-BoldItalic
 70
0
 40
0.0
 41
1.0
 50
0.0
 71
0
 42
2.5
  3
LiberationSans-BoldItalic.ttf
  4

  0
STYLE
  5
51
330
5
100
AcDbSymbolTableRecord
100
AcDbTextStyleTableRecord
  2
LiberationSans-Italic
 70
0
 40
0.0
 41
1.0
 50
0.0
 71
0
 42
2.5
  3
LiberationSans-Italic.ttf
  4

  0
STYLE
  5
52
330
5
100
AcDbSymbolTableRecord
100
AcDbTextStyleTableRecord
  2
LiberationSerif
 70
0
 40
0.0
 41
1.0
 50
0.0
 71
0
 42
2.5
  3
LiberationSerif-Regular.ttf
  4

  0
STYLE
  5
53
330
5
100
AcDbSymbolTableRecord
100
AcDbTextStyleTableRecord
  2
LiberationSerif-Bold
 70
0
 40
0.0
 41
1.0
 50
0.0
 71
0
 42
2.5
  3
LiberationSerif-Bold.ttf
  4

  0
STYLE
  5
54
330
5
100
AcDbSymbolTableRecord
100
AcDbTextStyleTableRecord
  2
LiberationSerif-BoldItalic
 70
0
 40
0.0
 41
1.0
 50
0.0
 71
0
 42
2.5
  3
LiberationSerif-BoldItalic.ttf
  4

  0
STYLE
  5
55
330
5
100
AcDbSymbolTableRecord
100
AcDbTextStyleTableRecord
  2
LiberationSerif-Italic
 70
0
 40
0.0
 41
1.0
 50
0.0
 71
0
 42
2.5
  3
LiberationSerif-Italic.ttf
  4

  0
STYLE
  5
56
330
5
100
AcDbSymbolTableRecord
100
AcDbTextStyleTableRecord
  2
LiberationMono
 70
0
 40
0.0
 41
1.0
 50
0.0
 71
0
 42
2.5
  3
LiberationMono-Regular.ttf
  4

  0
STYLE
  5
57
330
5
100
AcDbSymbolTableRecord
100
AcDbTextStyleTableRecord
  2
LiberationMono-Bold
 70
0
 40
0.0
 41
1.0
 50
0.0
 71
0
 42
2.5
  3
LiberationMono-Bold.ttf
  4

  0
STYLE
  5
58
330
5
100
AcDbSymbolTableRecord
100
AcDbTextStyleTableRecord
  2
LiberationMono-BoldItalic
 70
0
 40
0.0
 41
1.0
 50
0.0
 71
0
 42
2.5
  3
LiberationMono-BoldItalic.ttf
  4

  0
STYLE
  5
59
330
5
100
AcDbSymbolTableRecord
100
AcDbTextStyleTableRecord
  2
LiberationMono-Italic
 70
0
 40
0.0
 41
1.0
 50
0.0
 71
0
 42
2.5
  3
LiberationMono-Italic.ttf
  4

  0
STYLE
  5
8A
330
5
100
AcDbSymbolTableRecord
100
AcDbTextStyleTableRecord
  2
OD-INTER
 70
0
 40
0.0
 41
1.0
 50
0.0
 71
0
 42
2.5
  3
Inter.ttf
  4

  0
ENDTAB
  0
TABLE
  2
VIEW
  5
7
330
0
100
AcDbSymbolTable
 70
0
  0
ENDTAB
  0
TABLE
  2
UCS
  5
6
330
0
100
AcDbSymbolTable
 70
0
  0
ENDTAB
  0
TABLE
  2
APPID
  5
3
330
0
100
AcDbSymbolTable
 70
3
  0
APPID
  5
2A
330
3
100
AcDbSymbolTableRecord
100
AcDbRegAppTableRecord
  2
ACAD
 70
0
  0
APPID
  5
8FF
330
3
100
AcDbSymbolTableRecord
100
AcDbRegAppTableRecord
  2
HATCHBACKGROUNDCOLOR
 70
0
  0
APPID
  5
900
330
3
100
AcDbSymbolTableRecord
100
AcDbRegAppTableRecord
  2
EZDXF
 70
0
  0
ENDTAB
  0
TABLE
  2
DIMSTYLE
  5
4
330
0
100
AcDbSymbolTable
 70
12
100
AcDbDimStyleTable
  0
DIMSTYLE
105
2B
330
4
100
AcDbSymbolTableRecord
100
AcDbDimStyleTableRecord
  2
Standard
 70
0
 40
1.0
 41
2.5
 42
0.625
 43
3.75
 44
1.25
 45
0.0
 46
0.0
 47
0.0
 48
0.0
 49
2.5
140
2.5
141
2.5
142
0.0
143
0.03937007874
144
1.0
145
0.0
146
1.0
147
0.625
148
0.0
 69
0
 70
0
 71
0
 72
0
 73
0
 74
0
 75
0
 76
0
 77
1
 78
8
 79
3
170
0
171
3
172
1
173
0
174
0
175
0
176
0
177
0
178
0
179
2
271
2
272
2
273
2
274
3
275
0
276
0
277
2
278
44
279
0
280
0
281
0
282
0
283
0
284
8
285
0
286
0
288
0
289
3
290
0
371
-2
372
-2
  0
DIMSTYLE
105
73
330
4
100
AcDbSymbolTableRecord
100
AcDbDimStyleTableRecord
  2
EZDXF
 70
0
 40
1.0
 41
0.175
 42
0.125
 43
3.75
 44
0.375
 45
0.0
 46
0.0
 47
0.0
 48
0.0
 49
2.5
140
0.25
141
2.5
142
0.0
143
0.03937007874
144
100.0
145
0.0
146
0.5
147
0.1
148
0.0
 69
0
 70
0
 71
0
 72
0
 73
0
 74
0
 75
0
 76
0
 77
1
 78
12
 79
3
170
0
171
3
172
1
173
0
174
0
175
0
176
0
177
0
178
0
179
2
271
2
272
2
273
2
274
3
275
0
276
0
277
2
278
46
279
2
280
0
281
0
282
0
283
0
284
8
285
0
286
0
288
1
289
3
290
0
340
4C
342
74
371
-2
372
-2
  0
DIMSTYLE
105
7C
330
4
100
AcDbSymbolTableRecord
100
AcDbDimStyleTableRecord
  2
EZ_M_100_H25_CM
 70
0
 40
1.0
 41
0.25
 42
0.125
 43
3.75
 44
0.375
 45
0.0
 46
0.0
 47
0.0
 48
0.0
 49
2.5
140
0.25
141
2.5
142
0.125
143
0.03937007874
144
100.0
145
0.0
146
0.5
147
0.1
148
0.0
 69
0
 70
0
 71
0
 72
0
 73
0
 74
0
 75
0
 76
0
 77
1
 78
12
 79
3
170
0
171
3
172
1
173
0
174
0
175
0
176
0
177
0
178
0
179
2
271
2
272
2
273
2
274
3
275
0
276
0
277
2
278
46
279
2
280
0
281
0
282
0
283
0
284
8
285
0
286
0
288
1
289
3
290
0
340
4C
371
-2
372
-2
  0
DIMSTYLE
105
7D
330
4
100
AcDbSymbolTableRecord
100
AcDbDimStyleTableRecord
  2
EZ_M_50_H25_CM
 70
0
 40
1.0
 41
0.125
 42
0.0625
 43
3.75
 44
0.1875
 45
0.0
 46
0.0
 47
0.0
 48
0.0
 49
2.5
140
0.125
141
2.5
142
0.0625
143
0.03937007874
144
100.0
145
0.0
146
0.5
147
0.05
148
0.0
 69
0
 70
0
 71
0
 72
0
 73
0
 74
0
 75
0
 76
0
 77
1
 78
12
 79
3
170
0
171
3
172
1
173
0
174
0
175
0
176
0
177
0
178
0
179
2
271
2
272
2
273
2
274
3
275
0
276
0
277
2
278
46
279
2
280
0
281
0
282
0
283
0
284
8
285
0
286
0
288
1
289
3
290
0
340
4C
371
-2
372
-2
  0
DIMSTYLE
105
7E
330
4
100
AcDbSymbolTableRecord
100
AcDbDimStyleTableRecord
  2
EZ_M_25_H25_CM
 70
0
 40
1.0
 41
0.0625
 42
0.03125
 43
3.75
 44
0.09375
 45
0.0
 46
0.0
 47
0.0
 48
0.0
 49
2.5
140
0.0625
141
2.5
142
0.03125
143
0.03937007874
144
100.0
145
0.0
146
0.5
147
0.025
148
0.0
 69
0
 70
0
 71
0
 72
0
 73
0
 74
0
 75
0
 76
0
 77
1
 78
12
 79
3
170
0
171
3
172
1
173
0
174
0
175
0
176
0
177
0
178
0
179
2
271
2
272
2
273
2
274
3
275
0
276
0
277
2
278
46
279
2
280
0
281
0
282
0
283
0
284
8
285
0
286
0
288
1
289
3
290
0
340
4C
371
-2
372
-2
  0
DIMSTYLE
105
7F
330
4
100
AcDbSymbolTableRecord
100
AcDbDimStyleTableRecord
  2
EZ_M_20_H25_CM
 70
0
 40
1.0
 41
0.05
 42
0.025
 43
3.75
 44
0.07500000000000001
 45
0.0
 46
0.0
 47
0.0
 48
0.0
 49
2.5
140
0.05
141
2.5
142
0.025
143
0.03937007874
144
100.0
145
0.0
146
0.5
147
0.020000000000000004
148
0.0
 69
0
 70
0
 71
0
 72
0
 73
0
 74
0
 75
0
 76
0
 77
1
 78
12
 79
3
170
0
171
3
172
1
173
0
174
0
175
0
176
0
177
0
178
0
179
2
271
2
272
2
273
2
274
3
275
0
276
0
277
2
278
46
279
2
280
0
281
0
282
0
283
0
284
8
285
0
286
0
288
1
289
3
290
0
340
4C
371
-2
372
-2
  0
DIMSTYLE
105
80
330
4
100
AcDbSymbolTableRecord
100
AcDbDimStyleTableRecord
  2
EZ_M_10_H25_CM
 70
0
 40
1.0
 41
0.025
 42
0.0125
 43
3.75
 44
0.037500000000000006
 45
0.0
 46
0.0
 47
0.0
 48
0.0
 49
2.5
140
0.025
141
2.5
142
0.0125
143
0.03937007874
144
100.0
145
0.0
146
0.5
147
0.010000000000000002
148
0.0
 69
0
 70
0
 71
0
 72
0
 73
0
 74
0
 75
0
 76
0
 77
1
 78
12
 79
3
170
0
171
3
172
1
173
0
174
0
175
0
176
0
177
0
178
0
179
2
271
2
272
2
273
2
274
3
275
0
276
0
277
2
278
46
279
2
280
0
281
0
282
0
283
0
284
8
285
0
286
0
288
1
289
3
290
0
340
4C
371
-2
372
-2
  0
DIMSTYLE
105
81
330
4
100
AcDbSymbolTableRecord
100
AcDbDimStyleTableRecord
  2
EZ_M_5_H25_CM
 70
0
 40
1.0
 41
0.0125
 42
0.00625
 43
3.75
 44
0.018750000000000003
 45
0.0
 46
0.0
 47
0.0
 48
0.0
 49
2.5
140
0.0125
141
2.5
142
0.00625
143
0.03937007874
144
100.0
145
0.0
146
0.5
147
0.005000000000000001
148
0.0
 69
0
 70
0
 71
0
 72
0
 73
0
 74
0
 75
0
 76
0
 77
1
 78
12
 79
3
170
0
171
3
172
1
173
0
174
0
175
0
176
0
177
0
178
0
179
2
271
2
272
2
273
2
274
3
275
0
276
0
277
2
278
46
279
2
280
0
281
0
282
0
283
0
284
8
285
0
286
0
288
1
289
3
290
0
340
4C
371
-2
372
-2
  0
DIMSTYLE
105
82
330
4
100
AcDbSymbolTableRecord
100
AcDbDimStyleTableRecord
  2
EZ_M_1_H25_CM
 70
0
 40
1.0
 41
0.0025
 42
0.00125
 43
3.75
 44
0.00375
 45
0.0
 46
0.0
 47
0.0
 48
0.0
 49
2.5
140
0.0025
141
2.5
142
0.00125
143
0.03937007874
144
100.0
145
0.0
146
0.5
147
0.001
148
0.0
 69
0
 70
0
 71
0
 72
0
 73
0
 74
0
 75
0
 76
0
 77
1
 78
12
 79
3
170
0
171
3
172
1
173
0
174
0
175
0
176
0
177
0
178
0
179
2
271
2
272
2
273
2
274
3
275
0
276
0
277
2
278
46
279
2
280
0
281
0
282
0
283
0
284
8
285
0
286
0
288
1
289
3
290
0
340
4C
371
-2
372
-2
  0
DIMSTYLE
105
83
330
4
100
AcDbSymbolTableRecord
100
AcDbDimStyleTableRecord
  2
EZ_RADIUS
 70
0
 40
1.0
 41
0.25
 42
0.125
 43
3.75
 44
0.375
 45
0.0
 46
0.0
 47
0.0
 48
0.0
 49
2.5
140
0.25
141
0.0
142
0.0
143
0.03937007874
144
100.0
145
0.0
146
0.5
147
0.1
148
0.0
 69
0
 70
0
 71
0
 72
0
 73
0
 74
0
 75
0
 76
0
 77
1
 78
12
 79
3
170
0
171
3
172
0
173
0
174
0
175
0
176
0
177
0
178
0
179
2
271
2
272
2
273
2
274
3
275
0
276
0
277
2
278
46
279
1
280
0
281
0
282
0
283
0
284
8
285
0
286
0
288
1
289
3
290
0
340
4C
342
84
371
-2
372
-2
  0
DIMSTYLE
105
88
330
4
100
AcDbSymbolTableRecord
100
AcDbDimStyleTableRecord
  2
EZ_RADIUS_INSIDE
 70
0
 40
1.0
 41
0.25
 42
0.125
 43
3.75
 44
0.375
 45
0.0
 46
0.0
 47
0.0
 48
0.0
 49
2.5
140
0.25
141
0.0
142
0.0
143
0.03937007874
144
100.0
145
0.0
146
0.5
147
0.1
148
0.0
 69
0
 70
0
 71
0
 72
0
 73
0
 74
0
 75
0
 76
0
 77
0
 78
12
 79
3
170
0
171
3
172
0
173
0
174
1
175
0
176
0
177
0
178
0
179
2
271
2
272
2
273
2
274
3
275
0
276
0
277
2
278
46
279
0
280
0
281
0
282
0
283
0
284
8
285
0
286
0
288
1
289
0
290
0
340
4C
342
84
371
-2
372
-2
  0
DIMSTYLE
105
89
330
4
100
AcDbSymbolTableRecord
100
AcDbDimStyleTableRecord
  2
EZ_CURVED
 70
0
 40
1.0
 41
0.25
 42
0.125
 43
3.75
 44
0.375
 45
0.0
 46
0.0
 47
0.0
 48
0.0
 49
2.5
140
0.25
141
2.5
142
0.0
143
0.03937007874
144
100.0
145
0.0
146
0.5
147
0.1
148
0.0
 69
0
 70
0
 71
0
 72
0
 73
0
 74
0
 75
0
 76
0
 77
1
 78
12
 79
2
 90
2
170
0
171
3
172
1
173
0
174
0
175
0
176
0
177
0
178
0
179
2
271
2
272
2
273
2
274
3
275
0
276
0
277
2
278
46
279
2
280
0
281
0
282
0
283
0
284
8
285
0
286
0
288
1
289
3
290
0
340
4C
371
-2
372
-2
  0
ENDTAB
  0
TABLE
  2
BLOCK_RECORD
  5
9
330
0
100
AcDbSymbolTable
 70
5
  0
BLOCK_RECORD
  5
17
330
9
100
AcDbSymbolTableRecord
100
AcDbBlockTableRecord
  2
*Model_Space
340
1A
 70
0
280
1
281
0
  0
BLOCK_RECORD
  5
1B
330
9
100
AcDbSymbolTableRecord
100
AcDbBlockTableRecord
  2
*Paper_Space
340
1E
 70
0
280
1
281
0
  0
BLOCK_RECORD
  5
74
330
9
100
AcDbSymbolTableRecord
100
AcDbBlockTableRecord
  2
_ARCHTICK
340
0
 70
0
280
1
281
0
  0
BLOCK_RECORD
  5
78
330
9
100
AcDbSymbolTableRecord
100
AcDbBlockTableRecord
  2
_CLOSEDFILLED
340
0
 70
0
280
1
281
0
  0
BLOCK_RECORD
  5
84
330
9
100
AcDbSymbolTableRecord
100
AcDbBlockTableRecord
  2
_CLOSEDBLANK
340
0
 70
0
280
1
281
0
  0
ENDTAB
  0
ENDSEC
  0
SECTION
  2
BLOCKS
  0
BLOCK
  5
18
330
17
100
AcDbEntity
  8
0
100
AcDbBlockBegin
  2
*Model_Space
 70
0
 10
0.0
 20
0.0
 30
0.0
  3
*Model_Space
  1

  0
ENDBLK
  5
19
330
17
100
AcDbEntity
  8
0
100
AcDbBlockEnd
  0
BLOCK
  5
1C
330
1B
100
AcDbEntity
  8
0
100
AcDbBlockBegin
  2
*Paper_Space
 70
0
 10
0.0
 20
0.0
 30
0.0
  3
*Paper_Space
  1

  0
ENDBLK
  5
1D
330
1B
100
AcDbEntity
  8
0
100
AcDbBlockEnd
  0
BLOCK
  5
75
330
74
100
AcDbEntity
  8
0
100
AcDbBlockBegin
  2
_ARCHTICK
 70
0
 10
0.0
 20
0.0
 30
0.0
  3
_ARCHTICK
  1

  0
LWPOLYLINE
  5
77
330
74
100
AcDbEntity
  8
0
  6
BYBLOCK
 62
0
100
AcDbPolyline
 90
2
 70
0
 43
0.15
 10
-0.5
 20
-0.5
 10
0.5
 20
0.5
  0
ENDBLK
  5
76
330
74
100
AcDbEntity
  8
0
100
AcDbBlockEnd
  0
BLOCK
  5
79
330
78
100
AcDbEntity
  8
0
100
AcDbBlockBegin
  2
_CLOSEDFILLED
 70
0
 10
0.0
 20
0.0
 30
0.0
  3
_CLOSEDFILLED
  1

  0
SOLID
  5
7B
330
78
100
AcDbEntity
  8
0
  6
BYBLOCK
 62
0
100
AcDbTrace
 10
-1.0
 20
0.16439898372402537
 30
0.0
 11
0.0
 21
0.0
 31
0.0
 12
-1.0
 22
-0.16439898372402537
 32
0.0
 13
-1.0
 23
-0.16439898372402537
 33
0.0
  0
ENDBLK
  5
7A
330
78
100
AcDbEntity
  8
0
100
AcDbBlockEnd
  0
BLOCK
  5
85
330
84
100
AcDbEntity
  8
0
100
AcDbBlockBegin
  2
_CLOSEDBLANK
 70
0
 10
0.0
 20
0.0
 30
0.0
  3
_CLOSEDBLANK
  1

  0
LWPOLYLINE
  5
87
330
84
100
AcDbEntity
  8
0
  6
BYBLOCK
 62
0
100
AcDbPolyline
 90
3
 70
1
 10
-1.0
 20
0.16439898372402537
 10
0.0
 20
0.0
 10
-1.0
 20
-0.16439898372402537
  0
ENDBLK
  5
86
330
84
100
AcDbEntity
  8
0
100
AcDbBlockEnd
  0
ENDSEC
  0
SECTION
  2
ENTITIES
  0
MTEXT
  5
8E
330
17
100
AcDbEntity
  8
EB-TITLE
100
AcDbMText
 10
-334059.1115433436
 20
-27487.720176762505
 30
0.0
 40
3.5
 41
380.0
 71
1
  1
ARC 531-13   ENTERING BEIRUT   —   16  WIND AND AIR
  7
OD-INTER
 45
1.25
 90
1
 63
0
421
16052973
  0
LWPOLYLINE
  5
90
330
17
100
AcDbEntity
  8
EB-BASE-PARCELS
100
AcDbPolyline
 90
2
 70
0
 10
-333847.431
 20
-27576.26
 10
-333843.736
 20
-27564.597
  0
LWPOLYLINE
  5
91
330
17
100
AcDbEntity
  8
EB-BASE-PARCELS
100
AcDbPolyline
 90
2
 70
0
 10
-333847.6630000001
 20
-27581.034
 10
-333847.86
 20
-27585.104
  0
LWPOLYLINE
  5
92
330
17
100
AcDbEntity
  8
EB-BASE-PARCELS
100
AcDbPolyline
 90
2
 70
0
 10
-333848.0680000001
 20
-27589.387
 10
-333848.115
 20
-27590.35
  0
LWPOLYLINE
  5
93
330
17
100
AcDbEntity
  8
EB-BASE-PARCELS
100
AcDbPolyline
 90
2
 70
0
 10
-333848.115
 20
-27590.35
 10
-333848.4670000001
 20
-27596.338
  0
LWPOLYLINE
  5
94
330
17
100
AcDbEntity
  8
EB-BASE-PARCELS
100
AcDbPolyline
 90
2
 70
0
 10
-333848.864
 20
-27602.916
 10
-333848.9180000001
 20
-27603.813
  0
LWPOLYLINE
  5
95
330
17
100
AcDbEntity
  8
EB-BASE-PARCELS
100
AcDbPolyline
 90
5
 70
0
 10
-333848.9180000001
 20
-27603.813
 10
-333846.9430000001
 20
-27596.259
 10
-333842.3880000001
 20
-27578.257
 10
-333841.1950000001
 20
-27573.834
 10
-333843.736
 20
-27564.597
  0
LWPOLYLINE
  5
96
330
17
100
AcDbEntity
  8
EB-BASE-PARCELS
100
AcDbPolyline
 90
3
 70
0
 10
-333473.816
 20
-27721.662
 10
-333517.726
 20
-27702.093
 10
-333525.017
 20
-27698.783
  0
LWPOLYLINE
  5
97
330
17
100
AcDbEntity
  8
EB-BASE-PARCELS
100
AcDbPolyline
 90
3
 70
0
 10
-333578.5790000001
 20
-27679.456
 10
-333578.82
 20
-27678.041
 10
-333578.816
 20
-27672.678
  0
LWPOLYLINE
  5
98
330
17
100
AcDbEntity
  8
EB-BASE-PARCELS
100
AcDbPolyline
 90
9
 70
0
 10
-333525.017
 20
-27698.783
 10
-333544.458
 20
-27690.191
 10
-333555.0640000001
 20
-27685.524
 10
-333568.22
 20
-27679.716
 10
-333568.546
 20
-27679.572
 10
-333570.152
 20
-27679.081
 10
-333572.852
 20
-27678.726
 10
-333575.279
 20
-27678.726
 10
-333576.692
 20
-27679.007
  0
LWPOLYLINE
  5
99
330
17
100
AcDbEntity
  8
EB-BASE-PARCELS
100
AcDbPolyline
 90
2
 70
0
 10
-333578.816
 20
-27672.678
 10
-333578.8020000001
 20
-27656.449
  0
LWPOLYLINE
  5
9A
330
17
100
AcDbEntity
  8
EB-BASE-PARCELS
100
AcDbPolyline
 90
2
 70
0
 10
-333528.26
 20
-27989.506
 10
-333565.167
 20
-27969.617
  0
LWPOLYLINE
  5
9B
330
17
100
AcDbEntity
  8
EB-BASE-PARCELS
100
AcDbPolyline
 90
2
 70
0
 10
-333528.765
 20
-27990.433
 10
-333569.4940000001
 20
-27976.441
  0
LWPOLYLINE
  5
9C
330
17
100
AcDbEntity
  8
EB-BASE-PARCELS
100
AcDbPolyline
 90
2
 70
0
 10
-333528.445
 20
-27989.846
 10
-333528.26
 20
-27989.506
  0
LWPOLYLINE
  5
9D
330
17
100
AcDbEntity
  8
EB-BASE-PARCELS
100
AcDbPolyline
 90
2
 70
0
 10
-333565.167
 20
-27969.617
 10
-333569.4940000001
 20
-27976.441
  0
LWPOLYLINE
  5
9E
330
17
100
AcDbEntity
  8
EB-BASE-PARCELS
100
AcDbPolyline
 90
2
 70
0
 10
-333887.009
 20
-27514.854
 10
-333886.463
 20
-27512.967
  0
LWPOLYLINE
  5
9F
330
17
100
AcDbEntity
  8
EB-BASE-PARCELS
100
AcDbPolyline
 90
26
 70
0
 10
-333886.463
 20
-27512.967
 10
-333886.38
 20
-27512.719
 10
-333885.9020000001
 20
-27511.141
 10
-333885.2740000001
 20
-27508.862
 10
-333884.613
 20
-27506.66
 10
-333883.953
 20
-27504.458
 10
-333883.2930000001
 20
-27502.212
 10
-333882.8550000001
 20
-27500.722
 10
-333883.132
 20
-27500.544
 10
-333882.282
 20
-27499.098
 10
-333881.387
 20
-27497.619
 10
-333880.4930000001
 20
-27496.141
 10
-333879.599
 20
-27494.574
 10
-333878.6280000001
 20
-27492.962
 10
-333877.656
 20
-27491.326
 10
-333876.684
 20
-27489.68
 10
-333875.712
 20
-27488.001
 10
-333874.7280000001
 20
-27486.334
 10
-333873.744
 20
-27484.644
 10
-333872.76
 20
-27482.954
 10
-333871.7540000001
 20
-27481.286
 10
-333870.737
 20
-27479.562
 10
-333869.721
 20
-27477.772
 10
-333868.705
 20
-27476.071
 10
-333868.2220000001
 20
-27475.338
 10
-333867.9540000001
 20
-27475.007
  0
LWPOLYLINE
  5
A0
330
17
100
AcDbEntity
  8
EB-BASE-PARCELS
100
AcDbPolyline
 90
2
 70
0
 10
-333878.1200000001
 20
-27527.637
 10
-333876.0360000001
 20
-27524.751
  0
LWPOLYLINE
  5
A1
330
17
100
AcDbEntity
  8
EB-BASE-PARCELS
100
AcDbPolyline
 90
2
 70
0
 10
-333849.594
 20
-27537.579
 10
-333878.1200000001
 20
-27527.637
  0
LWPOLYLINE
  5
A2
330
17
100
AcDbEntity
  8
EB-BASE-PARCELS
100
AcDbPolyline
 90
2
 70
0
 10
-333788.778
 20
-27562.872
 10
-333788.496
 20
-27563.746
  0
LWPOLYLINE
  5
A3
330
17
100
AcDbEntity
  8
EB-BASE-PARCELS
100
AcDbPolyline
 90
4
 70
0
 10
-333961.641
 20
-27503.814
 10
-333950.8890000001
 20
-27508.566
 10
-333921.707
 20
-27521.654
 10
-333909.5320000001
 20
-27527.222
  0
LWPOLYLINE
  5
A4
330
17
100
AcDbEntity
  8
EB-BASE-PARCELS
100
AcDbPolyline
 90
16
 70
0
 10
-333909.5320000001
 20
-27527.222
 10
-333910.799
 20
-27527.222
 10
-333912.148
 20
-27527.573
 10
-333913.1180000001
 20
-27528.086
 10
-333914.116
 20
-27529.084
 10
-333914.7360000001
 20
-27530.002
 10
-333922.2990000001
 20
-27547.223
 10
-333932.235
 20
-27569.25
 10
-333944.1020000001
 20
-27595.995
 10
-333954.9880000001
 20
-27620.258
 10
-333955.284
 20
-27621.175
 10
-333955.284
 20
-27622.147
 10
-333955.069
 20
-27623.092
 10
-333954.691
 20
-27623.82
 10
-333954.233
 20
-27624.414
 10
-333952.911
 20
-27625.332
  0
LWPOLYLINE
  5
A5
330
17
100
AcDbEntity
  8
EB-BASE-PARCELS
100
AcDbPolyline
 90
17
 70
0
 10
-333952.911
 20
-27625.332
 10
-333966.758
 20
-27619.205
 10
-333983.8200000001
 20
-27611.547
 10
-333999.0510000001
 20
-27604.711
 10
-334003.474
 20
-27602.822
 10
-334004.768
 20
-27601.823
 10
-334005.7390000001
 20
-27600.608
 10
-334006.305
 20
-27599.259
 10
-334006.642
 20
-27598.071
 10
-334006.615
 20
-27596.236
 10
-334006.368
 20
-27594.8
 10
-334002.525
 20
-27584.355
 10
-333999.5550000001
 20
-27576.281
 10
-333993.1400000001
 20
-27558.555
 10
-333986.898
 20
-27541.523
 10
-333979.982
 20
-27522.736
 10
-333974.107
 20
-27506.675
  0
LWPOLYLINE
  5
A6
330
17
100
AcDbEntity
  8
EB-BASE-PARCELS
100
AcDbPolyline
 90
10
 70
0
 10
-333974.107
 20
-27506.675
 10
-333972.866
 20
-27505.326
 10
-333971.4370000001
 20
-27504.138
 10
-333970.251
 20
-27503.41
 10
-333969.01
 20
-27502.924
 10
-333967.473
 20
-27502.627
 10
-333965.855
 20
-27502.6
 10
-333964.425
 20
-27502.736
 10
-333963.104
 20
-27503.168
 10
-333961.641
 20
-27503.814
  0
LWPOLYLINE
  5
A7
330
17
100
AcDbEntity
  8
EB-BASE-PARCELS
100
AcDbPolyline
 90
6
 70
0
 10
-333976.0050000001
 20
-27485.441
 10
-333950.266
 20
-27496.718
 10
-333930.989
 20
-27504.909
 10
-333917.7810000001
 20
-27510.406
 10
-333899.8870000001
 20
-27516.944
 10
-333889.0190000001
 20
-27521.067
  0
LWPOLYLINE
  5
A8
330
17
100
AcDbEntity
  8
EB-BASE-PARCELS
100
AcDbPolyline
 90
2
 70
0
 10
-333887.009
 20
-27514.854
 10
-333889.0190000001
 20
-27521.067
  0
LWPOLYLINE
  5
A9
330
17
100
AcDbEntity
  8
EB-BASE-PARCELS
100
AcDbPolyline
 90
2
 70
0
 10
-333883.4430000001
 20
-27530.92
 10
-333881.9330000001
 20
-27523.754
  0
LWPOLYLINE
  5
AA
330
17
100
AcDbEntity
  8
EB-BASE-PARCELS
100
AcDbPolyline
 90
3
 70
0
 10
-333881.9330000001
 20
-27523.754
 10
-333884.861
 20
-27522.56
 10
-333889.0190000001
 20
-27521.067
  0
LWPOLYLINE
  5
AB
330
17
100
AcDbEntity
  8
EB-BASE-PARCELS
100
AcDbPolyline
 90
6
 70
0
 10
-333883.4430000001
 20
-27530.92
 10
-333905.5920000001
 20
-27521.649
 10
-333924.3290000001
 20
-27513.816
 10
-333949.2740000001
 20
-27503.435
 10
-333965.157
 20
-27496.86
 10
-333969.7690000001
 20
-27494.956
  0
LWPOLYLINE
  5
AC
330
17
100
AcDbEntity
  8
EB-BASE-PARCELS
100
AcDbPolyline
 90
2
 70
0
 10
-333883.218
 20
-27539.093
 10
-333909.5320000001
 20
-27527.222
  0
LWPOLYLINE
  5
AD
330
17
100
AcDbEntity
  8
EB-BASE-PARCELS
100
AcDbPolyline
 90
2
 70
0
 10
-333883.218
 20
-27539.093
 10
-333883.4430000001
 20
-27530.92
  0
LWPOLYLINE
  5
AE
330
17
100
AcDbEntity
  8
EB-BASE-PARCELS
100
AcDbPolyline
 90
2
 70
0
 10
-333969.7690000001
 20
-27494.956
 10
-333974.107
 20
-27506.675
  0
LWPOLYLINE
  5
AF
330
17
100
AcDbEntity
  8
EB-BASE-PARCELS
100
AcDbPolyline
 90
3
 70
0
 10
-333952.911
 20
-27625.332
 10
-333937.4970000001
 20
-27632.069
 10
-333905.033
 20
-27646.513
  0
LWPOLYLINE
  5
B0
330
17
100
AcDbEntity
  8
EB-BASE-PARCELS
100
AcDbPolyline
 90
2
 70
0
 10
-333905.033
 20
-27646.513
 10
-333889.241
 20
-27643.638
  0
LWPOLYLINE
  5
B1
330
17
100
AcDbEntity
  8
EB-BASE-PARCELS
100
AcDbPolyline
 90
8
 70
0
 10
-333889.241
 20
-27643.638
 10
-333888.44
 20
-27622.477
 10
-333887.0410000001
 20
-27603.964
 10
-333885.196
 20
-27584.142
 10
-333884.319
 20
-27574.624
 10
-333883.164
 20
-27556.821
 10
-333882.81
 20
-27550.028
 10
-333883.218
 20
-27539.093
  0
LWPOLYLINE
  5
B2
330
17
100
AcDbEntity
  8
EB-BASE-PARCELS
100
AcDbPolyline
 90
11
 70
0
 10
-334008.434
 20
-27613.464
 10
-334012.513
 20
-27611.764
 10
-334028.143
 20
-27605.237
 10
-334031.2090000001
 20
-27610.133
 10
-334035.55
 20
-27619.142
 10
-334041.0790000001
 20
-27633.188
 10
-334049.709
 20
-27654.649
 10
-334053.5190000001
 20
-27664.368
 10
-334058.162
 20
-27676.181
 10
-334061.369
 20
-27686.326
 10
-334063.0700000001
 20
-27691.825
  0
LWPOLYLINE
  5
B3
330
17
100
AcDbEntity
  8
EB-BASE-PARCELS
100
AcDbPolyline
 90
3
 70
0
 10
-334063.0700000001
 20
-27691.825
 10
-334054.582
 20
-27690.229
 10
-334049.5850000001
 20
-27689.981
  0
LWPOLYLINE
  5
B4
330
17
100
AcDbEntity
  8
EB-BASE-PARCELS
100
AcDbPolyline
 90
2
 70
0
 10
-333966.386
 20
-27656.35
 10
-333962.257
 20
-27632.725
  0
LWPOLYLINE
  5
B5
330
17
100
AcDbEntity
  8
EB-BASE-PARCELS
100
AcDbPolyline
 90
7
 70
0
 10
-334038.509
 20
-27688.632
 10
-334037.7470000001
 20
-27688.738
 10
-334034.3090000001
 20
-27688.419
 10
-334030.092
 20
-27687.674
 10
-334021.321
 20
-27685.048
 10
-334017.2980000001
 20
-27683.098
 10
-334010.865
 20
-27679.834
  0
LWPOLYLINE
  5
B6
330
17
100
AcDbEntity
  8
EB-BASE-PARCELS
100
AcDbPolyline
 90
3
 70
0
 10
-334010.865
 20
-27679.834
 10
-334002.1110000001
 20
-27675.366
 10
-333977.391
 20
-27663.34
  0
LWPOLYLINE
  5
B7
330
17
100
AcDbEntity
  8
EB-BASE-PARCELS
100
AcDbPolyline
 90
5
 70
0
 10
-333977.391
 20
-27663.34
 10
-333974.9100000001
 20
-27660.148
 10
-333968.938
 20
-27657.701
 10
-333966.457
 20
-27657.24
 10
-333966.386
 20
-27656.35
  0
LWPOLYLINE
  5
B8
330
17
100
AcDbEntity
  8
EB-BASE-PARCELS
100
AcDbPolyline
 90
3
 70
0
 10
-334038.509
 20
-27688.632
 10
-334040.955
 20
-27683.738
 10
-334045.6990000001
 20
-27682.708
  0
LWPOLYLINE
  5
B9
330
17
100
AcDbEntity
  8
EB-BASE-PARCELS
100
AcDbPolyline
 90
3
 70
0
 10
-334046.099
 20
-27682.621
 10
-334050.5950000001
 20
-27681.645
 10
-334049.5850000001
 20
-27689.981
  0
LWPOLYLINE
  5
BA
330
17
100
AcDbEntity
  8
EB-BASE-PARCELS
100
AcDbPolyline
 90
4
 70
0
 10
-333962.257
 20
-27632.725
 10
-333964.012
 20
-27632.052
 10
-333982.7250000001
 20
-27624.177
 10
-334008.158
 20
-27613.579
  0
LWPOLYLINE
  5
BB
330
17
100
AcDbEntity
  8
EB-BASE-PARCELS
100
AcDbPolyline
 90
2
 70
0
 10
-333980.527
 20
-27638.232
 10
-333988.869
 20
-27635.113
  0
LWPOLYLINE
  5
BC
330
17
100
AcDbEntity
  8
EB-BASE-PARCELS
100
AcDbPolyline
 90
5
 70
0
 10
-333988.869
 20
-27635.113
 10
-333991.8720000001
 20
-27645.843
 10
-333980.559
 20
-27649.868
 10
-333977.662
 20
-27639.338
 10
-333980.527
 20
-27638.232
  0
LWPOLYLINE
  5
BD
330
17
100
AcDbEntity
  8
EB-BASE-PARCELS
100
AcDbPolyline
 90
2
 70
0
 10
-333962.257
 20
-27632.725
 10
-333945.121
 20
-27639.997
  0
LWPOLYLINE
  5
BE
330
17
100
AcDbEntity
  8
EB-BASE-PARCELS
100
AcDbPolyline
 90
2
 70
0
 10
-333947.4430000001
 20
-27652.837
 10
-333966.386
 20
-27656.35
  0
LWPOLYLINE
  5
BF
330
17
100
AcDbEntity
  8
EB-BASE-PARCELS
100
AcDbPolyline
 90
2
 70
0
 10
-333945.121
 20
-27639.997
 10
-333947.4430000001
 20
-27652.837
  0
LWPOLYLINE
  5
C0
330
17
100
AcDbEntity
  8
EB-BASE-PARCELS
100
AcDbPolyline
 90
2
 70
0
 10
-333937.7070000001
 20
-27643.176
 10
-333922.865
 20
-27649.539
  0
LWPOLYLINE
  5
C1
330
17
100
AcDbEntity
  8
EB-BASE-PARCELS
100
AcDbPolyline
 90
2
 70
0
 10
-333945.121
 20
-27639.997
 10
-333939.6120000001
 20
-27642.359
  0
LWPOLYLINE
  5
C2
330
17
100
AcDbEntity
  8
EB-BASE-PARCELS
100
AcDbPolyline
 90
4
 70
0
 10
-333922.865
 20
-27649.539
 10
-333933.3730000001
 20
-27651.383
 10
-333947.5840000001
 20
-27653.866
 10
-333947.4430000001
 20
-27652.837
  0
LWPOLYLINE
  5
C3
330
17
100
AcDbEntity
  8
EB-BASE-PARCELS
100
AcDbPolyline
 90
3
 70
0
 10
-334049.5850000001
 20
-27689.981
 10
-334043.6840000001
 20
-27689.59
 10
-334038.509
 20
-27688.632
  0
LWPOLYLINE
  5
C4
330
17
100
AcDbEntity
  8
EB-BASE-PARCELS
100
AcDbPolyline
 90
4
 70
0
 10
-333882.505
 20
-27562.796
 10
-333881.507
 20
-27550.116
 10
-333879.122
 20
-27535.282
 10
-333878.1200000001
 20
-27527.637
  0
LWPOLYLINE
  5
C5
330
17
100
AcDbEntity
  8
EB-BASE-PARCELS
100
AcDbPolyline
 90
2
 70
0
 10
-333843.736
 20
-27564.597
 10
-333842.425
 20
-27560.683
  0
LWPOLYLINE
  5
C6
330
17
100
AcDbEntity
  8
EB-BASE-PARCELS
100
AcDbPolyline
 90
2
 70
0
 10
-333842.425
 20
-27560.683
 10
-333836.361
 20
-27542.365
  0
LWPOLYLINE
  5
C7
330
17
100
AcDbEntity
  8
EB-BASE-PARCELS
100
AcDbPolyline
 90
2
 70
0
 10
-333882.505
 20
-27562.796
 10
-333861.198
 20
-27570.957
  0
LWPOLYLINE
  5
C8
330
17
100
AcDbEntity
  8
EB-BASE-PARCELS
100
AcDbPolyline
 90
3
 70
0
 10
-333884.3230000001
 20
-27583.617
 10
-333883.7360000001
 20
-27577.433
 10
-333882.505
 20
-27562.796
  0
LWPOLYLINE
  5
C9
330
17
100
AcDbEntity
  8
EB-BASE-PARCELS
100
AcDbPolyline
 90
2
 70
0
 10
-333884.3230000001
 20
-27583.617
 10
-333872.612
 20
-27585.861
  0
LWPOLYLINE
  5
CA
330
17
100
AcDbEntity
  8
EB-BASE-PARCELS
100
AcDbPolyline
 90
2
 70
0
 10
-333862.5550000001
 20
-27587.788
 10
-333860.7630000001
 20
-27588.131
  0
LWPOLYLINE
  5
CB
330
17
100
AcDbEntity
  8
EB-BASE-PARCELS
100
AcDbPolyline
 90
2
 70
0
 10
-333848.115
 20
-27590.35
 10
-333860.7630000001
 20
-27588.131
  0
LWPOLYLINE
  5
CC
330
17
100
AcDbEntity
  8
EB-BASE-PARCELS
100
AcDbPolyline
 90
2
 70
0
 10
-333884.9060000001
 20
-27589.76
 10
-333884.3230000001
 20
-27583.617
  0
LWPOLYLINE
  5
CD
330
17
100
AcDbEntity
  8
EB-BASE-PARCELS
100
AcDbPolyline
 90
2
 70
0
 10
-333860.196
 20
-27594.252
 10
-333884.9060000001
 20
-27589.76
  0
LWPOLYLINE
  5
CE
330
17
100
AcDbEntity
  8
EB-BASE-PARCELS
100
AcDbPolyline
 90
2
 70
0
 10
-333862.281
 20
-27604.667
 10
-333862.364
 20
-27605.117
  0
LWPOLYLINE
  5
CF
330
17
100
AcDbEntity
  8
EB-BASE-PARCELS
100
AcDbPolyline
 90
2
 70
0
 10
-333863.423
 20
-27610.893
 10
-333863.532
 20
-27611.49
  0
LWPOLYLINE
  5
D0
330
17
100
AcDbEntity
  8
EB-BASE-PARCELS
100
AcDbPolyline
 90
3
 70
0
 10
-333886.942
 20
-27611.717
 10
-333885.359
 20
-27594.536
 10
-333884.9060000001
 20
-27589.76
  0
LWPOLYLINE
  5
D1
330
17
100
AcDbEntity
  8
EB-BASE-PARCELS
100
AcDbPolyline
 90
2
 70
0
 10
-333861.9710000001
 20
-27603.142
 10
-333862.281
 20
-27604.667
  0
LWPOLYLINE
  5
D2
330
17
100
AcDbEntity
  8
EB-BASE-PARCELS
100
AcDbPolyline
 90
2
 70
0
 10
-333863.532
 20
-27611.49
 10
-333875.542
 20
-27611.737
  0
LWPOLYLINE
  5
D3
330
17
100
AcDbEntity
  8
EB-BASE-PARCELS
100
AcDbPolyline
 90
2
 70
0
 10
-333879.9
 20
-27611.731
 10
-333886.942
 20
-27611.717
  0
LWPOLYLINE
  5
D4
330
17
100
AcDbEntity
  8
EB-BASE-PARCELS
100
AcDbPolyline
 90
3
 70
0
 10
-333851.218
 20
-27606.633
 10
-333849.192
 20
-27604.556
 10
-333848.9180000001
 20
-27603.813
  0
LWPOLYLINE
  5
D5
330
17
100
AcDbEntity
  8
EB-BASE-PARCELS
100
AcDbPolyline
 90
2
 70
0
 10
-333851.218
 20
-27606.633
 10
-333862.281
 20
-27604.667
  0
LWPOLYLINE
  5
D6
330
17
100
AcDbEntity
  8
EB-BASE-PARCELS
100
AcDbPolyline
 90
2
 70
0
 10
-333855.648
 20
-27611.42
 10
-333851.218
 20
-27606.633
  0
LWPOLYLINE
  5
D7
330
17
100
AcDbEntity
  8
EB-BASE-PARCELS
100
AcDbPolyline
 90
2
 70
0
 10
-333863.532
 20
-27611.49
 10
-333855.648
 20
-27611.42
  0
LWPOLYLINE
  5
D8
330
17
100
AcDbEntity
  8
EB-BASE-PARCELS
100
AcDbPolyline
 90
3
 70
0
 10
-333865.086
 20
-27623.304
 10
-333864.8120000001
 20
-27621.113
 10
-333855.648
 20
-27611.42
  0
LWPOLYLINE
  5
D9
330
17
100
AcDbEntity
  8
EB-BASE-PARCELS
100
AcDbPolyline
 90
4
 70
0
 10
-333887.64
 20
-27624.274
 10
-333887.549
 20
-27621.541
 10
-333887.431
 20
-27617.862
 10
-333886.942
 20
-27611.717
  0
LWPOLYLINE
  5
DA
330
17
100
AcDbEntity
  8
EB-BASE-PARCELS
100
AcDbPolyline
 90
2
 70
0
 10
-333875.116
 20
-27623.735
 10
-333865.086
 20
-27623.304
  0
LWPOLYLINE
  5
DB
330
17
100
AcDbEntity
  8
EB-BASE-PARCELS
100
AcDbPolyline
 90
2
 70
0
 10
-333887.64
 20
-27624.274
 10
-333880.104
 20
-27623.95
  0
LWPOLYLINE
  5
DC
330
17
100
AcDbEntity
  8
EB-BASE-PARCELS
100
AcDbPolyline
 90
3
 70
0
 10
-333888.082
 20
-27643.054
 10
-333887.881
 20
-27631.208
 10
-333887.64
 20
-27624.274
  0
LWPOLYLINE
  5
DD
330
17
100
AcDbEntity
  8
EB-BASE-PARCELS
100
AcDbPolyline
 90
2
 70
0
 10
-333866.628
 20
-27638.712
 10
-333865.086
 20
-27623.304
  0
LWPOLYLINE
  5
DE
330
17
100
AcDbEntity
  8
EB-BASE-PARCELS
100
AcDbPolyline
 90
2
 70
0
 10
-333860.804
 20
-27621.621
 10
-333860.2640000001
 20
-27621.592
  0
LWPOLYLINE
  5
DF
330
17
100
AcDbEntity
  8
EB-BASE-PARCELS
100
AcDbPolyline
 90
3
 70
0
 10
-333860.2640000001
 20
-27621.592
 10
-333849.565
 20
-27621.025
 10
-333851.6720000001
 20
-27636.414
  0
LWPOLYLINE
  5
E0
330
17
100
AcDbEntity
  8
EB-BASE-PARCELS
100
AcDbPolyline
 90
2
 70
0
 10
-333860.804
 20
-27621.621
 10
-333862.5190000001
 20
-27638.043
  0
LWPOLYLINE
  5
E1
330
17
100
AcDbEntity
  8
EB-BASE-PARCELS
100
AcDbPolyline
 90
2
 70
0
 10
-333851.6720000001
 20
-27636.414
 10
-333851.749
 20
-27636.974
  0
LWPOLYLINE
  5
E2
330
17
100
AcDbEntity
  8
EB-BASE-PARCELS
100
AcDbPolyline
 90
12
 70
0
 10
-333796.5
 20
-27601.619
 10
-333797.028
 20
-27604.163
 10
-333798.631
 20
-27610.386
 10
-333799.374
 20
-27612.069
 10
-333799.921
 20
-27613.048
 10
-333801.075
 20
-27614.535
 10
-333802.639
 20
-27615.514
 10
-333817.4590000001
 20
-27621.737
 10
-333832.278
 20
-27627.999
 10
-333845.827
 20
-27633.557
 10
-333850.6560000001
 20
-27635.631
 10
-333851.6720000001
 20
-27636.414
  0
LWPOLYLINE
  5
E3
330
17
100
AcDbEntity
  8
EB-BASE-PARCELS
100
AcDbPolyline
 90
4
 70
0
 10
-333841.899
 20
-27592.502
 10
-333845.516
 20
-27606.201
 10
-333852.5730000001
 20
-27613.324
 10
-333860.804
 20
-27621.621
  0
LWPOLYLINE
  5
E4
330
17
100
AcDbEntity
  8
EB-BASE-PARCELS
100
AcDbPolyline
 90
2
 70
0
 10
-333832.327
 20
-27594.484
 10
-333841.899
 20
-27592.502
  0
LWPOLYLINE
  5
E5
330
17
100
AcDbEntity
  8
EB-BASE-PARCELS
100
AcDbPolyline
 90
2
 70
0
 10
-333822.449
 20
-27596.529
 10
-333827.051
 20
-27595.576
  0
LWPOLYLINE
  5
E6
330
17
100
AcDbEntity
  8
EB-BASE-PARCELS
100
AcDbPolyline
 90
2
 70
0
 10
-333807.404
 20
-27599.48
 10
-333811.3830000001
 20
-27598.7
  0
LWPOLYLINE
  5
E7
330
17
100
AcDbEntity
  8
EB-BASE-PARCELS
100
AcDbPolyline
 90
2
 70
0
 10
-333811.3830000001
 20
-27598.7
 10
-333822.449
 20
-27596.529
  0
LWPOLYLINE
  5
E8
330
17
100
AcDbEntity
  8
EB-BASE-PARCELS
100
AcDbPolyline
 90
2
 70
0
 10
-333796.5
 20
-27601.619
 10
-333798.1550000001
 20
-27601.294
  0
LWPOLYLINE
  5
E9
330
17
100
AcDbEntity
  8
EB-BASE-PARCELS
100
AcDbPolyline
 90
2
 70
0
 10
-333798.1550000001
 20
-27601.294
 10
-333807.404
 20
-27599.48
  0
LWPOLYLINE
  5
EA
330
17
100
AcDbEntity
  8
EB-BASE-PARCELS
100
AcDbPolyline
 90
2
 70
0
 10
-333836.4820000001
 20
-27571.249
 10
-333842.425
 20
-27560.683
  0
LWPOLYLINE
  5
EB
330
17
100
AcDbEntity
  8
EB-BASE-PARCELS
100
AcDbPolyline
 90
3
 70
0
 10
-333836.4820000001
 20
-27571.249
 10
-333840.12
 20
-27585.535
 10
-333841.899
 20
-27592.502
  0
LWPOLYLINE
  5
EC
330
17
100
AcDbEntity
  8
EB-BASE-PARCELS
100
AcDbPolyline
 90
2
 70
0
 10
-333816.873
 20
-27575.358
 10
-333836.4820000001
 20
-27571.249
  0
LWPOLYLINE
  5
ED
330
17
100
AcDbEntity
  8
EB-BASE-PARCELS
100
AcDbPolyline
 90
2
 70
0
 10
-333820.77
 20
-27590.154
 10
-333822.449
 20
-27596.529
  0
LWPOLYLINE
  5
EE
330
17
100
AcDbEntity
  8
EB-BASE-PARCELS
100
AcDbPolyline
 90
2
 70
0
 10
-333816.873
 20
-27575.358
 10
-333818.545
 20
-27581.705
  0
LWPOLYLINE
  5
EF
330
17
100
AcDbEntity
  8
EB-BASE-PARCELS
100
AcDbPolyline
 90
2
 70
0
 10
-333819.322
 20
-27584.654
 10
-333819.915
 20
-27586.905
  0
LWPOLYLINE
  5
F0
330
17
100
AcDbEntity
  8
EB-BASE-PARCELS
100
AcDbPolyline
 90
3
 70
0
 10
-333791.886
 20
-27580.367
 10
-333794.936
 20
-27594.652
 10
-333796.5
 20
-27601.619
  0
LWPOLYLINE
  5
F1
330
17
100
AcDbEntity
  8
EB-BASE-PARCELS
100
AcDbPolyline
 90
3
 70
0
 10
-333807.058
 20
-27573.323
 10
-333808.0360000001
 20
-27577.158
 10
-333809.557
 20
-27576.848
  0
LWPOLYLINE
  5
F2
330
17
100
AcDbEntity
  8
EB-BASE-PARCELS
100
AcDbPolyline
 90
2
 70
0
 10
-333813.595
 20
-27576.026
 10
-333816.873
 20
-27575.358
  0
LWPOLYLINE
  5
F3
330
17
100
AcDbEntity
  8
EB-BASE-PARCELS
100
AcDbPolyline
 90
2
 70
0
 10
-333792.6110000001
 20
-27580.031
 10
-333791.886
 20
-27580.367
  0
LWPOLYLINE
  5
F4
330
17
100
AcDbEntity
  8
EB-BASE-PARCELS
100
AcDbPolyline
 90
2
 70
0
 10
-333807.058
 20
-27573.323
 10
-333800.757
 20
-27576.249
  0
LWPOLYLINE
  5
F5
330
17
100
AcDbEntity
  8
EB-BASE-PARCELS
100
AcDbPolyline
 90
2
 70
0
 10
-333802.7370000001
 20
-27557.276
 10
-333807.058
 20
-27573.323
  0
LWPOLYLINE
  5
F6
330
17
100
AcDbEntity
  8
EB-BASE-PARCELS
100
AcDbPolyline
 90
2
 70
0
 10
-333783.733
 20
-27558.724
 10
-333788.778
 20
-27562.872
  0
LWPOLYLINE
  5
F7
330
17
100
AcDbEntity
  8
EB-BASE-PARCELS
100
AcDbPolyline
 90
3
 70
0
 10
-333841.2440000001
 20
-27531.69
 10
-333840.945
 20
-27531.795
 10
-333831.715
 20
-27535.196
  0
LWPOLYLINE
  5
F8
330
17
100
AcDbEntity
  8
EB-BASE-PARCELS
100
AcDbPolyline
 90
6
 70
0
 10
-333831.715
 20
-27535.196
 10
-333821.9160000001
 20
-27538.88
 10
-333810.791
 20
-27544.556
 10
-333801.816
 20
-27549.016
 10
-333787.624
 20
-27556.611
 10
-333783.733
 20
-27558.724
  0
LWPOLYLINE
  5
F9
330
17
100
AcDbEntity
  8
EB-BASE-PARCELS
100
AcDbPolyline
 90
3
 70
0
 10
-333874.227
 20
-27520.262
 10
-333858.908
 20
-27525.511
 10
-333841.2440000001
 20
-27531.69
  0
LWPOLYLINE
  5
FA
330
17
100
AcDbEntity
  8
EB-BASE-PARCELS
100
AcDbPolyline
 90
2
 70
0
 10
-333874.227
 20
-27520.262
 10
-333876.0360000001
 20
-27524.751
  0
LWPOLYLINE
  5
FB
330
17
100
AcDbEntity
  8
EB-BASE-PARCELS
100
AcDbPolyline
 90
2
 70
0
 10
-333788.328
 20
-27564.32
 10
-333789.378
 20
-27569.056
  0
LWPOLYLINE
  5
FC
330
17
100
AcDbEntity
  8
EB-BASE-PARCELS
100
AcDbPolyline
 90
2
 70
0
 10
-333789.378
 20
-27569.056
 10
-333791.886
 20
-27580.367
  0
LWPOLYLINE
  5
FD
330
17
100
AcDbEntity
  8
EB-BASE-PARCELS
100
AcDbPolyline
 90
3
 70
0
 10
-333802.447
 20
-27658.637
 10
-333818.3750000001
 20
-27651.317
 10
-333823.28
 20
-27649.097
  0
LWPOLYLINE
  5
FE
330
17
100
AcDbEntity
  8
EB-BASE-PARCELS
100
AcDbPolyline
 90
3
 70
0
 10
-333719.587
 20
-27605.001
 10
-333721.463
 20
-27606.78
 10
-333723.333
 20
-27608.553
  0
LWPOLYLINE
  5
FF
330
17
100
AcDbEntity
  8
EB-BASE-PARCELS
100
AcDbPolyline
 90
6
 70
0
 10
-333823.28
 20
-27649.097
 10
-333823.2700000001
 20
-27648.798
 10
-333822.984
 20
-27648.318
 10
-333817.6280000001
 20
-27640.554
 10
-333809.2640000001
 20
-27628.429
 10
-333806.455
 20
-27624.323
  0
LWPOLYLINE
  5
100
330
17
100
AcDbEntity
  8
EB-BASE-PARCELS
100
AcDbPolyline
 90
4
 70
0
 10
-333801.979
 20
-27617.782
 10
-333801.445
 20
-27617.001
 10
-333799.6390000001
 20
-27615.802
 10
-333799.411
 20
-27615.513
  0
LWPOLYLINE
  5
101
330
17
100
AcDbEntity
  8
EB-BASE-PARCELS
100
AcDbPolyline
 90
2
 70
0
 10
-333806.455
 20
-27624.323
 10
-333801.979
 20
-27617.782
  0
LWPOLYLINE
  5
102
330
17
100
AcDbEntity
  8
EB-BASE-PARCELS
100
AcDbPolyline
 90
2
 70
0
 10
-333850.506
 20
-27638.03
 10
-333848.0280000001
 20
-27635.74
  0
LWPOLYLINE
  5
103
330
17
100
AcDbEntity
  8
EB-BASE-PARCELS
100
AcDbPolyline
 90
3
 70
0
 10
-333823.28
 20
-27649.097
 10
-333823.5920000001
 20
-27650.137
 10
-333824.566
 20
-27649.727
  0
LWPOLYLINE
  5
104
330
17
100
AcDbEntity
  8
EB-BASE-PARCELS
100
AcDbPolyline
 90
5
 70
0
 10
-333824.566
 20
-27649.727
 10
-333838.115
 20
-27644.032
 10
-333849.882
 20
-27639.002
 10
-333850.4370000001
 20
-27638.62
 10
-333850.506
 20
-27638.03
  0
LWPOLYLINE
  5
105
330
17
100
AcDbEntity
  8
EB-BASE-PARCELS
100
AcDbPolyline
 90
2
 70
0
 10
-333849.254
 20
-27665.226
 10
-333849.4830000001
 20
-27671.939
  0
LWPOLYLINE
  5
106
330
17
100
AcDbEntity
  8
EB-BASE-PARCELS
100
AcDbPolyline
 90
3
 70
0
 10
-333849.4830000001
 20
-27671.939
 10
-333848.66
 20
-27687.476
 10
-333845.152
 20
-27688.973
  0
LWPOLYLINE
  5
107
330
17
100
AcDbEntity
  8
EB-BASE-PARCELS
100
AcDbPolyline
 90
3
 70
0
 10
-333845.152
 20
-27688.973
 10
-333819.8190000001
 20
-27699.868
 10
-333803.721
 20
-27706.735
  0
LWPOLYLINE
  5
108
330
17
100
AcDbEntity
  8
EB-BASE-PARCELS
100
AcDbPolyline
 90
5
 70
0
 10
-333803.721
 20
-27706.735
 10
-333787.26
 20
-27713.792
 10
-333773.156
 20
-27719.815
 10
-333749.5850000001
 20
-27729.904
 10
-333748.683
 20
-27731.595
  0
LWPOLYLINE
  5
109
330
17
100
AcDbEntity
  8
EB-BASE-PARCELS
100
AcDbPolyline
 90
7
 70
0
 10
-333849.254
 20
-27665.226
 10
-333848.545
 20
-27651.991
 10
-333848.009
 20
-27643.513
 10
-333842.816
 20
-27646.122
 10
-333825.4350000001
 20
-27654.715
 10
-333816.448
 20
-27658.935
 10
-333813.311
 20
-27660.366
  0
LWPOLYLINE
  5
10A
330
17
100
AcDbEntity
  8
EB-BASE-PARCELS
100
AcDbPolyline
 90
3
 70
0
 10
-333813.311
 20
-27660.366
 10
-333804.3370000001
 20
-27664.459
 10
-333788.702
 20
-27671.495
  0
LWPOLYLINE
  5
10B
330
17
100
AcDbEntity
  8
EB-BASE-PARCELS
100
AcDbPolyline
 90
2
 70
0
 10
-333747.021
 20
-27724.736
 10
-333748.3260000001
 20
-27731.74
  0
LWPOLYLINE
  5
10C
330
17
100
AcDbEntity
  8
EB-BASE-PARCELS
100
AcDbPolyline
 90
13
 70
0
 10
-333748.662
 20
-27733.557
 10
-333749.9300000001
 20
-27740.492
 10
-333751.942
 20
-27750.427
 10
-333755.851
 20
-27761.475
 10
-333759.109
 20
-27770.605
 10
-333759.99
 20
-27772.101
 10
-333760.9870000001
 20
-27773.444
 10
-333762.558
 20
-27774.748
 10
-333763.746
 20
-27775.439
 10
-333765.318
 20
-27776.014
 10
-333766.697
 20
-27776.321
 10
-333768.1730000001
 20
-27776.398
 10
-333768.978
 20
-27776.36
  0
LWPOLYLINE
  5
10D
330
17
100
AcDbEntity
  8
EB-BASE-PARCELS
100
AcDbPolyline
 90
5
 70
0
 10
-333768.978
 20
-27776.36
 10
-333769.763
 20
-27776.206
 10
-333786.1670000001
 20
-27770.759
 10
-333804.832
 20
-27764.468
 10
-333820.929
 20
-27759.059
  0
LWPOLYLINE
  5
10E
330
17
100
AcDbEntity
  8
EB-BASE-PARCELS
100
AcDbPolyline
 90
2
 70
0
 10
-333820.929
 20
-27759.059
 10
-333848.199
 20
-27749.775
  0
LWPOLYLINE
  5
10F
330
17
100
AcDbEntity
  8
EB-BASE-PARCELS
100
AcDbPolyline
 90
13
 70
0
 10
-333848.199
 20
-27749.775
 10
-333849.636
 20
-27748.97
 10
-333851.208
 20
-27747.359
 10
-333852.2810000001
 20
-27745.671
 10
-333853.0470000001
 20
-27743.561
 10
-333853.469
 20
-27741.835
 10
-333851.208
 20
-27719.47
 10
-333849.3880000001
 20
-27700.827
 10
-333848.641
 20
-27693.308
 10
-333848.067
 20
-27691.927
 10
-333847.147
 20
-27690.47
 10
-333846.112
 20
-27689.549
 10
-333845.152
 20
-27688.973
  0
LWPOLYLINE
  5
110
330
17
100
AcDbEntity
  8
EB-BASE-PARCELS
100
AcDbPolyline
 90
4
 70
0
 10
-333876.683
 20
-27740.111
 10
-333858.8720000001
 20
-27736.63
 10
-333857.037
 20
-27733.286
 10
-333856.12
 20
-27726.572
  0
LWPOLYLINE
  5
111
330
17
100
AcDbEntity
  8
EB-BASE-PARCELS
100
AcDbPolyline
 90
2
 70
0
 10
-333856.12
 20
-27726.572
 10
-333855.7090000001
 20
-27722.406
  0
LWPOLYLINE
  5
112
330
17
100
AcDbEntity
  8
EB-BASE-PARCELS
100
AcDbPolyline
 90
4
 70
0
 10
-333885.6060000001
 20
-27663.204
 10
-333852.408
 20
-27676.119
 10
-333852.067
 20
-27687.794
 10
-333851.8480000001
 20
-27693.001
  0
LWPOLYLINE
  5
113
330
17
100
AcDbEntity
  8
EB-BASE-PARCELS
100
AcDbPolyline
 90
3
 70
0
 10
-333908.6490000001
 20
-27729.121
 10
-333902.1740000001
 20
-27731.423
 10
-333889.4890000001
 20
-27735.746
  0
LWPOLYLINE
  5
114
330
17
100
AcDbEntity
  8
EB-BASE-PARCELS
100
AcDbPolyline
 90
2
 70
0
 10
-333889.4890000001
 20
-27735.746
 10
-333876.683
 20
-27740.111
  0
LWPOLYLINE
  5
115
330
17
100
AcDbEntity
  8
EB-BASE-PARCELS
100
AcDbPolyline
 90
4
 70
0
 10
-333855.7090000001
 20
-27722.406
 10
-333854.668
 20
-27714.349
 10
-333852.587
 20
-27698.428
 10
-333851.8480000001
 20
-27693.001
  0
LWPOLYLINE
  5
116
330
17
100
AcDbEntity
  8
EB-BASE-PARCELS
100
AcDbPolyline
 90
2
 70
0
 10
-333903.6500000001
 20
-27714.817
 10
-333908.6490000001
 20
-27729.121
  0
LWPOLYLINE
  5
117
330
17
100
AcDbEntity
  8
EB-BASE-PARCELS
100
AcDbPolyline
 90
2
 70
0
 10
-333885.6060000001
 20
-27663.204
 10
-333886.0620000001
 20
-27664.544
  0
LWPOLYLINE
  5
118
330
17
100
AcDbEntity
  8
EB-BASE-PARCELS
100
AcDbPolyline
 90
6
 70
0
 10
-333885.375
 20
-27647.425
 10
-333860.157
 20
-27642.54600000001
 10
-333851.697
 20
-27642.382
 10
-333852.422
 20
-27663.347
 10
-333871.8350000001
 20
-27655.866
 10
-333890.2090000001
 20
-27648.802
  0
LWPOLYLINE
  5
119
330
17
100
AcDbEntity
  8
EB-BASE-PARCELS
100
AcDbPolyline
 90
2
 70
0
 10
-333885.375
 20
-27647.425
 10
-333890.2090000001
 20
-27648.802
  0
LWPOLYLINE
  5
11A
330
17
100
AcDbEntity
  8
EB-BASE-PARCELS
100
AcDbPolyline
 90
6
 70
0
 10
-333918.697
 20
-27653.619
 10
-333922.997
 20
-27654.086
 10
-333927.131
 20
-27654.36
 10
-333937.5080000001
 20
-27656.306
 10
-333951.3630000001
 20
-27658.937
 10
-333959.8780000001
 20
-27660.416
  0
LWPOLYLINE
  5
11B
330
17
100
AcDbEntity
  8
EB-BASE-PARCELS
100
AcDbPolyline
 90
3
 70
0
 10
-333968.201
 20
-27708.869
 10
-333949.294
 20
-27715.309
 10
-333938.6990000001
 20
-27718.872
  0
LWPOLYLINE
  5
11C
330
17
100
AcDbEntity
  8
EB-BASE-PARCELS
100
AcDbPolyline
 90
2
 70
0
 10
-333938.6990000001
 20
-27718.872
 10
-333934.3030000001
 20
-27704.53
  0
LWPOLYLINE
  5
11D
330
17
100
AcDbEntity
  8
EB-BASE-PARCELS
100
AcDbPolyline
 90
2
 70
0
 10
-333919.8990000001
 20
-27657.54
 10
-333918.697
 20
-27653.619
  0
LWPOLYLINE
  5
11E
330
17
100
AcDbEntity
  8
EB-BASE-PARCELS
100
AcDbPolyline
 90
4
 70
0
 10
-333912.304
 20
-27652.824
 10
-333910.338
 20
-27653.718
 10
-333896.5810000001
 20
-27658.981
 10
-333885.6060000001
 20
-27663.204
  0
LWPOLYLINE
  5
11F
330
17
100
AcDbEntity
  8
EB-BASE-PARCELS
100
AcDbPolyline
 90
2
 70
0
 10
-333912.304
 20
-27652.824
 10
-333918.697
 20
-27653.619
  0
LWPOLYLINE
  5
120
330
17
100
AcDbEntity
  8
EB-BASE-PARCELS
100
AcDbPolyline
 90
3
 70
0
 10
-333938.6990000001
 20
-27718.872
 10
-333922.6000000001
 20
-27724.435
 10
-333908.6490000001
 20
-27729.121
  0
LWPOLYLINE
  5
121
330
17
100
AcDbEntity
  8
EB-BASE-PARCELS
100
AcDbPolyline
 90
5
 70
0
 10
-333974.3070000001
 20
-27664.665
 10
-333977.7440000001
 20
-27666.583
 10
-333982.507
 20
-27668.913
 10
-333995.239
 20
-27675.518
 10
-333996.359
 20
-27676.106
  0
LWPOLYLINE
  5
122
330
17
100
AcDbEntity
  8
EB-BASE-PARCELS
100
AcDbPolyline
 90
2
 70
0
 10
-334001.0680000001
 20
-27678.578
 10
-334006.4650000001
 20
-27681.41
  0
LWPOLYLINE
  5
123
330
17
100
AcDbEntity
  8
EB-BASE-PARCELS
100
AcDbPolyline
 90
2
 70
0
 10
-334006.4650000001
 20
-27681.41
 10
-334006.997
 20
-27682.957
  0
LWPOLYLINE
  5
124
330
17
100
AcDbEntity
  8
EB-BASE-PARCELS
100
AcDbPolyline
 90
4
 70
0
 10
-333967.931
 20
-27662.297
 10
-333971.076
 20
-27663.267
 10
-333973.157
 20
-27663.953
 10
-333974.3070000001
 20
-27664.665
  0
LWPOLYLINE
  5
125
330
17
100
AcDbEntity
  8
EB-BASE-PARCELS
100
AcDbPolyline
 90
3
 70
0
 10
-334029.774
 20
-27747.891
 10
-334029.737
 20
-27747.781
 10
-334027.554
 20
-27741.226
  0
LWPOLYLINE
  5
126
330
17
100
AcDbEntity
  8
EB-BASE-PARCELS
100
AcDbPolyline
 90
10
 70
0
 10
-334059.674
 20
-27742.656
 10
-334057.7430000001
 20
-27740.855
 10
-334055.9170000001
 20
-27739.425
 10
-334053.853
 20
-27738.207
 10
-334051.697
 20
-27737.253
 10
-334048.999
 20
-27736.538
 10
-334046.855
 20
-27736.299
 10
-334043.932
 20
-27736.246
 10
-334041.0220000001
 20
-27736.67
 10
-334027.554
 20
-27741.226
  0
LWPOLYLINE
  5
127
330
17
100
AcDbEntity
  8
EB-BASE-PARCELS
100
AcDbPolyline
 90
2
 70
0
 10
-334035.1420000001
 20
-27764.112
 10
-334034.264
 20
-27761.375
  0
LWPOLYLINE
  5
128
330
17
100
AcDbEntity
  8
EB-BASE-PARCELS
100
AcDbPolyline
 90
2
 70
0
 10
-334035.1420000001
 20
-27764.112
 10
-334040.6010000001
 20
-27780.284
  0
LWPOLYLINE
  5
129
330
17
100
AcDbEntity
  8
EB-BASE-PARCELS
100
AcDbPolyline
 90
2
 70
0
 10
-334040.6010000001
 20
-27780.284
 10
-334070.5850000001
 20
-27770.025
  0
LWPOLYLINE
  5
12A
330
17
100
AcDbEntity
  8
EB-BASE-PARCELS
100
AcDbPolyline
 90
5
 70
0
 10
-334074.452
 20
-27790.178
 10
-334073.568
 20
-27790.952
 10
-334071.939
 20
-27791.92
 10
-334066.898
 20
-27793.496
 10
-334047.2720000001
 20
-27800.047
  0
LWPOLYLINE
  5
12B
330
17
100
AcDbEntity
  8
EB-BASE-PARCELS
100
AcDbPolyline
 90
2
 70
0
 10
-334040.6010000001
 20
-27780.284
 10
-334043.532
 20
-27788.966
  0
LWPOLYLINE
  5
12C
330
17
100
AcDbEntity
  8
EB-BASE-PARCELS
100
AcDbPolyline
 90
2
 70
0
 10
-333993.2630000001
 20
-27778.096
 10
-333999.146
 20
-27795.087
  0
LWPOLYLINE
  5
12D
330
17
100
AcDbEntity
  8
EB-BASE-PARCELS
100
AcDbPolyline
 90
2
 70
0
 10
-334025.168
 20
-27767.479
 10
-334035.1420000001
 20
-27764.112
  0
LWPOLYLINE
  5
12E
330
17
100
AcDbEntity
  8
EB-BASE-PARCELS
100
AcDbPolyline
 90
2
 70
0
 10
-334003.7100000001
 20
-27739.185
 10
-334007.1610000001
 20
-27749.147
  0
LWPOLYLINE
  5
12F
330
17
100
AcDbEntity
  8
EB-BASE-PARCELS
100
AcDbPolyline
 90
2
 70
0
 10
-334027.554
 20
-27741.226
 10
-334024.355
 20
-27732.049
  0
LWPOLYLINE
  5
130
330
17
100
AcDbEntity
  8
EB-BASE-PARCELS
100
AcDbPolyline
 90
2
 70
0
 10
-334024.355
 20
-27732.049
 10
-334003.7100000001
 20
-27739.185
  0
LWPOLYLINE
  5
131
330
17
100
AcDbEntity
  8
EB-BASE-PARCELS
100
AcDbPolyline
 90
3
 70
0
 10
-334003.7100000001
 20
-27739.185
 10
-333975.572
 20
-27748.782
 10
-333962.0760000001
 20
-27753.297
  0
LWPOLYLINE
  5
132
330
17
100
AcDbEntity
  8
EB-BASE-PARCELS
100
AcDbPolyline
 90
2
 70
0
 10
-333965.338
 20
-27762.925
 10
-333962.0760000001
 20
-27753.297
  0
LWPOLYLINE
  5
133
330
17
100
AcDbEntity
  8
EB-BASE-PARCELS
100
AcDbPolyline
 90
3
 70
0
 10
-334005.6880000001
 20
-27813.981
 10
-333993.6310000001
 20
-27817.963
 10
-333985.1170000001
 20
-27820.812
  0
LWPOLYLINE
  5
134
330
17
100
AcDbEntity
  8
EB-BASE-PARCELS
100
AcDbPolyline
 90
2
 70
0
 10
-333975.342
 20
-27792.535
 10
-333972.732
 20
-27784.779
  0
LWPOLYLINE
  5
135
330
17
100
AcDbEntity
  8
EB-BASE-PARCELS
100
AcDbPolyline
 90
2
 70
0
 10
-333984.349
 20
-27818.591
 10
-333985.1170000001
 20
-27820.812
  0
LWPOLYLINE
  5
136
330
17
100
AcDbEntity
  8
EB-BASE-PARCELS
100
AcDbPolyline
 90
2
 70
0
 10
-333975.342
 20
-27792.535
 10
-333978.615
 20
-27802.004
  0
LWPOLYLINE
  5
137
330
17
100
AcDbEntity
  8
EB-BASE-PARCELS
100
AcDbPolyline
 90
12
 70
0
 10
-333985.1170000001
 20
-27820.812
 10
-333909.943
 20
-27846.019
 10
-333908.809
 20
-27846.052
 10
-333907.1060000001
 20
-27845.938
 10
-333905.393
 20
-27845.329
 10
-333904.923
 20
-27845.108
 10
-333903.612
 20
-27844.195
 10
-333902.703
 20
-27843.348
 10
-333901.702
 20
-27842.046
 10
-333885.132
 20
-27801.633
 10
-333887.078
 20
-27801.052
 10
-333886.714
 20
-27800.002
  0
LWPOLYLINE
  5
138
330
17
100
AcDbEntity
  8
EB-BASE-PARCELS
100
AcDbPolyline
 90
3
 70
0
 10
-333923.301
 20
-27777.128
 10
-333933.337
 20
-27806.642
 10
-333954.2640000001
 20
-27799.614
  0
LWPOLYLINE
  5
139
330
17
100
AcDbEntity
  8
EB-BASE-PARCELS
100
AcDbPolyline
 90
2
 70
0
 10
-333954.2640000001
 20
-27799.614
 10
-333975.342
 20
-27792.535
  0
LWPOLYLINE
  5
13A
330
17
100
AcDbEntity
  8
EB-BASE-PARCELS
100
AcDbPolyline
 90
2
 70
0
 10
-333886.495
 20
-27799.371
 10
-333886.714
 20
-27800.002
  0
LWPOLYLINE
  5
13B
330
17
100
AcDbEntity
  8
EB-BASE-PARCELS
100
AcDbPolyline
 90
3
 70
0
 10
-333923.301
 20
-27777.128
 10
-333883.473
 20
-27790.656
 10
-333886.495
 20
-27799.371
  0
LWPOLYLINE
  5
13C
330
17
100
AcDbEntity
  8
EB-BASE-PARCELS
100
AcDbPolyline
 90
2
 70
0
 10
-333940.867
 20
-27760.514
 10
-333920.04
 20
-27767.611
  0
LWPOLYLINE
  5
13D
330
17
100
AcDbEntity
  8
EB-BASE-PARCELS
100
AcDbPolyline
 90
2
 70
0
 10
-333920.04
 20
-27767.611
 10
-333923.301
 20
-27777.128
  0
LWPOLYLINE
  5
13E
330
17
100
AcDbEntity
  8
EB-BASE-PARCELS
100
AcDbPolyline
 90
2
 70
0
 10
-333940.867
 20
-27760.514
 10
-333954.2640000001
 20
-27799.614
  0
LWPOLYLINE
  5
13F
330
17
100
AcDbEntity
  8
EB-BASE-PARCELS
100
AcDbPolyline
 90
2
 70
0
 10
-333940.867
 20
-27760.514
 10
-333962.0760000001
 20
-27753.297
  0
LWPOLYLINE
  5
140
330
17
100
AcDbEntity
  8
EB-BASE-PARCELS
100
AcDbPolyline
 90
2
 70
0
 10
-333812.811
 20
-27814.561
 10
-333845.26
 20
-27803.633
  0
LWPOLYLINE
  5
141
330
17
100
AcDbEntity
  8
EB-BASE-PARCELS
100
AcDbPolyline
 90
2
 70
0
 10
-333860.892
 20
-27848.733
 10
-333845.26
 20
-27803.633
  0
LWPOLYLINE
  5
142
330
17
100
AcDbEntity
  8
EB-BASE-PARCELS
100
AcDbPolyline
 90
2
 70
0
 10
-333812.811
 20
-27814.561
 10
-333829.29
 20
-27862.637
  0
LWPOLYLINE
  5
143
330
17
100
AcDbEntity
  8
EB-BASE-PARCELS
100
AcDbPolyline
 90
2
 70
0
 10
-333845.8120000001
 20
-27855.368
 10
-333829.29
 20
-27862.637
  0
LWPOLYLINE
  5
144
330
17
100
AcDbEntity
  8
EB-BASE-PARCELS
100
AcDbPolyline
 90
2
 70
0
 10
-333860.892
 20
-27848.733
 10
-333853.622
 20
-27851.931
  0
LWPOLYLINE
  5
145
330
17
100
AcDbEntity
  8
EB-BASE-PARCELS
100
AcDbPolyline
 90
2
 70
0
 10
-333891.6220000001
 20
-27835.239
 10
-333860.892
 20
-27848.733
  0
LWPOLYLINE
  5
146
330
17
100
AcDbEntity
  8
EB-BASE-PARCELS
100
AcDbPolyline
 90
2
 70
0
 10
-333845.26
 20
-27803.633
 10
-333874.147
 20
-27793.679
  0
LWPOLYLINE
  5
147
330
17
100
AcDbEntity
  8
EB-BASE-PARCELS
100
AcDbPolyline
 90
2
 70
0
 10
-333874.147
 20
-27793.679
 10
-333875.311
 20
-27796.41
  0
LWPOLYLINE
  5
148
330
17
100
AcDbEntity
  8
EB-BASE-PARCELS
100
AcDbPolyline
 90
4
 70
0
 10
-333875.311
 20
-27796.41
 10
-333878.324
 20
-27803.479
 10
-333887.5520000001
 20
-27825.541
 10
-333891.6220000001
 20
-27835.239
  0
LWPOLYLINE
  5
149
330
17
100
AcDbEntity
  8
EB-BASE-PARCELS
100
AcDbPolyline
 90
2
 70
0
 10
-333829.29
 20
-27862.637
 10
-333800.381
 20
-27875.412
  0
LWPOLYLINE
  5
14A
330
17
100
AcDbEntity
  8
EB-BASE-PARCELS
100
AcDbPolyline
 90
2
 70
0
 10
-333891.6220000001
 20
-27835.239
 10
-333902.793
 20
-27861.405
  0
LWPOLYLINE
  5
14B
330
17
100
AcDbEntity
  8
EB-BASE-PARCELS
100
AcDbPolyline
 90
4
 70
0
 10
-333806.3400000001
 20
-27903.275
 10
-333795.2470000001
 20
-27883.45
 10
-333792.7050000001
 20
-27878.819
 10
-333800.381
 20
-27875.412
  0
LWPOLYLINE
  5
14C
330
17
100
AcDbEntity
  8
EB-BASE-PARCELS
100
AcDbPolyline
 90
3
 70
0
 10
-333836.028
 20
-27890.457
 10
-333820.6560000001
 20
-27897.181
 10
-333817.2630000001
 20
-27898.68
  0
LWPOLYLINE
  5
14D
330
17
100
AcDbEntity
  8
EB-BASE-PARCELS
100
AcDbPolyline
 90
2
 70
0
 10
-333817.2630000001
 20
-27898.68
 10
-333813.691
 20
-27900.182
  0
LWPOLYLINE
  5
14E
330
17
100
AcDbEntity
  8
EB-BASE-PARCELS
100
AcDbPolyline
 90
2
 70
0
 10
-333810.681
 20
-27901.448
 10
-333806.3400000001
 20
-27903.275
  0
LWPOLYLINE
  5
14F
330
17
100
AcDbEntity
  8
EB-BASE-PARCELS
100
AcDbPolyline
 90
3
 70
0
 10
-333865.431
 20
-27877.717
 10
-333865.1820000001
 20
-27877.825
 10
-333839.648
 20
-27888.884
  0
LWPOLYLINE
  5
150
330
17
100
AcDbEntity
  8
EB-BASE-PARCELS
100
AcDbPolyline
 90
2
 70
0
 10
-333808.342
 20
-27906.781
 10
-333811.859
 20
-27912.117
  0
LWPOLYLINE
  5
151
330
17
100
AcDbEntity
  8
EB-BASE-PARCELS
100
AcDbPolyline
 90
2
 70
0
 10
-333819.582
 20
-27901.889
 10
-333808.342
 20
-27906.781
  0
LWPOLYLINE
  5
152
330
17
100
AcDbEntity
  8
EB-BASE-PARCELS
100
AcDbPolyline
 90
2
 70
0
 10
-333824.174
 20
-27904.104
 10
-333822.788
 20
-27901.984
  0
LWPOLYLINE
  5
153
330
17
100
AcDbEntity
  8
EB-BASE-PARCELS
100
AcDbPolyline
 90
2
 70
0
 10
-333822.7600000001
 20
-27913.502
 10
-333825.074
 20
-27912.494
  0
LWPOLYLINE
  5
154
330
17
100
AcDbEntity
  8
EB-BASE-PARCELS
100
AcDbPolyline
 90
2
 70
0
 10
-333821.705
 20
-27913.934
 10
-333822.7600000001
 20
-27913.502
  0
LWPOLYLINE
  5
155
330
17
100
AcDbEntity
  8
EB-BASE-PARCELS
100
AcDbPolyline
 90
2
 70
0
 10
-333815.4940000001
 20
-27916.478
 10
-333821.705
 20
-27913.934
  0
LWPOLYLINE
  5
156
330
17
100
AcDbEntity
  8
EB-BASE-PARCELS
100
AcDbPolyline
 90
2
 70
0
 10
-333866.044
 20
-27977.917
 10
-333863.1400000001
 20
-27973.583
  0
LWPOLYLINE
  5
157
330
17
100
AcDbEntity
  8
EB-BASE-PARCELS
100
AcDbPolyline
 90
2
 70
0
 10
-333915.785
 20
-27946.38
 10
-333903.11
 20
-27954.359
  0
LWPOLYLINE
  5
158
330
17
100
AcDbEntity
  8
EB-BASE-PARCELS
100
AcDbPolyline
 90
3
 70
0
 10
-333896.006
 20
-27958.81
 10
-333885.0460000001
 20
-27965.875
 10
-333881.542
 20
-27968.176
  0
LWPOLYLINE
  5
159
330
17
100
AcDbEntity
  8
EB-BASE-PARCELS
100
AcDbPolyline
 90
2
 70
0
 10
-333869.12
 20
-27976.037
 10
-333868.859
 20
-27976.203
  0
LWPOLYLINE
  5
15A
330
17
100
AcDbEntity
  8
EB-BASE-PARCELS
100
AcDbPolyline
 90
2
 70
0
 10
-333933.655
 20
-27935.069
 10
-333933.219
 20
-27935.345
  0
LWPOLYLINE
  5
15B
330
17
100
AcDbEntity
  8
EB-BASE-PARCELS
100
AcDbPolyline
 90
2
 70
0
 10
-333881.542
 20
-27968.176
 10
-333881.217
 20
-27968.382
  0
LWPOLYLINE
  5
15C
330
17
100
AcDbEntity
  8
EB-BASE-PARCELS
100
AcDbPolyline
 90
4
 70
0
 10
-333915.393
 20
-27891.469
 10
-333921.1630000001
 20
-27905.244
 10
-333930.719
 20
-27927.894
 10
-333933.655
 20
-27935.069
  0
LWPOLYLINE
  5
15D
330
17
100
AcDbEntity
  8
EB-BASE-PARCELS
100
AcDbPolyline
 90
6
 70
0
 10
-333933.655
 20
-27935.069
 10
-333937.9560000001
 20
-27932.404
 10
-333940.908
 20
-27943.439
 10
-333941.966
 20
-27947.607
 10
-333946.695
 20
-27961.035
 10
-333944.9920000001
 20
-27962.211
  0
LWPOLYLINE
  5
15E
330
17
100
AcDbEntity
  8
EB-BASE-PARCELS
100
AcDbPolyline
 90
2
 70
0
 10
-333932.16
 20
-27971.043
 10
-333919.766
 20
-27979.612
  0
LWPOLYLINE
  5
15F
330
17
100
AcDbEntity
  8
EB-BASE-PARCELS
100
AcDbPolyline
 90
2
 70
0
 10
-333919.766
 20
-27979.612
 10
-333918.5620000001
 20
-27977.81500000001
  0
LWPOLYLINE
  5
160
330
17
100
AcDbEntity
  8
EB-BASE-PARCELS
100
AcDbPolyline
 90
4
 70
0
 10
-333919.766
 20
-27979.612
 10
-333908.873
 20
-27987.285
 10
-333902.351
 20
-27991.689
 10
-333898.734
 20
-27994.138
  0
LWPOLYLINE
  5
161
330
17
100
AcDbEntity
  8
EB-BASE-PARCELS
100
AcDbPolyline
 90
2
 70
0
 10
-333881.79
 20
-27968.551
 10
-333881.542
 20
-27968.176
  0
LWPOLYLINE
  5
162
330
17
100
AcDbEntity
  8
EB-BASE-PARCELS
100
AcDbPolyline
 90
2
 70
0
 10
-333898.734
 20
-27994.138
 10
-333895.849
 20
-27989.782
  0
LWPOLYLINE
  5
163
330
17
100
AcDbEntity
  8
EB-BASE-PARCELS
100
AcDbPolyline
 90
2
 70
0
 10
-333898.734
 20
-27994.138
 10
-333898.2340000001
 20
-27994.466
  0
LWPOLYLINE
  5
164
330
17
100
AcDbEntity
  8
EB-BASE-PARCELS
100
AcDbPolyline
 90
2
 70
0
 10
-333963.468
 20
-27949.375
 10
-333956.433
 20
-27937.519
  0
LWPOLYLINE
  5
165
330
17
100
AcDbEntity
  8
EB-BASE-PARCELS
100
AcDbPolyline
 90
2
 70
0
 10
-333956.433
 20
-27937.519
 10
-333955.422
 20
-27935.815
  0
LWPOLYLINE
  5
166
330
17
100
AcDbEntity
  8
EB-BASE-PARCELS
100
AcDbPolyline
 90
2
 70
0
 10
-333963.0080000001
 20
-27949.702
 10
-333963.468
 20
-27949.375
  0
LWPOLYLINE
  5
167
330
17
100
AcDbEntity
  8
EB-BASE-PARCELS
100
AcDbPolyline
 90
3
 70
0
 10
-333944.864
 20
-27949.156
 10
-333945.624
 20
-27951.917
 10
-333945.7390000001
 20
-27952.188
  0
LWPOLYLINE
  5
168
330
17
100
AcDbEntity
  8
EB-BASE-PARCELS
100
AcDbPolyline
 90
2
 70
0
 10
-333963.468
 20
-27949.375
 10
-333964.311
 20
-27948.877
  0
LWPOLYLINE
  5
169
330
17
100
AcDbEntity
  8
EB-BASE-PARCELS
100
AcDbPolyline
 90
2
 70
0
 10
-333953.4610000001
 20
-27929.437
 10
-333959.755
 20
-27926.714
  0
LWPOLYLINE
  5
16A
330
17
100
AcDbEntity
  8
EB-BASE-PARCELS
100
AcDbPolyline
 90
2
 70
0
 10
-333959.755
 20
-27926.714
 10
-333960.824
 20
-27928.893
  0
LWPOLYLINE
  5
16B
330
17
100
AcDbEntity
  8
EB-BASE-PARCELS
100
AcDbPolyline
 90
2
 70
0
 10
-333960.824
 20
-27928.893
 10
-333961.777
 20
-27930.933
  0
LWPOLYLINE
  5
16C
330
17
100
AcDbEntity
  8
EB-BASE-PARCELS
100
AcDbPolyline
 90
2
 70
0
 10
-333960.824
 20
-27928.893
 10
-333972.654
 20
-27923.292
  0
LWPOLYLINE
  5
16D
330
17
100
AcDbEntity
  8
EB-BASE-PARCELS
100
AcDbPolyline
 90
2
 70
0
 10
-333973.4920000001
 20
-27925.0
 10
-333972.654
 20
-27923.292
  0
LWPOLYLINE
  5
16E
330
17
100
AcDbEntity
  8
EB-BASE-PARCELS
100
AcDbPolyline
 90
2
 70
0
 10
-333949.031
 20
-27916.564
 10
-333949.109
 20
-27914.114
  0
LWPOLYLINE
  5
16F
330
17
100
AcDbEntity
  8
EB-BASE-PARCELS
100
AcDbPolyline
 90
2
 70
0
 10
-333947.0300000001
 20
-27915.047
 10
-333935.929
 20
-27917.469
  0
LWPOLYLINE
  5
170
330
17
100
AcDbEntity
  8
EB-BASE-PARCELS
100
AcDbPolyline
 90
2
 70
0
 10
-333949.031
 20
-27916.564
 10
-333951.7160000001
 20
-27923.566
  0
LWPOLYLINE
  5
171
330
17
100
AcDbEntity
  8
EB-BASE-PARCELS
100
AcDbPolyline
 90
2
 70
0
 10
-333935.929
 20
-27917.469
 10
-333936.245
 20
-27918.349
  0
LWPOLYLINE
  5
172
330
17
100
AcDbEntity
  8
EB-BASE-PARCELS
100
AcDbPolyline
 90
2
 70
0
 10
-333939.243
 20
-27927.338
 10
-333939.2590000001
 20
-27927.961
  0
LWPOLYLINE
  5
173
330
17
100
AcDbEntity
  8
EB-BASE-PARCELS
100
AcDbPolyline
 90
3
 70
0
 10
-333937.212
 20
-27904.232
 10
-333931.3290000001
 20
-27906.853
 10
-333935.929
 20
-27917.469
  0
LWPOLYLINE
  5
174
330
17
100
AcDbEntity
  8
EB-BASE-PARCELS
100
AcDbPolyline
 90
2
 70
0
 10
-333938.3740000001
 20
-27903.67
 10
-333937.212
 20
-27904.232
  0
LWPOLYLINE
  5
175
330
17
100
AcDbEntity
  8
EB-BASE-PARCELS
100
AcDbPolyline
 90
2
 70
0
 10
-333944.088
 20
-27901.094
 10
-333943.052
 20
-27901.589
  0
LWPOLYLINE
  5
176
330
17
100
AcDbEntity
  8
EB-BASE-PARCELS
100
AcDbPolyline
 90
2
 70
0
 10
-333953.927
 20
-27914.192
 10
-333949.031
 20
-27916.564
  0
LWPOLYLINE
  5
177
330
17
100
AcDbEntity
  8
EB-BASE-PARCELS
100
AcDbPolyline
 90
2
 70
0
 10
-333954.528
 20
-27915.483
 10
-333953.927
 20
-27914.192
  0
LWPOLYLINE
  5
178
330
17
100
AcDbEntity
  8
EB-BASE-PARCELS
100
AcDbPolyline
 90
2
 70
0
 10
-333959.755
 20
-27926.714
 10
-333958.159
 20
-27923.286
  0
LWPOLYLINE
  5
179
330
17
100
AcDbEntity
  8
EB-BASE-PARCELS
100
AcDbPolyline
 90
2
 70
0
 10
-333972.654
 20
-27923.292
 10
-333972.071
 20
-27922.009
  0
LWPOLYLINE
  5
17A
330
17
100
AcDbEntity
  8
EB-BASE-PARCELS
100
AcDbPolyline
 90
2
 70
0
 10
-333965.854
 20
-27908.864
 10
-333953.927
 20
-27914.192
  0
LWPOLYLINE
  5
17B
330
17
100
AcDbEntity
  8
EB-BASE-PARCELS
100
AcDbPolyline
 90
3
 70
0
 10
-333972.071
 20
-27922.009
 10
-333970.308
 20
-27918.241
 10
-333970.1340000001
 20
-27917.87
  0
LWPOLYLINE
  5
17C
330
17
100
AcDbEntity
  8
EB-BASE-PARCELS
100
AcDbPolyline
 90
2
 70
0
 10
-333976.695
 20
-27901.63
 10
-333977.686
 20
-27903.419
  0
LWPOLYLINE
  5
17D
330
17
100
AcDbEntity
  8
EB-BASE-PARCELS
100
AcDbPolyline
 90
2
 70
0
 10
-333954.917
 20
-27911.663
 10
-333962.0470000001
 20
-27908.319
  0
LWPOLYLINE
  5
17E
330
17
100
AcDbEntity
  8
EB-BASE-PARCELS
100
AcDbPolyline
 90
2
 70
0
 10
-333953.327
 20
-27912.334
 10
-333954.917
 20
-27911.663
  0
LWPOLYLINE
  5
17F
330
17
100
AcDbEntity
  8
EB-BASE-PARCELS
100
AcDbPolyline
 90
2
 70
0
 10
-333954.917
 20
-27911.663
 10
-333952.043
 20
-27905.829
  0
LWPOLYLINE
  5
180
330
17
100
AcDbEntity
  8
EB-BASE-PARCELS
100
AcDbPolyline
 90
2
 70
0
 10
-333948.6600000001
 20
-27899.022
 10
-333944.088
 20
-27901.094
  0
LWPOLYLINE
  5
181
330
17
100
AcDbEntity
  8
EB-BASE-PARCELS
100
AcDbPolyline
 90
2
 70
0
 10
-333948.966
 20
-27899.566
 10
-333948.6600000001
 20
-27899.022
  0
LWPOLYLINE
  5
182
330
17
100
AcDbEntity
  8
EB-BASE-PARCELS
100
AcDbPolyline
 90
2
 70
0
 10
-333958.745
 20
-27902.174
 10
-333955.7940000001
 20
-27895.859
  0
LWPOLYLINE
  5
183
330
17
100
AcDbEntity
  8
EB-BASE-PARCELS
100
AcDbPolyline
 90
2
 70
0
 10
-333955.7940000001
 20
-27895.859
 10
-333948.6600000001
 20
-27899.022
  0
LWPOLYLINE
  5
184
330
17
100
AcDbEntity
  8
EB-BASE-PARCELS
100
AcDbPolyline
 90
2
 70
0
 10
-333964.1760000001
 20
-27892.164
 10
-333955.7940000001
 20
-27895.859
  0
LWPOLYLINE
  5
185
330
17
100
AcDbEntity
  8
EB-BASE-PARCELS
100
AcDbPolyline
 90
2
 70
0
 10
-333966.566
 20
-27891.101
 10
-333964.1760000001
 20
-27892.164
  0
LWPOLYLINE
  5
186
330
17
100
AcDbEntity
  8
EB-BASE-PARCELS
100
AcDbPolyline
 90
4
 70
0
 10
-333972.071
 20
-27922.009
 10
-333974.708
 20
-27920.74
 10
-333975.251
 20
-27920.479
 10
-333976.9110000001
 20
-27919.64
  0
LWPOLYLINE
  5
187
330
17
100
AcDbEntity
  8
EB-BASE-PARCELS
100
AcDbPolyline
 90
2
 70
0
 10
-333955.8890000001
 20
-27878.14
 10
-333952.274
 20
-27879.81
  0
LWPOLYLINE
  5
188
330
17
100
AcDbEntity
  8
EB-BASE-PARCELS
100
AcDbPolyline
 90
3
 70
0
 10
-333955.5580000001
 20
-27886.112
 10
-333959.127
 20
-27884.375
 10
-333959.3730000001
 20
-27884.255
  0
LWPOLYLINE
  5
189
330
17
100
AcDbEntity
  8
EB-BASE-PARCELS
100
AcDbPolyline
 90
2
 70
0
 10
-333942.3780000001
 20
-27899.644
 10
-333936.494
 20
-27902.264
  0
LWPOLYLINE
  5
18A
330
17
100
AcDbEntity
  8
EB-BASE-PARCELS
100
AcDbPolyline
 90
2
 70
0
 10
-333947.949
 20
-27897.249
 10
-333947.227
 20
-27897.528
  0
LWPOLYLINE
  5
18B
330
17
100
AcDbEntity
  8
EB-BASE-PARCELS
100
AcDbPolyline
 90
2
 70
0
 10
-333935.061
 20
-27895.286
 10
-333939.045
 20
-27893.345
  0
LWPOLYLINE
  5
18C
330
17
100
AcDbEntity
  8
EB-BASE-PARCELS
100
AcDbPolyline
 90
2
 70
0
 10
-333936.104
 20
-27901.284
 10
-333936.494
 20
-27902.264
  0
LWPOLYLINE
  5
18D
330
17
100
AcDbEntity
  8
EB-BASE-PARCELS
100
AcDbPolyline
 90
2
 70
0
 10
-333936.494
 20
-27902.264
 10
-333937.212
 20
-27904.232
  0
LWPOLYLINE
  5
18E
330
17
100
AcDbEntity
  8
EB-BASE-PARCELS
100
AcDbPolyline
 90
2
 70
0
 10
-333969.639
 20
-27887.328
 10
-333970.614
 20
-27889.3
  0
LWPOLYLINE
  5
18F
330
17
100
AcDbEntity
  8
EB-BASE-PARCELS
100
AcDbPolyline
 90
2
 70
0
 10
-333958.913
 20
-27892.237
 10
-333964.377
 20
-27889.783
  0
LWPOLYLINE
  5
190
330
17
100
AcDbEntity
  8
EB-BASE-PARCELS
100
AcDbPolyline
 90
2
 70
0
 10
-333936.142
 20
-27887.225
 10
-333932.0900000001
 20
-27888.969
  0
LWPOLYLINE
  5
191
330
17
100
AcDbEntity
  8
EB-BASE-PARCELS
100
AcDbPolyline
 90
2
 70
0
 10
-333929.505
 20
-27890.117
 10
-333923.981
 20
-27892.506
  0
LWPOLYLINE
  5
192
330
17
100
AcDbEntity
  8
EB-BASE-PARCELS
100
AcDbPolyline
 90
2
 70
0
 10
-333923.981
 20
-27892.506
 10
-333924.4890000001
 20
-27893.515
  0
LWPOLYLINE
  5
193
330
17
100
AcDbEntity
  8
EB-BASE-PARCELS
100
AcDbPolyline
 90
2
 70
0
 10
-333932.087
 20
-27904.376
 10
-333934.13
 20
-27903.397
  0
LWPOLYLINE
  5
194
330
17
100
AcDbEntity
  8
EB-BASE-PARCELS
100
AcDbPolyline
 90
2
 70
0
 10
-333935.599
 20
-27902.693
 10
-333936.494
 20
-27902.264
  0
LWPOLYLINE
  5
195
330
17
100
AcDbEntity
  8
EB-BASE-PARCELS
100
AcDbPolyline
 90
4
 70
0
 10
-333993.059
 20
-27895.455
 10
-333992.353
 20
-27893.671
 10
-333998.52
 20
-27889.506
 10
-334002.198
 20
-27897.116
  0
LWPOLYLINE
  5
196
330
17
100
AcDbEntity
  8
EB-BASE-PARCELS
100
AcDbPolyline
 90
2
 70
0
 10
-333998.5560000001
 20
-27906.761
 10
-333993.059
 20
-27895.455
  0
LWPOLYLINE
  5
197
330
17
100
AcDbEntity
  8
EB-BASE-PARCELS
100
AcDbPolyline
 90
3
 70
0
 10
-334008.442
 20
-27909.911
 10
-334002.927
 20
-27898.728
 10
-334002.198
 20
-27897.116
  0
LWPOLYLINE
  5
198
330
17
100
AcDbEntity
  8
EB-BASE-PARCELS
100
AcDbPolyline
 90
2
 70
0
 10
-333989.315
 20
-27897.368
 10
-333993.059
 20
-27895.455
  0
LWPOLYLINE
  5
199
330
17
100
AcDbEntity
  8
EB-BASE-PARCELS
100
AcDbPolyline
 90
2
 70
0
 10
-333982.458
 20
-27900.761
 10
-333981.5470000001
 20
-27898.869
  0
LWPOLYLINE
  5
19A
330
17
100
AcDbEntity
  8
EB-BASE-PARCELS
100
AcDbPolyline
 90
3
 70
0
 10
-333988.4770000001
 20
-27891.459
 10
-333990.11
 20
-27894.513
 10
-333988.525
 20
-27895.504
  0
LWPOLYLINE
  5
19B
330
17
100
AcDbEntity
  8
EB-BASE-PARCELS
100
AcDbPolyline
 90
2
 70
0
 10
-333988.525
 20
-27895.504
 10
-333989.315
 20
-27897.368
  0
LWPOLYLINE
  5
19C
330
17
100
AcDbEntity
  8
EB-BASE-PARCELS
100
AcDbPolyline
 90
2
 70
0
 10
-333968.204
 20
-27872.201
 10
-333966.824
 20
-27868.727
  0
LWPOLYLINE
  5
19D
330
17
100
AcDbEntity
  8
EB-BASE-PARCELS
100
AcDbPolyline
 90
2
 70
0
 10
-333992.392
 20
-27856.554
 10
-333991.246
 20
-27851.615
  0
LWPOLYLINE
  5
19E
330
17
100
AcDbEntity
  8
EB-BASE-PARCELS
100
AcDbPolyline
 90
3
 70
0
 10
-333977.22
 20
-27868.235
 10
-333985.8990000001
 20
-27864.464
 10
-333992.392
 20
-27856.554
  0
LWPOLYLINE
  5
19F
330
17
100
AcDbEntity
  8
EB-BASE-PARCELS
100
AcDbPolyline
 90
2
 70
0
 10
-333991.246
 20
-27851.615
 10
-333987.251
 20
-27856.327
  0
LWPOLYLINE
  5
1A0
330
17
100
AcDbEntity
  8
EB-BASE-PARCELS
100
AcDbPolyline
 90
4
 70
0
 10
-333986.806
 20
-27856.851
 10
-333983.336
 20
-27861.099
 10
-333974.188
 20
-27865.344
 10
-333966.824
 20
-27868.727
  0
LWPOLYLINE
  5
1A1
330
17
100
AcDbEntity
  8
EB-BASE-PARCELS
100
AcDbPolyline
 90
6
 70
0
 10
-333986.866
 20
-27832.131
 10
-333905.723
 20
-27855.79
 10
-333908.843
 20
-27862.012
 10
-333913.387
 20
-27871.136
 10
-333918.7600000001
 20
-27881.945
 10
-333923.981
 20
-27892.506
  0
LWPOLYLINE
  5
1A2
330
17
100
AcDbEntity
  8
EB-BASE-PARCELS
100
AcDbPolyline
 90
2
 70
0
 10
-333966.824
 20
-27868.727
 10
-333964.6870000001
 20
-27863.321
  0
LWPOLYLINE
  5
1A3
330
17
100
AcDbEntity
  8
EB-BASE-PARCELS
100
AcDbPolyline
 90
3
 70
0
 10
-333964.6870000001
 20
-27863.321
 10
-333958.762
 20
-27865.926
 10
-333963.134
 20
-27874.793
  0
LWPOLYLINE
  5
1A4
330
17
100
AcDbEntity
  8
EB-BASE-PARCELS
100
AcDbPolyline
 90
3
 70
0
 10
-333991.246
 20
-27851.615
 10
-333987.788
 20
-27835.902
 10
-333986.866
 20
-27832.131
  0
LWPOLYLINE
  5
1A5
330
17
100
AcDbEntity
  8
EB-BASE-PARCELS
100
AcDbPolyline
 90
3
 70
0
 10
-334008.654
 20
-27823.7
 10
-334002.8290000001
 20
-27825.733
 10
-333999.0
 20
-27827.132
  0
LWPOLYLINE
  5
1A6
330
17
100
AcDbEntity
  8
EB-BASE-PARCELS
100
AcDbPolyline
 90
2
 70
0
 10
-333987.284
 20
-27832.007
 10
-333986.866
 20
-27832.131
  0
LWPOLYLINE
  5
1A7
330
17
100
AcDbEntity
  8
EB-BASE-PARCELS
100
AcDbPolyline
 90
4
 70
0
 10
-334008.654
 20
-27823.7
 10
-334009.0030000001
 20
-27825.402
 10
-334011.955
 20
-27843.642
 10
-334013.063
 20
-27850.604
  0
LWPOLYLINE
  5
1A8
330
17
100
AcDbEntity
  8
EB-BASE-PARCELS
100
AcDbPolyline
 90
2
 70
0
 10
-333999.602
 20
-27854.479
 10
-333992.392
 20
-27856.554
  0
LWPOLYLINE
  5
1A9
330
17
100
AcDbEntity
  8
EB-BASE-PARCELS
100
AcDbPolyline
 90
2
 70
0
 10
-334002.198
 20
-27897.116
 10
-334022.506
 20
-27884.847
  0
LWPOLYLINE
  5
1AA
330
17
100
AcDbEntity
  8
EB-BASE-PARCELS
100
AcDbPolyline
 90
2
 70
0
 10
-334020.7810000001
 20
-27909.866
 10
-334023.0050000001
 20
-27908.401
  0
LWPOLYLINE
  5
1AB
330
17
100
AcDbEntity
  8
EB-BASE-PARCELS
100
AcDbPolyline
 90
2
 70
0
 10
-334011.5150000001
 20
-27916.142
 10
-334011.847
 20
-27915.917
  0
LWPOLYLINE
  5
1AC
330
17
100
AcDbEntity
  8
EB-BASE-PARCELS
100
AcDbPolyline
 90
2
 70
0
 10
-334022.506
 20
-27884.847
 10
-334031.152
 20
-27898.074
  0
LWPOLYLINE
  5
1AD
330
17
100
AcDbEntity
  8
EB-BASE-PARCELS
100
AcDbPolyline
 90
5
 70
0
 10
-334046.604
 20
-27855.617
 10
-334046.333
 20
-27855.156
 10
-334037.335
 20
-27860.574
 10
-334022.547
 20
-27869.484
 10
-334029.1500000001
 20
-27880.887
  0
LWPOLYLINE
  5
1AE
330
17
100
AcDbEntity
  8
EB-BASE-PARCELS
100
AcDbPolyline
 90
3
 70
0
 10
-334029.1500000001
 20
-27880.887
 10
-334044.5740000001
 20
-27871.514
 10
-334048.558
 20
-27869.238
  0
LWPOLYLINE
  5
1AF
330
17
100
AcDbEntity
  8
EB-BASE-PARCELS
100
AcDbPolyline
 90
3
 70
0
 10
-334051.556
 20
-27863.985
 10
-334047.7000000001
 20
-27857.619
 10
-334046.604
 20
-27855.617
  0
LWPOLYLINE
  5
1B0
330
17
100
AcDbEntity
  8
EB-BASE-PARCELS
100
AcDbPolyline
 90
2
 70
0
 10
-334022.506
 20
-27884.847
 10
-334029.1500000001
 20
-27880.887
  0
LWPOLYLINE
  5
1B1
330
17
100
AcDbEntity
  8
EB-BASE-PARCELS
100
AcDbPolyline
 90
3
 70
0
 10
-334034.1720000001
 20
-27900.773
 10
-334045.5300000001
 20
-27893.305
 10
-334062.351
 20
-27882.248
  0
LWPOLYLINE
  5
1B2
330
17
100
AcDbEntity
  8
EB-BASE-PARCELS
100
AcDbPolyline
 90
5
 70
0
 10
-334064.658
 20
-27880.866
 10
-334059.031
 20
-27871.387
 10
-334050.263
 20
-27856.283
 10
-334066.108
 20
-27850.612
 10
-334080.763
 20
-27845.476
  0
LWPOLYLINE
  5
1B3
330
17
100
AcDbEntity
  8
EB-BASE-PARCELS
100
AcDbPolyline
 90
3
 70
0
 10
-334075.678
 20
-27845.048
 10
-334063.305
 20
-27849.477
 10
-334046.604
 20
-27855.617
  0
LWPOLYLINE
  5
1B4
330
17
100
AcDbEntity
  8
EB-BASE-PARCELS
100
AcDbPolyline
 90
7
 70
0
 10
-334075.798
 20
-27798.821
 10
-334058.468
 20
-27804.991
 10
-334045.3870000001
 20
-27809.599
 10
-334034.606
 20
-27814.635
 10
-334032.841
 20
-27815.501
 10
-334024.5680000001
 20
-27818.234
 10
-334008.654
 20
-27823.7
  0
LWPOLYLINE
  5
1B5
330
17
100
AcDbEntity
  8
EB-BASE-PARCELS
100
AcDbPolyline
 90
2
 70
0
 10
-333785.843
 20
-27564.688
 10
-333781.545
 20
-27560.039
  0
LWPOLYLINE
  5
1B6
330
17
100
AcDbEntity
  8
EB-BASE-PARCELS
100
AcDbPolyline
 90
5
 70
0
 10
-333781.545
 20
-27560.039
 10
-333765.895
 20
-27569.615
 10
-333750.175
 20
-27579.293
 10
-333733.3990000001
 20
-27589.667
 10
-333714.613
 20
-27601.358
  0
LWPOLYLINE
  5
1B7
330
17
100
AcDbEntity
  8
EB-BASE-PARCELS
100
AcDbPolyline
 90
2
 70
0
 10
-333714.613
 20
-27601.358
 10
-333719.587
 20
-27605.001
  0
LWPOLYLINE
  5
1B8
330
17
100
AcDbEntity
  8
EB-BASE-PARCELS
100
AcDbPolyline
 90
8
 70
0
 10
-333800.381
 20
-27875.412
 10
-333797.5870000001
 20
-27869.768
 10
-333792.4760000001
 20
-27858.746
 10
-333788.359
 20
-27848.424
 10
-333786.5900000001
 20
-27843.55
 10
-333779.853
 20
-27825.669
 10
-333807.608
 20
-27816.254
 10
-333812.811
 20
-27814.561
  0
LWPOLYLINE
  5
1B9
330
17
100
AcDbEntity
  8
EB-BASE-PARCELS
100
AcDbPolyline
 90
2
 70
0
 10
-334043.62
 20
-27607.089
 10
-334046.5250000001
 20
-27612.841
  0
LWPOLYLINE
  5
1BA
330
17
100
AcDbEntity
  8
EB-BASE-PARCELS
100
AcDbPolyline
 90
7
 70
0
 10
-334048.289
 20
-27616.769
 10
-334049.32
 20
-27619.066
 10
-334056.0760000001
 20
-27634.298
 10
-334065.169
 20
-27655.093
 10
-334068.2800000001
 20
-27667.103
 10
-334070.6630000001
 20
-27676.11
 10
-334071.39
 20
-27697.38
  0
LWPOLYLINE
  5
1BB
330
17
100
AcDbEntity
  8
EB-BASE-PARCELS
100
AcDbPolyline
 90
10
 70
0
 10
-334071.39
 20
-27697.38
 10
-334067.2770000001
 20
-27685.379
 10
-334063.364
 20
-27673.522
 10
-334059.5240000001
 20
-27662.206
 10
-334053.5470000001
 20
-27644.853
 10
-334050.9260000001
 20
-27638.097
 10
-334049.2200000001
 20
-27633.893
 10
-334044.4810000001
 20
-27621.999
 10
-334042.04
 20
-27615.676
 10
-334035.202
 20
-27602.598
  0
LWPOLYLINE
  5
1BC
330
17
100
AcDbEntity
  8
EB-BASE-PARCELS
100
AcDbPolyline
 90
2
 70
0
 10
-334035.202
 20
-27602.598
 10
-334039.135
 20
-27600.875
  0
LWPOLYLINE
  5
1BD
330
17
100
AcDbEntity
  8
EB-BASE-PARCELS
100
AcDbPolyline
 90
9
 70
0
 10
-334027.936
 20
-27585.656
 10
-334023.1080000001
 20
-27574.613
 10
-334013.956
 20
-27553.558
 10
-334004.9490000001
 20
-27532.863
 10
-333995.044
 20
-27510.227
 10
-333985.571
 20
-27488.287
 10
-333987.0240000001
 20
-27490.973
 10
-333990.371
 20
-27497.863
 10
-333997.522
 20
-27512.622
  0
LWPOLYLINE
  5
1BE
330
17
100
AcDbEntity
  8
EB-BASE-PARCELS
100
AcDbPolyline
 90
2
 70
0
 10
-333997.522
 20
-27512.622
 10
-333999.717
 20
-27517.078
  0
LWPOLYLINE
  5
1BF
330
17
100
AcDbEntity
  8
EB-BASE-PARCELS
100
AcDbPolyline
 90
2
 70
0
 10
-333999.717
 20
-27517.078
 10
-334002.354
 20
-27522.577
  0
LWPOLYLINE
  5
1C0
330
17
100
AcDbEntity
  8
EB-BASE-PARCELS
100
AcDbPolyline
 90
2
 70
0
 10
-334002.354
 20
-27522.577
 10
-334004.406
 20
-27526.749
  0
LWPOLYLINE
  5
1C1
330
17
100
AcDbEntity
  8
EB-BASE-PARCELS
100
AcDbPolyline
 90
2
 70
0
 10
-334004.406
 20
-27526.749
 10
-334007.342
 20
-27532.659
  0
LWPOLYLINE
  5
1C2
330
17
100
AcDbEntity
  8
EB-BASE-PARCELS
100
AcDbPolyline
 90
2
 70
0
 10
-334013.625
 20
-27545.744
 10
-334014.636
 20
-27547.83
  0
LWPOLYLINE
  5
1C3
330
17
100
AcDbEntity
  8
EB-BASE-PARCELS
100
AcDbPolyline
 90
3
 70
0
 10
-334020.84
 20
-27560.441
 10
-334027.6600000001
 20
-27574.504
 10
-334028.608
 20
-27576.495
  0
LWPOLYLINE
  5
1C4
330
17
100
AcDbEntity
  8
EB-BASE-PARCELS
100
AcDbPolyline
 90
2
 70
0
 10
-334032.049
 20
-27583.575
 10
-334035.9480000001
 20
-27591.603
  0
LWPOLYLINE
  5
1C5
330
17
100
AcDbEntity
  8
EB-BASE-PARCELS
100
AcDbPolyline
 90
2
 70
0
 10
-334035.202
 20
-27602.598
 10
-334034.991
 20
-27602.102
  0
LWPOLYLINE
  5
1C6
330
17
100
AcDbEntity
  8
EB-BASE-PARCELS
100
AcDbPolyline
 90
2
 70
0
 10
-334007.342
 20
-27532.659
 10
-334008.179
 20
-27534.415
  0
LWPOLYLINE
  5
1C7
330
17
100
AcDbEntity
  8
EB-BASE-PARCELS
100
AcDbPolyline
 90
2
 70
0
 10
-334017.529
 20
-27553.71
 10
-334019.124
 20
-27556.953
  0
LWPOLYLINE
  5
1C8
330
17
100
AcDbEntity
  8
EB-BASE-PARCELS
100
AcDbPolyline
 90
2
 70
0
 10
-333806.3400000001
 20
-27903.275
 10
-333808.342
 20
-27906.781
  0
LWPOLYLINE
  5
1C9
330
17
100
AcDbEntity
  8
EB-BASE-PARCELS
100
AcDbPolyline
 90
2
 70
0
 10
-333827.496
 20
-27920.569
 10
-333822.7600000001
 20
-27913.502
  0
LWPOLYLINE
  5
1CA
330
17
100
AcDbEntity
  8
EB-BASE-PARCELS
100
AcDbPolyline
 90
2
 70
0
 10
-333819.9590000001
 20
-27501.022
 10
-333819.2450000001
 20
-27501.609
  0
LWPOLYLINE
  5
1CB
330
17
100
AcDbEntity
  8
EB-BASE-PARCELS
100
AcDbPolyline
 90
2
 70
0
 10
-333819.2450000001
 20
-27501.609
 10
-333792.161
 20
-27464.663
  0
LWPOLYLINE
  5
1CC
330
17
100
AcDbEntity
  8
EB-BASE-PARCELS
100
AcDbPolyline
 90
2
 70
0
 10
-333819.2450000001
 20
-27501.609
 10
-333841.2440000001
 20
-27531.69
  0
LWPOLYLINE
  5
1CD
330
17
100
AcDbEntity
  8
EB-BASE-PARCELS
100
AcDbPolyline
 90
4
 70
0
 10
-333865.701
 20
-27486.231
 10
-333876.2630000001
 20
-27502.947
 10
-333877.257
 20
-27516.587
 10
-333874.227
 20
-27520.262
  0
LWPOLYLINE
  5
1CE
330
17
100
AcDbEntity
  8
EB-BASE-PARCELS
100
AcDbPolyline
 90
5
 70
0
 10
-333831.715
 20
-27535.196
 10
-333824.94
 20
-27526.111
 10
-333814.961
 20
-27512.504
 10
-333785.213
 20
-27471.89
 10
-333759.511
 20
-27454.89
  0
LWPOLYLINE
  5
1CF
330
17
100
AcDbEntity
  8
EB-BASE-PARCELS
100
AcDbPolyline
 90
3
 70
0
 10
-333721.838
 20
-27512.117
 10
-333708.829
 20
-27505.718
 10
-333687.454
 20
-27495.572
  0
LWPOLYLINE
  5
1D0
330
17
100
AcDbEntity
  8
EB-BASE-PARCELS
100
AcDbPolyline
 90
3
 70
0
 10
-333740.828
 20
-27505.268
 10
-333740.931
 20
-27505.308
 10
-333741.167
 20
-27505.401
  0
LWPOLYLINE
  5
1D1
330
17
100
AcDbEntity
  8
EB-BASE-PARCELS
100
AcDbPolyline
 90
2
 70
0
 10
-333741.167
 20
-27505.401
 10
-333771.981
 20
-27482.755
  0
LWPOLYLINE
  5
1D2
330
17
100
AcDbEntity
  8
EB-BASE-PARCELS
100
AcDbPolyline
 90
2
 70
0
 10
-333776.3300000001
 20
-27507.387
 10
-333776.233
 20
-27507.261
  0
LWPOLYLINE
  5
1D3
330
17
100
AcDbEntity
  8
EB-BASE-PARCELS
100
AcDbPolyline
 90
2
 70
0
 10
-333774.3130000001
 20
-27518.58
 10
-333774.072
 20
-27518.748
  0
LWPOLYLINE
  5
1D4
330
17
100
AcDbEntity
  8
EB-BASE-PARCELS
100
AcDbPolyline
 90
5
 70
0
 10
-333760.994
 20
-27513.212
 10
-333772.014
 20
-27517.55
 10
-333772.8990000001
 20
-27517.963
 10
-333773.548
 20
-27518.357
 10
-333774.072
 20
-27518.748
  0
LWPOLYLINE
  5
1D5
330
17
100
AcDbEntity
  8
EB-BASE-PARCELS
100
AcDbPolyline
 90
4
 70
0
 10
-333795.7750000001
 20
-27510.535
 10
-333804.677
 20
-27503.995
 10
-333807.6570000001
 20
-27504.384
 10
-333813.746
 20
-27512.787
  0
LWPOLYLINE
  5
1D6
330
17
100
AcDbEntity
  8
EB-BASE-PARCELS
100
AcDbPolyline
 90
2
 70
0
 10
-333803.007
 20
-27520.602
 10
-333806.8790000001
 20
-27517.778
  0
LWPOLYLINE
  5
1D7
330
17
100
AcDbEntity
  8
EB-BASE-PARCELS
100
AcDbPolyline
 90
2
 70
0
 10
-333803.007
 20
-27520.602
 10
-333795.7750000001
 20
-27510.535
  0
LWPOLYLINE
  5
1D8
330
17
100
AcDbEntity
  8
EB-BASE-PARCELS
100
AcDbPolyline
 90
2
 70
0
 10
-333785.498
 20
-27518.019
 10
-333795.7750000001
 20
-27510.535
  0
LWPOLYLINE
  5
1D9
330
17
100
AcDbEntity
  8
EB-BASE-PARCELS
100
AcDbPolyline
 90
2
 70
0
 10
-333803.007
 20
-27520.602
 10
-333801.9110000001
 20
-27521.477
  0
LWPOLYLINE
  5
1DA
330
17
100
AcDbEntity
  8
EB-BASE-PARCELS
100
AcDbPolyline
 90
2
 70
0
 10
-333789.722
 20
-27523.994
 10
-333791.287
 20
-27526.207
  0
LWPOLYLINE
  5
1DB
330
17
100
AcDbEntity
  8
EB-BASE-PARCELS
100
AcDbPolyline
 90
2
 70
0
 10
-333775.904
 20
-27525.066
 10
-333779.853
 20
-27522.14
  0
LWPOLYLINE
  5
1DC
330
17
100
AcDbEntity
  8
EB-BASE-PARCELS
100
AcDbPolyline
 90
2
 70
0
 10
-333779.853
 20
-27522.14
 10
-333782.835
 20
-27519.943
  0
LWPOLYLINE
  5
1DD
330
17
100
AcDbEntity
  8
EB-BASE-PARCELS
100
AcDbPolyline
 90
11
 70
0
 10
-333817.7690000001
 20
-27518.22600000001
 10
-333820.8810000001
 20
-27522.563
 10
-333821.5250000001
 20
-27523.696
 10
-333821.835
 20
-27524.939
 10
-333821.8470000001
 20
-27526.094
 10
-333821.5690000001
 20
-27527.226
 10
-333821.17
 20
-27528.025
 10
-333820.593
 20
-27528.78
 10
-333819.883
 20
-27529.38
 10
-333818.9290000001
 20
-27529.979
 10
-333816.153
 20
-27531.156
  0
LWPOLYLINE
  5
1DE
330
17
100
AcDbEntity
  8
EB-BASE-PARCELS
100
AcDbPolyline
 90
2
 70
0
 10
-333815.396
 20
-27515.007
 10
-333814.664
 20
-27514.022
  0
LWPOLYLINE
  5
1DF
330
17
100
AcDbEntity
  8
EB-BASE-PARCELS
100
AcDbPolyline
 90
4
 70
0
 10
-333617.166
 20
-27502.905
 10
-333615.439
 20
-27505.734
 10
-333608.624
 20
-27499.204
 10
-333570.098
 20
-27463.265
  0
LWPOLYLINE
  5
1E0
330
17
100
AcDbEntity
  8
EB-BASE-PARCELS
100
AcDbPolyline
 90
2
 70
0
 10
-333626.208
 20
-27487.402
 10
-333617.166
 20
-27502.905
  0
LWPOLYLINE
  5
1E1
330
17
100
AcDbEntity
  8
EB-BASE-PARCELS
100
AcDbPolyline
 90
3
 70
0
 10
-333638.98
 20
-27495.956
 10
-333628.849
 20
-27511.577
 10
-333626.435
 20
-27511.793
  0
LWPOLYLINE
  5
1E2
330
17
100
AcDbEntity
  8
EB-BASE-PARCELS
100
AcDbPolyline
 90
2
 70
0
 10
-333626.435
 20
-27511.793
 10
-333617.166
 20
-27502.905
  0
LWPOLYLINE
  5
1E3
330
17
100
AcDbEntity
  8
EB-BASE-PARCELS
100
AcDbPolyline
 90
2
 70
0
 10
-333681.662
 20
-27494.98
 10
-333673.7810000001
 20
-27506.826
  0
LWPOLYLINE
  5
1E4
330
17
100
AcDbEntity
  8
EB-BASE-PARCELS
100
AcDbPolyline
 90
2
 70
0
 10
-333673.7810000001
 20
-27506.826
 10
-333661.2270000001
 20
-27500.391
  0
LWPOLYLINE
  5
1E5
330
17
100
AcDbEntity
  8
EB-BASE-PARCELS
100
AcDbPolyline
 90
2
 70
0
 10
-333695.119
 20
-27501.156
 10
-333681.662
 20
-27494.98
  0
LWPOLYLINE
  5
1E6
330
17
100
AcDbEntity
  8
EB-BASE-PARCELS
100
AcDbPolyline
 90
2
 70
0
 10
-333686.504
 20
-27513.159
 10
-333673.7810000001
 20
-27506.826
  0
LWPOLYLINE
  5
1E7
330
17
100
AcDbEntity
  8
EB-BASE-PARCELS
100
AcDbPolyline
 90
4
 70
0
 10
-333712.7470000001
 20
-27525.959
 10
-333708.303
 20
-27529.229
 10
-333705.417
 20
-27528.905
 10
-333697.364
 20
-27519.913
  0
LWPOLYLINE
  5
1E8
330
17
100
AcDbEntity
  8
EB-BASE-PARCELS
100
AcDbPolyline
 90
2
 70
0
 10
-333726.3700000001
 20
-27515.928
 10
-333738.9440000001
 20
-27506.819
  0
LWPOLYLINE
  5
1E9
330
17
100
AcDbEntity
  8
EB-BASE-PARCELS
100
AcDbPolyline
 90
2
 70
0
 10
-333745.136
 20
-27546.699
 10
-333757.55
 20
-27537.778
  0
LWPOLYLINE
  5
1EA
330
17
100
AcDbEntity
  8
EB-BASE-PARCELS
100
AcDbPolyline
 90
5
 70
0
 10
-333774.593
 20
-27525.493
 10
-333774.335
 20
-27521.725
 10
-333774.186
 20
-27521.128
 10
-333773.664
 20
-27520.456
 10
-333772.5800000001
 20
-27519.721
  0
LWPOLYLINE
  5
1EB
330
17
100
AcDbEntity
  8
EB-BASE-PARCELS
100
AcDbPolyline
 90
2
 70
0
 10
-333759.5800000001
 20
-27528.861
 10
-333772.5800000001
 20
-27519.721
  0
LWPOLYLINE
  5
1EC
330
17
100
AcDbEntity
  8
EB-BASE-PARCELS
100
AcDbPolyline
 90
2
 70
0
 10
-333759.5800000001
 20
-27528.861
 10
-333748.335
 20
-27536.851
  0
LWPOLYLINE
  5
1ED
330
17
100
AcDbEntity
  8
EB-BASE-PARCELS
100
AcDbPolyline
 90
2
 70
0
 10
-333736.12
 20
-27545.624
 10
-333748.335
 20
-27536.851
  0
LWPOLYLINE
  5
1EE
330
17
100
AcDbEntity
  8
EB-BASE-PARCELS
100
AcDbPolyline
 90
2
 70
0
 10
-333745.63
 20
-27509.411
 10
-333722.99
 20
-27525.928
  0
LWPOLYLINE
  5
1EF
330
17
100
AcDbEntity
  8
EB-BASE-PARCELS
100
AcDbPolyline
 90
2
 70
0
 10
-333735.6000000001
 20
-27565.593
 10
-333724.402
 20
-27570.317
  0
LWPOLYLINE
  5
1F0
330
17
100
AcDbEntity
  8
EB-BASE-PARCELS
100
AcDbPolyline
 90
3
 70
0
 10
-333714.305
 20
-27553.658
 10
-333724.9980000001
 20
-27567.802
 10
-333724.402
 20
-27570.317
  0
LWPOLYLINE
  5
1F1
330
17
100
AcDbEntity
  8
EB-BASE-PARCELS
100
AcDbPolyline
 90
4
 70
0
 10
-333693.309
 20
-27547.49
 10
-333702.0900000001
 20
-27541.143
 10
-333704.906
 20
-27541.4
 10
-333714.305
 20
-27553.658
  0
LWPOLYLINE
  5
1F2
330
17
100
AcDbEntity
  8
EB-BASE-PARCELS
100
AcDbPolyline
 90
2
 70
0
 10
-333688.341
 20
-27551.238
 10
-333713.9430000001
 20
-27525.071
  0
LWPOLYLINE
  5
1F3
330
17
100
AcDbEntity
  8
EB-BASE-PARCELS
100
AcDbPolyline
 90
2
 70
0
 10
-333745.63
 20
-27509.411
 10
-333738.9440000001
 20
-27506.819
  0
LWPOLYLINE
  5
1F4
330
17
100
AcDbEntity
  8
EB-BASE-PARCELS
100
AcDbPolyline
 90
2
 70
0
 10
-333745.63
 20
-27509.411
 10
-333748.4100000001
 20
-27510.478
  0
LWPOLYLINE
  5
1F5
330
17
100
AcDbEntity
  8
EB-BASE-PARCELS
100
AcDbPolyline
 90
2
 70
0
 10
-333759.5800000001
 20
-27528.861
 10
-333752.531
 20
-27519.211
  0
LWPOLYLINE
  5
1F6
330
17
100
AcDbEntity
  8
EB-BASE-PARCELS
100
AcDbPolyline
 90
2
 70
0
 10
-333748.335
 20
-27536.851
 10
-333741.324
 20
-27527.315
  0
LWPOLYLINE
  5
1F7
330
17
100
AcDbEntity
  8
EB-BASE-PARCELS
100
AcDbPolyline
 90
5
 70
0
 10
-333758.973
 20
-27514.529
 10
-333770.751
 20
-27518.897
 10
-333771.4480000001
 20
-27519.158
 10
-333772.1010000001
 20
-27519.441
 10
-333772.5800000001
 20
-27519.721
  0
LWPOLYLINE
  5
1F8
330
17
100
AcDbEntity
  8
EB-BASE-PARCELS
100
AcDbPolyline
 90
2
 70
0
 10
-333733.6350000001
 20
-27542.191
 10
-333731.695
 20
-27539.467
  0
LWPOLYLINE
  5
1F9
330
17
100
AcDbEntity
  8
EB-BASE-PARCELS
100
AcDbPolyline
 90
2
 70
0
 10
-333752.987
 20
-27558.058
 10
-333767.525
 20
-27551.839
  0
LWPOLYLINE
  5
1FA
330
17
100
AcDbEntity
  8
EB-BASE-PARCELS
100
AcDbPolyline
 90
2
 70
0
 10
-333747.768
 20
-27550.514
 10
-333750.209
 20
-27554.052
  0
LWPOLYLINE
  5
1FB
330
17
100
AcDbEntity
  8
EB-BASE-PARCELS
100
AcDbPolyline
 90
2
 70
0
 10
-333713.812
 20
-27574.833
 10
-333724.402
 20
-27570.317
  0
LWPOLYLINE
  5
1FC
330
17
100
AcDbEntity
  8
EB-BASE-PARCELS
100
AcDbPolyline
 90
2
 70
0
 10
-333703.7690000001
 20
-27561.49
 10
-333714.305
 20
-27553.658
  0
LWPOLYLINE
  5
1FD
330
17
100
AcDbEntity
  8
EB-BASE-PARCELS
100
AcDbPolyline
 90
2
 70
0
 10
-333675.1020000001
 20
-27560.821
 10
-333673.379
 20
-27562.285
  0
LWPOLYLINE
  5
1FE
330
17
100
AcDbEntity
  8
EB-BASE-PARCELS
100
AcDbPolyline
 90
2
 70
0
 10
-333673.379
 20
-27562.285
 10
-333674.4590000001
 20
-27563.321
  0
LWPOLYLINE
  5
1FF
330
17
100
AcDbEntity
  8
EB-BASE-PARCELS
100
AcDbPolyline
 90
3
 70
0
 10
-333672.6430000001
 20
-27515.192
 10
-333681.855
 20
-27519.853
 10
-333686.682
 20
-27522.711
  0
LWPOLYLINE
  5
200
330
17
100
AcDbEntity
  8
EB-BASE-PARCELS
100
AcDbPolyline
 90
2
 70
0
 10
-333664.825
 20
-27523.867
 10
-333674.2580000001
 20
-27534.163
  0
LWPOLYLINE
  5
201
330
17
100
AcDbEntity
  8
EB-BASE-PARCELS
100
AcDbPolyline
 90
2
 70
0
 10
-333686.682
 20
-27522.711
 10
-333680.462
 20
-27528.498
  0
LWPOLYLINE
  5
202
330
17
100
AcDbEntity
  8
EB-BASE-PARCELS
100
AcDbPolyline
 90
2
 70
0
 10
-333680.462
 20
-27528.498
 10
-333674.2580000001
 20
-27534.163
  0
LWPOLYLINE
  5
203
330
17
100
AcDbEntity
  8
EB-BASE-PARCELS
100
AcDbPolyline
 90
2
 70
0
 10
-333664.825
 20
-27523.867
 10
-333672.6430000001
 20
-27515.192
  0
LWPOLYLINE
  5
204
330
17
100
AcDbEntity
  8
EB-BASE-PARCELS
100
AcDbPolyline
 90
2
 70
0
 10
-333652.99
 20
-27536.755
 10
-333661.935
 20
-27545.679
  0
LWPOLYLINE
  5
205
330
17
100
AcDbEntity
  8
EB-BASE-PARCELS
100
AcDbPolyline
 90
2
 70
0
 10
-333671.6120000001
 20
-27536.674
 10
-333674.2580000001
 20
-27534.163
  0
LWPOLYLINE
  5
206
330
17
100
AcDbEntity
  8
EB-BASE-PARCELS
100
AcDbPolyline
 90
2
 70
0
 10
-333671.6120000001
 20
-27536.674
 10
-333661.935
 20
-27545.679
  0
LWPOLYLINE
  5
207
330
17
100
AcDbEntity
  8
EB-BASE-PARCELS
100
AcDbPolyline
 90
2
 70
0
 10
-333652.99
 20
-27536.755
 10
-333664.825
 20
-27523.867
  0
LWPOLYLINE
  5
208
330
17
100
AcDbEntity
  8
EB-BASE-PARCELS
100
AcDbPolyline
 90
5
 70
0
 10
-333690.507
 20
-27542.122
 10
-333698.635
 20
-27536.234
 10
-333698.953
 20
-27533.428
 10
-333693.9220000001
 20
-27528.161
 10
-333686.682
 20
-27522.711
  0
LWPOLYLINE
  5
209
330
17
100
AcDbEntity
  8
EB-BASE-PARCELS
100
AcDbPolyline
 90
2
 70
0
 10
-333690.507
 20
-27542.122
 10
-333680.462
 20
-27528.498
  0
LWPOLYLINE
  5
20A
330
17
100
AcDbEntity
  8
EB-BASE-PARCELS
100
AcDbPolyline
 90
2
 70
0
 10
-333690.507
 20
-27542.122
 10
-333680.86
 20
-27549.044
  0
LWPOLYLINE
  5
20B
330
17
100
AcDbEntity
  8
EB-BASE-PARCELS
100
AcDbPolyline
 90
2
 70
0
 10
-333680.86
 20
-27549.044
 10
-333671.6120000001
 20
-27536.674
  0
LWPOLYLINE
  5
20C
330
17
100
AcDbEntity
  8
EB-BASE-PARCELS
100
AcDbPolyline
 90
2
 70
0
 10
-333680.86
 20
-27549.044
 10
-333670.5190000001
 20
-27556.583
  0
LWPOLYLINE
  5
20D
330
17
100
AcDbEntity
  8
EB-BASE-PARCELS
100
AcDbPolyline
 90
2
 70
0
 10
-333670.5190000001
 20
-27556.583
 10
-333661.935
 20
-27545.679
  0
LWPOLYLINE
  5
20E
330
17
100
AcDbEntity
  8
EB-BASE-PARCELS
100
AcDbPolyline
 90
2
 70
0
 10
-333652.99
 20
-27536.755
 10
-333642.893
 20
-27527.248
  0
LWPOLYLINE
  5
20F
330
17
100
AcDbEntity
  8
EB-BASE-PARCELS
100
AcDbPolyline
 90
4
 70
0
 10
-333638.113
 20
-27508.397
 10
-333642.189
 20
-27502.12
 10
-333645.056
 20
-27501.216
 10
-333672.6430000001
 20
-27515.192
  0
LWPOLYLINE
  5
210
330
17
100
AcDbEntity
  8
EB-BASE-PARCELS
100
AcDbPolyline
 90
2
 70
0
 10
-333358.8010000001
 20
-27582.07
 10
-333500.963
 20
-27686.651
  0
LWPOLYLINE
  5
211
330
17
100
AcDbEntity
  8
EB-BASE-PARCELS
100
AcDbPolyline
 90
5
 70
0
 10
-333456.791
 20
-27719.784
 10
-333484.3720000001
 20
-27699.287
 10
-333489.757
 20
-27695.244
 10
-333497.7650000001
 20
-27689.157
 10
-333500.963
 20
-27686.651
  0
LWPOLYLINE
  5
212
330
17
100
AcDbEntity
  8
EB-BASE-PARCELS
100
AcDbPolyline
 90
2
 70
0
 10
-333388.798
 20
-27554.324
 10
-333558.6640000001
 20
-27653.88
  0
LWPOLYLINE
  5
213
330
17
100
AcDbEntity
  8
EB-BASE-PARCELS
100
AcDbPolyline
 90
9
 70
0
 10
-333558.6640000001
 20
-27653.88
 10
-333547.588
 20
-27657.501
 10
-333543.8070000001
 20
-27658.821
 10
-333522.5800000001
 20
-27670.889
 10
-333518.636
 20
-27673.147
 10
-333515.117
 20
-27675.841
 10
-333512.6710000001
 20
-27677.71
 10
-333510.2110000001
 20
-27679.588
 10
-333508.825
 20
-27680.648
  0
LWPOLYLINE
  5
214
330
17
100
AcDbEntity
  8
EB-BASE-PARCELS
100
AcDbPolyline
 90
3
 70
0
 10
-333506.723
 20
-27682.254
 10
-333501.5300000001
 20
-27686.207
 10
-333500.963
 20
-27686.651
  0
LWPOLYLINE
  5
215
330
17
100
AcDbEntity
  8
EB-BASE-PARCELS
100
AcDbPolyline
 90
8
 70
0
 10
-333539.1660000001
 20
-27503.581
 10
-333555.416
 20
-27517.083
 10
-333569.569
 20
-27528.888
 10
-333584.86
 20
-27541.466
 10
-333586.995
 20
-27543.236
 10
-333595.454
 20
-27536.642
 10
-333616.865
 20
-27519.89
 10
-333620.478
 20
-27516.973
  0
LWPOLYLINE
  5
216
330
17
100
AcDbEntity
  8
EB-BASE-PARCELS
100
AcDbPolyline
 90
5
 70
0
 10
-333539.1660000001
 20
-27503.581
 10
-333568.0420000001
 20
-27466.998
 10
-333593.131
 20
-27490.231
 10
-333608.001
 20
-27504.091
 10
-333620.478
 20
-27516.973
  0
LWPOLYLINE
  5
217
330
17
100
AcDbEntity
  8
EB-BASE-PARCELS
100
AcDbPolyline
 90
2
 70
0
 10
-333690.775
 20
-27585.034
 10
-333710.2010000001
 20
-27604.005
  0
LWPOLYLINE
  5
218
330
17
100
AcDbEntity
  8
EB-BASE-PARCELS
100
AcDbPolyline
 90
2
 70
0
 10
-333535.7090000001
 20
-27496.899
 10
-333539.1660000001
 20
-27503.581
  0
LWPOLYLINE
  5
219
330
17
100
AcDbEntity
  8
EB-BASE-PARCELS
100
AcDbPolyline
 90
3
 70
0
 10
-333676.445
 20
-27570.978
 10
-333639.823
 20
-27535.199
 10
-333620.478
 20
-27516.973
  0
LWPOLYLINE
  5
21A
330
17
100
AcDbEntity
  8
EB-BASE-PARCELS
100
AcDbPolyline
 90
5
 70
0
 10
-333710.2010000001
 20
-27604.005
 10
-333698.577
 20
-27610.17100000001
 10
-333687.381
 20
-27616.14
 10
-333677.124
 20
-27619.9
 10
-333674.461
 20
-27620.873
  0
LWPOLYLINE
  5
21B
330
17
100
AcDbEntity
  8
EB-BASE-PARCELS
100
AcDbPolyline
 90
7
 70
0
 10
-333673.51
 20
-27621.22
 10
-333664.37
 20
-27624.652
 10
-333581.376
 20
-27646.514
 10
-333577.748
 20
-27647.609
 10
-333573.9760000001
 20
-27648.853
 10
-333570.213
 20
-27650.104
 10
-333558.6640000001
 20
-27653.88
  0
LWPOLYLINE
  5
21C
330
17
100
AcDbEntity
  8
EB-BASE-PARCELS
100
AcDbPolyline
 90
2
 70
0
 10
-333673.51
 20
-27621.22
 10
-333674.461
 20
-27620.873
  0
LWPOLYLINE
  5
21D
330
17
100
AcDbEntity
  8
EB-BASE-PARCELS
100
AcDbPolyline
 90
2
 70
0
 10
-333738.9440000001
 20
-27506.819
 10
-333738.796
 20
-27506.766
  0
LWPOLYLINE
  5
21E
330
17
100
AcDbEntity
  8
EB-BASE-PARCELS
100
AcDbPolyline
 90
4
 70
0
 10
-333714.4400000001
 20
-27608.039
 10
-333712.6270000001
 20
-27606.469
 10
-333712.094
 20
-27605.962
 10
-333710.2010000001
 20
-27604.005
  0
LWPOLYLINE
  5
21F
330
17
100
AcDbEntity
  8
EB-BASE-PARCELS
100
AcDbPolyline
 90
6
 70
0
 10
-333674.461
 20
-27620.873
 10
-333676.06
 20
-27622.278
 10
-333676.129
 20
-27622.338
 10
-333677.301
 20
-27625.141
 10
-333677.5680000001
 20
-27625.596
 10
-333678.089
 20
-27626.051
  0
LWPOLYLINE
  5
220
330
17
100
AcDbEntity
  8
EB-BASE-PARCELS
100
AcDbPolyline
 90
4
 70
0
 10
-333676.994
 20
-27626.479
 10
-333676.5130000001
 20
-27625.81
 10
-333675.094
 20
-27622.605
 10
-333673.51
 20
-27621.22
  0
LWPOLYLINE
  5
221
330
17
100
AcDbEntity
  8
EB-BASE-PARCELS
100
AcDbPolyline
 90
16
 70
0
 10
-333499.933
 20
-27969.23
 10
-333502.536
 20
-27974.31
 10
-333505.018
 20
-27979.172
 10
-333505.5250000001
 20
-27979.933
 10
-333505.946
 20
-27980.494
 10
-333506.675
 20
-27981.294
 10
-333507.8040000001
 20
-27982.113
 10
-333509.127
 20
-27982.791
 10
-333509.668
 20
-27983.01
 10
-333511.217
 20
-27983.316
 10
-333512.1450000001
 20
-27983.34
 10
-333513.372
 20
-27983.275
 10
-333514.049
 20
-27983.162
 10
-333516.429
 20
-27982.362
 10
-333518.8090000001
 20
-27981.53
 10
-333520.721
 20
-27980.827
  0
LWPOLYLINE
  5
222
330
17
100
AcDbEntity
  8
EB-BASE-PARCELS
100
AcDbPolyline
 90
2
 70
0
 10
-333526.631
 20
-27956.056
 10
-333529.354
 20
-27963.426
  0
LWPOLYLINE
  5
223
330
17
100
AcDbEntity
  8
EB-BASE-PARCELS
100
AcDbPolyline
 90
2
 70
0
 10
-333562.077
 20
-27964.796
 10
-333562.548
 20
-27965.477
  0
LWPOLYLINE
  5
224
330
17
100
AcDbEntity
  8
EB-BASE-PARCELS
100
AcDbPolyline
 90
2
 70
0
 10
-333504.1840000001
 20
-27910.594
 10
-333503.223
 20
-27910.966
  0
LWPOLYLINE
  5
225
330
17
100
AcDbEntity
  8
EB-BASE-PARCELS
100
AcDbPolyline
 90
2
 70
0
 10
-333503.223
 20
-27910.966
 10
-333501.659
 20
-27912.726
  0
LWPOLYLINE
  5
226
330
17
100
AcDbEntity
  8
EB-BASE-PARCELS
100
AcDbPolyline
 90
2
 70
0
 10
-333507.436
 20
-27919.898
 10
-333504.1840000001
 20
-27910.594
  0
LWPOLYLINE
  5
227
330
17
100
AcDbEntity
  8
EB-BASE-PARCELS
100
AcDbPolyline
 90
10
 70
0
 10
-333529.4260000001
 20
-27912.66
 10
-333527.0830000001
 20
-27908.969
 10
-333526.2640000001
 20
-27908.231
 10
-333525.369
 20
-27907.509
 10
-333524.43
 20
-27906.897
 10
-333523.239
 20
-27906.332
 10
-333522.021
 20
-27905.934
 10
-333521.2660000001
 20
-27905.782
 10
-333520.218
 20
-27905.629
 10
-333518.962
 20
-27905.608
  0
LWPOLYLINE
  5
228
330
17
100
AcDbEntity
  8
EB-BASE-PARCELS
100
AcDbPolyline
 90
3
 70
0
 10
-333518.733
 20
-27905.64
 10
-333518.5040000001
 20
-27905.673
 10
-333504.1840000001
 20
-27910.594
  0
LWPOLYLINE
  5
229
330
17
100
AcDbEntity
  8
EB-BASE-PARCELS
100
AcDbPolyline
 90
2
 70
0
 10
-333518.962
 20
-27905.608
 10
-333518.733
 20
-27905.64
  0
LWPOLYLINE
  5
22A
330
17
100
AcDbEntity
  8
EB-BASE-PARCELS
100
AcDbPolyline
 90
2
 70
0
 10
-333629.028
 20
-27904.94
 10
-333589.063
 20
-27918.563
  0
LWPOLYLINE
  5
22B
330
17
100
AcDbEntity
  8
EB-BASE-PARCELS
100
AcDbPolyline
 90
2
 70
0
 10
-333629.028
 20
-27904.94
 10
-333640.963
 20
-27923.25
  0
LWPOLYLINE
  5
22C
330
17
100
AcDbEntity
  8
EB-BASE-PARCELS
100
AcDbPolyline
 90
2
 70
0
 10
-333589.063
 20
-27918.563
 10
-333604.7710000001
 20
-27942.8
  0
LWPOLYLINE
  5
22D
330
17
100
AcDbEntity
  8
EB-BASE-PARCELS
100
AcDbPolyline
 90
6
 70
0
 10
-333531.705
 20
-27901.252
 10
-333534.513
 20
-27905.675
 10
-333547.734
 20
-27926.671
 10
-333548.958
 20
-27928.505
 10
-333557.999
 20
-27943.075
 10
-333569.578
 20
-27961.73
  0
LWPOLYLINE
  5
22E
330
17
100
AcDbEntity
  8
EB-BASE-PARCELS
100
AcDbPolyline
 90
2
 70
0
 10
-333531.705
 20
-27901.252
 10
-333569.6630000001
 20
-27888.268
  0
LWPOLYLINE
  5
22F
330
17
100
AcDbEntity
  8
EB-BASE-PARCELS
100
AcDbPolyline
 90
2
 70
0
 10
-333589.063
 20
-27918.563
 10
-333569.6630000001
 20
-27888.268
  0
LWPOLYLINE
  5
230
330
17
100
AcDbEntity
  8
EB-BASE-PARCELS
100
AcDbPolyline
 90
2
 70
0
 10
-333503.223
 20
-27910.966
 10
-333470.229
 20
-27921.835
  0
LWPOLYLINE
  5
231
330
17
100
AcDbEntity
  8
EB-BASE-PARCELS
100
AcDbPolyline
 90
3
 70
0
 10
-333569.6630000001
 20
-27888.268
 10
-333599.109
 20
-27878.124
 10
-333609.3480000001
 20
-27874.528
  0
LWPOLYLINE
  5
232
330
17
100
AcDbEntity
  8
EB-BASE-PARCELS
100
AcDbPolyline
 90
2
 70
0
 10
-333609.3480000001
 20
-27874.528
 10
-333629.028
 20
-27904.94
  0
LWPOLYLINE
  5
233
330
17
100
AcDbEntity
  8
EB-BASE-PARCELS
100
AcDbPolyline
 90
2
 70
0
 10
-333659.454
 20
-27894.458
 10
-333668.4850000001
 20
-27908.434
  0
LWPOLYLINE
  5
234
330
17
100
AcDbEntity
  8
EB-BASE-PARCELS
100
AcDbPolyline
 90
2
 70
0
 10
-333659.454
 20
-27894.458
 10
-333639.7390000001
 20
-27864.081
  0
LWPOLYLINE
  5
235
330
17
100
AcDbEntity
  8
EB-BASE-PARCELS
100
AcDbPolyline
 90
2
 70
0
 10
-333682.363
 20
-27872.749
 10
-333683.537
 20
-27875.107
  0
LWPOLYLINE
  5
236
330
17
100
AcDbEntity
  8
EB-BASE-PARCELS
100
AcDbPolyline
 90
2
 70
0
 10
-333639.7390000001
 20
-27864.081
 10
-333671.137
 20
-27853.308
  0
LWPOLYLINE
  5
237
330
17
100
AcDbEntity
  8
EB-BASE-PARCELS
100
AcDbPolyline
 90
2
 70
0
 10
-333675.745
 20
-27859.454
 10
-333676.4340000001
 20
-27860.838
  0
LWPOLYLINE
  5
238
330
17
100
AcDbEntity
  8
EB-BASE-PARCELS
100
AcDbPolyline
 90
3
 70
0
 10
-333687.8200000001
 20
-27883.052
 10
-333694.167
 20
-27892.673
 10
-333695.255
 20
-27893.882
  0
LWPOLYLINE
  5
239
330
17
100
AcDbEntity
  8
EB-BASE-PARCELS
100
AcDbPolyline
 90
3
 70
0
 10
-333629.028
 20
-27904.94
 10
-333653.3150000001
 20
-27896.612
 10
-333659.454
 20
-27894.458
  0
LWPOLYLINE
  5
23A
330
17
100
AcDbEntity
  8
EB-BASE-PARCELS
100
AcDbPolyline
 90
2
 70
0
 10
-333609.3480000001
 20
-27874.528
 10
-333639.7390000001
 20
-27864.081
  0
LWPOLYLINE
  5
23B
330
17
100
AcDbEntity
  8
EB-BASE-PARCELS
100
AcDbPolyline
 90
2
 70
0
 10
-333446.434
 20
-27887.886
 10
-333480.968
 20
-27874.906
  0
LWPOLYLINE
  5
23C
330
17
100
AcDbEntity
  8
EB-BASE-PARCELS
100
AcDbPolyline
 90
5
 70
0
 10
-333465.268
 20
-27860.684
 10
-333467.471
 20
-27863.189
 10
-333477.69
 20
-27872.021
 10
-333477.859
 20
-27872.169
 10
-333480.968
 20
-27874.906
  0
LWPOLYLINE
  5
23D
330
17
100
AcDbEntity
  8
EB-BASE-PARCELS
100
AcDbPolyline
 90
2
 70
0
 10
-333482.669
 20
-27837.553
 10
-333457.4860000001
 20
-27851.969
  0
LWPOLYLINE
  5
23E
330
17
100
AcDbEntity
  8
EB-BASE-PARCELS
100
AcDbPolyline
 90
5
 70
0
 10
-333502.0930000001
 20
-27868.754
 10
-333497.5130000001
 20
-27861.343
 10
-333493.832
 20
-27855.407
 10
-333486.409
 20
-27843.493
 10
-333482.669
 20
-27837.553
  0
LWPOLYLINE
  5
23F
330
17
100
AcDbEntity
  8
EB-BASE-PARCELS
100
AcDbPolyline
 90
2
 70
0
 10
-333676.3530000001
 20
-27851.523
 10
-333695.599
 20
-27844.846
  0
LWPOLYLINE
  5
240
330
17
100
AcDbEntity
  8
EB-BASE-PARCELS
100
AcDbPolyline
 90
3
 70
0
 10
-333688.342
 20
-27874.151
 10
-333677.6500000001
 20
-27852.98
 10
-333676.3530000001
 20
-27851.523
  0
LWPOLYLINE
  5
241
330
17
100
AcDbEntity
  8
EB-BASE-PARCELS
100
AcDbPolyline
 90
4
 70
0
 10
-333703.6660000001
 20
-27896.575
 10
-333695.905
 20
-27887.534
 10
-333688.731
 20
-27874.897
 10
-333688.705
 20
-27874.851
  0
LWPOLYLINE
  5
242
330
17
100
AcDbEntity
  8
EB-BASE-PARCELS
100
AcDbPolyline
 90
3
 70
0
 10
-333707.88
 20
-27864.279
 10
-333705.413
 20
-27860.378
 10
-333705.198
 20
-27860.037
  0
LWPOLYLINE
  5
243
330
17
100
AcDbEntity
  8
EB-BASE-PARCELS
100
AcDbPolyline
 90
2
 70
0
 10
-333721.005
 20
-27885.036
 10
-333708.451
 20
-27865.182
  0
LWPOLYLINE
  5
244
330
17
100
AcDbEntity
  8
EB-BASE-PARCELS
100
AcDbPolyline
 90
2
 70
0
 10
-333643.4380000001
 20
-27818.136
 10
-333639.522
 20
-27814.521
  0
LWPOLYLINE
  5
245
330
17
100
AcDbEntity
  8
EB-BASE-PARCELS
100
AcDbPolyline
 90
14
 70
0
 10
-333630.526
 20
-27825.039
 10
-333626.963
 20
-27826.967
 10
-333623.4000000001
 20
-27828.895
 10
-333619.837
 20
-27830.823
 10
-333616.2740000001
 20
-27832.769
 10
-333609.148
 20
-27836.643
 10
-333592.3800000001
 20
-27845.754
 10
-333570.3780000001
 20
-27857.801
 10
-333546.253
 20
-27871.018
 10
-333539.554
 20
-27874.652
 10
-333533.041
 20
-27878.227
 10
-333526.733
 20
-27881.654
 10
-333521.2740000001
 20
-27884.588
 10
-333518.6220000001
 20
-27880.319
  0
LWPOLYLINE
  5
246
330
17
100
AcDbEntity
  8
EB-BASE-PARCELS
100
AcDbPolyline
 90
3
 70
0
 10
-333630.526
 20
-27825.039
 10
-333635.211
 20
-27822.467
 10
-333643.4380000001
 20
-27818.136
  0
LWPOLYLINE
  5
247
330
17
100
AcDbEntity
  8
EB-BASE-PARCELS
100
AcDbPolyline
 90
3
 70
0
 10
-333602.6390000001
 20
-27834.679
 10
-333627.702
 20
-27821.074
 10
-333639.522
 20
-27814.521
  0
LWPOLYLINE
  5
248
330
17
100
AcDbEntity
  8
EB-BASE-PARCELS
100
AcDbPolyline
 90
2
 70
0
 10
-333718.464
 20
-27836.865
 10
-333723.176
 20
-27845.736
  0
LWPOLYLINE
  5
249
330
17
100
AcDbEntity
  8
EB-BASE-PARCELS
100
AcDbPolyline
 90
2
 70
0
 10
-333718.464
 20
-27836.865
 10
-333740.148
 20
-27829.355
  0
LWPOLYLINE
  5
24A
330
17
100
AcDbEntity
  8
EB-BASE-PARCELS
100
AcDbPolyline
 90
2
 70
0
 10
-333740.148
 20
-27829.355
 10
-333743.2370000001
 20
-27838.398
  0
LWPOLYLINE
  5
24B
330
17
100
AcDbEntity
  8
EB-BASE-PARCELS
100
AcDbPolyline
 90
2
 70
0
 10
-333734.376
 20
-27866.757
 10
-333738.474
 20
-27874.421
  0
LWPOLYLINE
  5
24C
330
17
100
AcDbEntity
  8
EB-BASE-PARCELS
100
AcDbPolyline
 90
2
 70
0
 10
-333746.4970000001
 20
-27847.944
 10
-333752.724
 20
-27866.416
  0
LWPOLYLINE
  5
24D
330
17
100
AcDbEntity
  8
EB-BASE-PARCELS
100
AcDbPolyline
 90
5
 70
0
 10
-333510.0420000001
 20
-27866.377
 10
-333501.2000000001
 20
-27852.022
 10
-333493.1190000001
 20
-27839.1
 10
-333489.938
 20
-27833.969
 10
-333489.6840000001
 20
-27833.516
  0
LWPOLYLINE
  5
24E
330
17
100
AcDbEntity
  8
EB-BASE-PARCELS
100
AcDbPolyline
 90
6
 70
0
 10
-333489.6840000001
 20
-27833.516
 10
-333483.1830000001
 20
-27823.076
 10
-333480.0470000001
 20
-27818.065
 10
-333467.1370000001
 20
-27797.46
 10
-333463.913
 20
-27792.276
 10
-333460.6110000001
 20
-27787.092
  0
LWPOLYLINE
  5
24F
330
17
100
AcDbEntity
  8
EB-BASE-PARCELS
100
AcDbPolyline
 90
3
 70
0
 10
-333639.522
 20
-27814.521
 10
-333638.8080000001
 20
-27813.924
 10
-333633.829
 20
-27811.398
  0
LWPOLYLINE
  5
250
330
17
100
AcDbEntity
  8
EB-BASE-PARCELS
100
AcDbPolyline
 90
29
 70
0
 10
-333633.829
 20
-27811.398
 10
-333625.996
 20
-27807.424
 10
-333622.554
 20
-27805.67200000001
 10
-333621.2320000001
 20
-27805.318
 10
-333620.116
 20
-27805.169
 10
-333618.971
 20
-27805.084
 10
-333617.9110000001
 20
-27805.103
 10
-333616.6830000001
 20
-27805.513
 10
-333613.724
 20
-27806.612
 10
-333609.938
 20
-27807.964
 10
-333603.9650000001
 20
-27810.163
 10
-333598.6990000001
 20
-27812.101
 10
-333598.066
 20
-27812.288
 10
-333597.387
 20
-27812.222
 10
-333596.494
 20
-27812.017
 10
-333593.386
 20
-27810.693
 10
-333589.869
 20
-27809.296
 10
-333588.864
 20
-27808.886
 10
-333587.7110000001
 20
-27808.253
 10
-333586.083
 20
-27807.219
 10
-333584.0730000001
 20
-27805.542
 10
-333580.956
 20
-27802.905
 10
-333576.212
 20
-27799.011
 10
-333575.393
 20
-27798.322
 10
-333574.574
 20
-27797.856
 10
-333572.9650000001
 20
-27797.177
 10
-333570.657
 20
-27796.301
 10
-333563.176
 20
-27793.49
 10
-333561.0080000001
 20
-27792.679
  0
LWPOLYLINE
  5
251
330
17
100
AcDbEntity
  8
EB-BASE-PARCELS
100
AcDbPolyline
 90
14
 70
0
 10
-333561.0080000001
 20
-27792.679
 10
-333554.449
 20
-27790.212
 10
-333550.048
 20
-27788.563
 10
-333541.283
 20
-27785.304
 10
-333516.535
 20
-27775.877
 10
-333515.968
 20
-27775.625
 10
-333513.846
 20
-27774.507
 10
-333512.33
 20
-27773.566
 10
-333511.6220000001
 20
-27773.044
 10
-333508.562
 20
-27770.111
 10
-333506.227
 20
-27767.923
 10
-333503.799
 20
-27765.623
 10
-333498.943
 20
-27761.023
 10
-333497.9220000001
 20
-27760.066
  0
LWPOLYLINE
  5
252
330
17
100
AcDbEntity
  8
EB-BASE-PARCELS
100
AcDbPolyline
 90
2
 70
0
 10
-333489.6840000001
 20
-27833.516
 10
-333482.669
 20
-27837.553
  0
LWPOLYLINE
  5
253
330
17
100
AcDbEntity
  8
EB-BASE-PARCELS
100
AcDbPolyline
 90
8
 70
0
 10
-333482.669
 20
-27837.553
 10
-333479.9930000001
 20
-27833.221
 10
-333476.458
 20
-27827.558
 10
-333472.8190000001
 20
-27821.809
 10
-333469.222
 20
-27816.02
 10
-333461.904
 20
-27804.314
 10
-333456.3840000001
 20
-27795.491
 10
-333452.4350000001
 20
-27789.105
  0
LWPOLYLINE
  5
254
330
17
100
AcDbEntity
  8
EB-BASE-PARCELS
100
AcDbPolyline
 90
3
 70
0
 10
-333555.118
 20
-27785.019
 10
-333555.092
 20
-27785.009
 10
-333545.714
 20
-27781.491
  0
LWPOLYLINE
  5
255
330
17
100
AcDbEntity
  8
EB-BASE-PARCELS
100
AcDbPolyline
 90
2
 70
0
 10
-333567.869
 20
-27780.694
 10
-333555.118
 20
-27785.019
  0
LWPOLYLINE
  5
256
330
17
100
AcDbEntity
  8
EB-BASE-PARCELS
100
AcDbPolyline
 90
3
 70
0
 10
-333567.869
 20
-27780.694
 10
-333560.724
 20
-27776.176
 10
-333545.714
 20
-27781.491
  0
LWPOLYLINE
  5
257
330
17
100
AcDbEntity
  8
EB-BASE-PARCELS
100
AcDbPolyline
 90
6
 70
0
 10
-333700.976
 20
-27800.644
 10
-333691.2470000001
 20
-27803.973
 10
-333687.419
 20
-27805.305
 10
-333683.445
 20
-27806.685
 10
-333679.632
 20
-27807.968
 10
-333677.488
 20
-27808.682
  0
LWPOLYLINE
  5
258
330
17
100
AcDbEntity
  8
EB-BASE-PARCELS
100
AcDbPolyline
 90
2
 70
0
 10
-333683.805
 20
-27753.736
 10
-333700.976
 20
-27800.644
  0
LWPOLYLINE
  5
259
330
17
100
AcDbEntity
  8
EB-BASE-PARCELS
100
AcDbPolyline
 90
3
 70
0
 10
-333649.822
 20
-27765.374
 10
-333654.13
 20
-27763.942
 10
-333683.805
 20
-27753.736
  0
LWPOLYLINE
  5
25A
330
17
100
AcDbEntity
  8
EB-BASE-PARCELS
100
AcDbPolyline
 90
2
 70
0
 10
-333677.488
 20
-27808.682
 10
-333649.822
 20
-27765.374
  0
LWPOLYLINE
  5
25B
330
17
100
AcDbEntity
  8
EB-BASE-PARCELS
100
AcDbPolyline
 90
4
 70
0
 10
-333724.5360000001
 20
-27792.445
 10
-333719.4
 20
-27794.196
 10
-333713.2260000001
 20
-27796.356
 10
-333700.976
 20
-27800.644
  0
LWPOLYLINE
  5
25C
330
17
100
AcDbEntity
  8
EB-BASE-PARCELS
100
AcDbPolyline
 90
2
 70
0
 10
-333724.5360000001
 20
-27792.445
 10
-333707.477
 20
-27745.615
  0
LWPOLYLINE
  5
25D
330
17
100
AcDbEntity
  8
EB-BASE-PARCELS
100
AcDbPolyline
 90
2
 70
0
 10
-333683.805
 20
-27753.736
 10
-333707.477
 20
-27745.615
  0
LWPOLYLINE
  5
25E
330
17
100
AcDbEntity
  8
EB-BASE-PARCELS
100
AcDbPolyline
 90
3
 70
0
 10
-333724.5360000001
 20
-27792.445
 10
-333734.045
 20
-27789.154
 10
-333739.242
 20
-27787.307
  0
LWPOLYLINE
  5
25F
330
17
100
AcDbEntity
  8
EB-BASE-PARCELS
100
AcDbPolyline
 90
27
 70
0
 10
-333707.477
 20
-27745.615
 10
-333720.448
 20
-27741.162
 10
-333721.245
 20
-27740.932
 10
-333722.719
 20
-27740.744
 10
-333724.517
 20
-27740.748
 10
-333725.515
 20
-27740.801
 10
-333727.3420000001
 20
-27741.327
 10
-333727.985
 20
-27741.599
 10
-333729.2470000001
 20
-27742.221
 10
-333730.0740000001
 20
-27742.826
 10
-333731.124
 20
-27743.721
 10
-333731.741
 20
-27744.362
 10
-333732.5960000001
 20
-27745.615
 10
-333733.3450000001
 20
-27746.956
 10
-333734.3560000001
 20
-27749.64
 10
-333740.6570000001
 20
-27765.395
 10
-333744.634
 20
-27775.43
 10
-333744.9210000001
 20
-27777.054
 10
-333745.012
 20
-27778.396
 10
-333744.96
 20
-27779.527
 10
-333744.553
 20
-27781.395
 10
-333743.988
 20
-27782.789
 10
-333743.094
 20
-27784.157
 10
-333742.358
 20
-27785.025
 10
-333741.5700000001
 20
-27785.762
 10
-333740.4280000001
 20
-27786.603
 10
-333739.242
 20
-27787.307
  0
LWPOLYLINE
  5
260
330
17
100
AcDbEntity
  8
EB-BASE-PARCELS
100
AcDbPolyline
 90
2
 70
0
 10
-333645.823
 20
-27754.013
 10
-333643.022
 20
-27755.136
  0
LWPOLYLINE
  5
261
330
17
100
AcDbEntity
  8
EB-BASE-PARCELS
100
AcDbPolyline
 90
3
 70
0
 10
-333572.7590000001
 20
-27791.678
 10
-333574.6020000001
 20
-27791.154
 10
-333645.877
 20
-27766.773
  0
LWPOLYLINE
  5
262
330
17
100
AcDbEntity
  8
EB-BASE-PARCELS
100
AcDbPolyline
 90
2
 70
0
 10
-333645.877
 20
-27766.773
 10
-333649.822
 20
-27765.374
  0
LWPOLYLINE
  5
263
330
17
100
AcDbEntity
  8
EB-BASE-PARCELS
100
AcDbPolyline
 90
2
 70
0
 10
-333591.485
 20
-27772.651
 10
-333567.869
 20
-27780.694
  0
LWPOLYLINE
  5
264
330
17
100
AcDbEntity
  8
EB-BASE-PARCELS
100
AcDbPolyline
 90
2
 70
0
 10
-333626.669
 20
-27760.531
 10
-333602.092
 20
-27769.038
  0
LWPOLYLINE
  5
265
330
17
100
AcDbEntity
  8
EB-BASE-PARCELS
100
AcDbPolyline
 90
2
 70
0
 10
-333572.7590000001
 20
-27791.678
 10
-333564.341
 20
-27788.484
  0
LWPOLYLINE
  5
266
330
17
100
AcDbEntity
  8
EB-BASE-PARCELS
100
AcDbPolyline
 90
3
 70
0
 10
-333564.341
 20
-27788.484
 10
-333563.0360000001
 20
-27787.989
 10
-333555.118
 20
-27785.019
  0
LWPOLYLINE
  5
267
330
17
100
AcDbEntity
  8
EB-BASE-PARCELS
100
AcDbPolyline
 90
7
 70
0
 10
-333737.745
 20
-27728.922
 10
-333733.04
 20
-27730.292
 10
-333723.06
 20
-27733.013
 10
-333715.5900000001
 20
-27735.183
 10
-333708.062
 20
-27737.296
 10
-333693.349
 20
-27741.465
 10
-333658.507
 20
-27752.086
  0
LWPOLYLINE
  5
268
330
17
100
AcDbEntity
  8
EB-BASE-PARCELS
100
AcDbPolyline
 90
2
 70
0
 10
-333739.242
 20
-27787.307
 10
-333754.849
 20
-27781.88
  0
LWPOLYLINE
  5
269
330
17
100
AcDbEntity
  8
EB-BASE-PARCELS
100
AcDbPolyline
 90
4
 70
0
 10
-333639.4100000001
 20
-27756.39
 10
-333635.886
 20
-27757.43
 10
-333630.241
 20
-27759.326
 10
-333626.669
 20
-27760.531
  0
LWPOLYLINE
  5
26A
330
17
100
AcDbEntity
  8
EB-BASE-PARCELS
100
AcDbPolyline
 90
3
 70
0
 10
-333643.022
 20
-27755.136
 10
-333640.919
 20
-27755.904
 10
-333639.4100000001
 20
-27756.39
  0
LWPOLYLINE
  5
26B
330
17
100
AcDbEntity
  8
EB-BASE-PARCELS
100
AcDbPolyline
 90
2
 70
0
 10
-333737.745
 20
-27728.922
 10
-333738.914
 20
-27728.6
  0
LWPOLYLINE
  5
26C
330
17
100
AcDbEntity
  8
EB-BASE-PARCELS
100
AcDbPolyline
 90
5
 70
0
 10
-333754.849
 20
-27781.88
 10
-333744.4870000001
 20
-27749.886
 10
-333741.148
 20
-27737.184
 10
-333740.2920000001
 20
-27734.116
 10
-333738.914
 20
-27728.6
  0
LWPOLYLINE
  5
26D
330
17
100
AcDbEntity
  8
EB-BASE-PARCELS
100
AcDbPolyline
 90
2
 70
0
 10
-333639.4100000001
 20
-27756.39
 10
-333637.4340000001
 20
-27753.173
  0
LWPOLYLINE
  5
26E
330
17
100
AcDbEntity
  8
EB-BASE-PARCELS
100
AcDbPolyline
 90
2
 70
0
 10
-333637.4340000001
 20
-27753.173
 10
-333637.364
 20
-27753.042
  0
LWPOLYLINE
  5
26F
330
17
100
AcDbEntity
  8
EB-BASE-PARCELS
100
AcDbPolyline
 90
14
 70
0
 10
-333626.669
 20
-27760.531
 10
-333627.182
 20
-27759.918
 10
-333627.636
 20
-27759.326
 10
-333628.066
 20
-27758.651
 10
-333628.396
 20
-27758.119
 10
-333628.758
 20
-27757.187
 10
-333628.8990000001
 20
-27756.641
 10
-333628.998
 20
-27756.122
 10
-333629.08
 20
-27755.136
 10
-333629.096
 20
-27754.27
 10
-333628.8990000001
 20
-27753.184
 10
-333628.6620000001
 20
-27752.433
 10
-333628.251
 20
-27751.66
 10
-333627.935
 20
-27751.014
  0
LWPOLYLINE
  5
270
330
17
100
AcDbEntity
  8
EB-BASE-PARCELS
100
AcDbPolyline
 90
2
 70
0
 10
-333627.935
 20
-27751.014
 10
-333627.56
 20
-27750.944
  0
LWPOLYLINE
  5
271
330
17
100
AcDbEntity
  8
EB-BASE-PARCELS
100
AcDbPolyline
 90
7
 70
0
 10
-333567.131
 20
-27736.086
 10
-333556.552
 20
-27735.268
 10
-333546.056
 20
-27734.41
 10
-333538.975
 20
-27733.403
 10
-333529.072
 20
-27732.071
 10
-333526.2470000001
 20
-27709.013
 10
-333525.017
 20
-27698.783
  0
LWPOLYLINE
  5
272
330
17
100
AcDbEntity
  8
EB-BASE-PARCELS
100
AcDbPolyline
 90
15
 70
0
 10
-333545.714
 20
-27781.491
 10
-333544.695
 20
-27781.124
 10
-333535.5250000001
 20
-27777.73
 10
-333531.811
 20
-27776.332
 10
-333528.036
 20
-27774.919
 10
-333524.246
 20
-27773.489
 10
-333520.4560000001
 20
-27772.105
 10
-333519.1980000001
 20
-27771.658
 10
-333518.154
 20
-27771.121
 10
-333517.065
 20
-27770.383
 10
-333514.3410000001
 20
-27768.524
 10
-333512.6070000001
 20
-27766.942
 10
-333510.9110000001
 20
-27765.298
 10
-333503.867
 20
-27758.536
 10
-333502.215
 20
-27756.939
  0
LWPOLYLINE
  5
273
330
17
100
AcDbEntity
  8
EB-BASE-PARCELS
100
AcDbPolyline
 90
2
 70
0
 10
-333502.215
 20
-27756.939
 10
-333499.2550000001
 20
-27754.12
  0
LWPOLYLINE
  5
274
330
17
100
AcDbEntity
  8
EB-BASE-PARCELS
100
AcDbPolyline
 90
4
 70
0
 10
-333586.033
 20
-27741.679
 10
-333582.216
 20
-27740.546
 10
-333566.816
 20
-27738.052
 10
-333567.131
 20
-27736.086
  0
LWPOLYLINE
  5
275
330
17
100
AcDbEntity
  8
EB-BASE-PARCELS
100
AcDbPolyline
 90
8
 70
0
 10
-333499.2550000001
 20
-27754.12
 10
-333495.264
 20
-27749.325
 10
-333486.707
 20
-27739.274
 10
-333474.679
 20
-27725.066
 10
-333474.218
 20
-27724.279
 10
-333473.928
 20
-27723.577
 10
-333473.7350000001
 20
-27722.416
 10
-333473.816
 20
-27721.662
  0
LWPOLYLINE
  5
276
330
17
100
AcDbEntity
  8
EB-BASE-PARCELS
100
AcDbPolyline
 90
3
 70
0
 10
-333627.56
 20
-27750.944
 10
-333621.702
 20
-27749.851
 10
-333621.3690000001
 20
-27749.812
  0
LWPOLYLINE
  5
277
330
17
100
AcDbEntity
  8
EB-BASE-PARCELS
100
AcDbPolyline
 90
7
 70
0
 10
-333499.2550000001
 20
-27754.12
 10
-333496.089
 20
-27751.043
 10
-333492.436
 20
-27747.54
 10
-333488.6330000001
 20
-27744.142
 10
-333483.8830000001
 20
-27740.685
 10
-333473.027
 20
-27732.992
 10
-333467.5450000001
 20
-27729.067
  0
LWPOLYLINE
  5
278
330
17
100
AcDbEntity
  8
EB-BASE-PARCELS
100
AcDbPolyline
 90
3
 70
0
 10
-333628.5270000001
 20
-27751.136
 10
-333613.0820000001
 20
-27718.539
 10
-333611.2530000001
 20
-27714.488
  0
LWPOLYLINE
  5
279
330
17
100
AcDbEntity
  8
EB-BASE-PARCELS
100
AcDbPolyline
 90
2
 70
0
 10
-333623.2900000001
 20
-27710.88
 10
-333611.2530000001
 20
-27714.488
  0
LWPOLYLINE
  5
27A
330
17
100
AcDbEntity
  8
EB-BASE-PARCELS
100
AcDbPolyline
 90
7
 70
0
 10
-333726.007
 20
-27696.626
 10
-333727.6220000001
 20
-27701.099
 10
-333730.445
 20
-27708.844
 10
-333732.46
 20
-27714.325
 10
-333735.4540000001
 20
-27722.471
 10
-333737.393
 20
-27727.761
 10
-333737.745
 20
-27728.922
  0
LWPOLYLINE
  5
27B
330
17
100
AcDbEntity
  8
EB-BASE-PARCELS
100
AcDbPolyline
 90
3
 70
0
 10
-333717.415
 20
-27699.218
 10
-333720.6950000001
 20
-27698.226
 10
-333726.007
 20
-27696.626
  0
LWPOLYLINE
  5
27C
330
17
100
AcDbEntity
  8
EB-BASE-PARCELS
100
AcDbPolyline
 90
3
 70
0
 10
-333706.222
 20
-27702.451
 10
-333711.603
 20
-27700.864
 10
-333717.415
 20
-27699.218
  0
LWPOLYLINE
  5
27D
330
17
100
AcDbEntity
  8
EB-BASE-PARCELS
100
AcDbPolyline
 90
4
 70
0
 10
-333613.646
 20
-27707.537
 10
-333613.137
 20
-27707.69
 10
-333608.632
 20
-27709.01
 10
-333611.2530000001
 20
-27714.488
  0
LWPOLYLINE
  5
27E
330
17
100
AcDbEntity
  8
EB-BASE-PARCELS
100
AcDbPolyline
 90
2
 70
0
 10
-333615.779
 20
-27658.496
 10
-333629.561
 20
-27652.409
  0
LWPOLYLINE
  5
27F
330
17
100
AcDbEntity
  8
EB-BASE-PARCELS
100
AcDbPolyline
 90
4
 70
0
 10
-333632.8620000001
 20
-27663.992
 10
-333632.333
 20
-27662.139
 10
-333629.8810000001
 20
-27653.503
 10
-333629.561
 20
-27652.409
  0
LWPOLYLINE
  5
280
330
17
100
AcDbEntity
  8
EB-BASE-PARCELS
100
AcDbPolyline
 90
3
 70
0
 10
-333615.779
 20
-27658.496
 10
-333628.878
 20
-27702.971
 10
-333613.646
 20
-27707.537
  0
LWPOLYLINE
  5
281
330
17
100
AcDbEntity
  8
EB-BASE-PARCELS
100
AcDbPolyline
 90
2
 70
0
 10
-333578.816
 20
-27672.678
 10
-333615.5010000001
 20
-27657.7
  0
LWPOLYLINE
  5
282
330
17
100
AcDbEntity
  8
EB-BASE-PARCELS
100
AcDbPolyline
 90
3
 70
0
 10
-333615.779
 20
-27658.496
 10
-333615.572
 20
-27657.933
 10
-333615.5010000001
 20
-27657.7
  0
LWPOLYLINE
  5
283
330
17
100
AcDbEntity
  8
EB-BASE-PARCELS
100
AcDbPolyline
 90
14
 70
0
 10
-333615.779
 20
-27658.496
 10
-333600.4210000001
 20
-27665.313
 10
-333598.9480000001
 20
-27666.327
 10
-333597.8470000001
 20
-27667.297
 10
-333596.848
 20
-27668.473
 10
-333596.006
 20
-27669.784
 10
-333595.546
 20
-27670.985
 10
-333595.052
 20
-27672.51
 10
-333594.82
 20
-27673.86
 10
-333594.808
 20
-27675.442
 10
-333594.931
 20
-27677.061
 10
-333595.661
 20
-27679.349
 10
-333596.031
 20
-27680.165
 10
-333613.646
 20
-27707.537
  0
LWPOLYLINE
  5
284
330
17
100
AcDbEntity
  8
EB-BASE-PARCELS
100
AcDbPolyline
 90
7
 70
0
 10
-333627.56
 20
-27750.944
 10
-333584.595
 20
-27684.546
 10
-333583.587
 20
-27682.967
 10
-333581.9890000001
 20
-27681.33
 10
-333580.891
 20
-27680.627
 10
-333579.683
 20
-27679.888
 10
-333578.5790000001
 20
-27679.456
  0
LWPOLYLINE
  5
285
330
17
100
AcDbEntity
  8
EB-BASE-PARCELS
100
AcDbPolyline
 90
2
 70
0
 10
-333567.131
 20
-27736.086
 10
-333567.9900000001
 20
-27731.496
  0
LWPOLYLINE
  5
286
330
17
100
AcDbEntity
  8
EB-BASE-PARCELS
100
AcDbPolyline
 90
3
 70
0
 10
-333675.1250000001
 20
-27680.091
 10
-333671.317
 20
-27681.275
 10
-333658.506
 20
-27685.131
  0
LWPOLYLINE
  5
287
330
17
100
AcDbEntity
  8
EB-BASE-PARCELS
100
AcDbPolyline
 90
6
 70
0
 10
-333700.9000000001
 20
-27654.691
 10
-333700.302
 20
-27653.7
 10
-333696.61
 20
-27647.645
 10
-333694.721
 20
-27644.509
 10
-333692.8310000001
 20
-27641.438
 10
-333690.532
 20
-27637.666
  0
LWPOLYLINE
  5
288
330
17
100
AcDbEntity
  8
EB-BASE-PARCELS
100
AcDbPolyline
 90
3
 70
0
 10
-333690.532
 20
-27637.666
 10
-333668.7630000001
 20
-27644.304
 10
-333670.047
 20
-27648.554
  0
LWPOLYLINE
  5
289
330
17
100
AcDbEntity
  8
EB-BASE-PARCELS
100
AcDbPolyline
 90
2
 70
0
 10
-333707.347
 20
-27672.072
 10
-333700.9000000001
 20
-27654.691
  0
LWPOLYLINE
  5
28A
330
17
100
AcDbEntity
  8
EB-BASE-PARCELS
100
AcDbPolyline
 90
2
 70
0
 10
-333717.415
 20
-27699.218
 10
-333707.5900000001
 20
-27672.727
  0
LWPOLYLINE
  5
28B
330
17
100
AcDbEntity
  8
EB-BASE-PARCELS
100
AcDbPolyline
 90
2
 70
0
 10
-333629.561
 20
-27652.409
 10
-333626.67
 20
-27642.447
  0
LWPOLYLINE
  5
28C
330
17
100
AcDbEntity
  8
EB-BASE-PARCELS
100
AcDbPolyline
 90
3
 70
0
 10
-333682.421
 20
-27624.43
 10
-333686.7870000001
 20
-27631.562
 10
-333690.532
 20
-27637.666
  0
LWPOLYLINE
  5
28D
330
17
100
AcDbEntity
  8
EB-BASE-PARCELS
100
AcDbPolyline
 90
2
 70
0
 10
-333615.5010000001
 20
-27657.7
 10
-333612.1830000001
 20
-27646.8
  0
LWPOLYLINE
  5
28E
330
17
100
AcDbEntity
  8
EB-BASE-PARCELS
100
AcDbPolyline
 90
2
 70
0
 10
-333677.488
 20
-27808.682
 10
-333673.402
 20
-27810.145
  0
LWPOLYLINE
  5
28F
330
17
100
AcDbEntity
  8
EB-BASE-PARCELS
100
AcDbPolyline
 90
2
 70
0
 10
-333673.402
 20
-27810.145
 10
-333645.877
 20
-27766.773
  0
LWPOLYLINE
  5
290
330
17
100
AcDbEntity
  8
EB-BASE-PARCELS
100
AcDbPolyline
 90
12
 70
0
 10
-333640.4620000001
 20
-27808.815
 10
-333639.374
 20
-27807.75
 10
-333623.3300000001
 20
-27799.357
 10
-333611.5250000001
 20
-27799.163
 10
-333604.136
 20
-27805.386
 10
-333602.103
 20
-27805.585
 10
-333599.701
 20
-27805.661
 10
-333594.605
 20
-27805.294
 10
-333590.831
 20
-27802.633
 10
-333585.8340000001
 20
-27799.058
 10
-333578.1230000001
 20
-27793.677
 10
-333572.7590000001
 20
-27791.678
  0
LWPOLYLINE
  5
291
330
17
100
AcDbEntity
  8
EB-BASE-PARCELS
100
AcDbPolyline
 90
5
 70
0
 10
-333673.402
 20
-27810.145
 10
-333669.6000000001
 20
-27811.439
 10
-333662.9090000001
 20
-27813.726
 10
-333655.603
 20
-27816.214
 10
-333650.991
 20
-27817.783
  0
LWPOLYLINE
  5
292
330
17
100
AcDbEntity
  8
EB-BASE-PARCELS
100
AcDbPolyline
 90
6
 70
0
 10
-333650.991
 20
-27817.783
 10
-333650.315
 20
-27817.076
 10
-333643.9230000001
 20
-27810.977
 10
-333643.14
 20
-27810.455
 10
-333641.8050000001
 20
-27810.131
 10
-333640.4620000001
 20
-27808.815
  0
LWPOLYLINE
  5
293
330
17
100
AcDbEntity
  8
EB-BASE-PARCELS
100
AcDbPolyline
 90
2
 70
0
 10
-333501.741
 20
-27757.293
 10
-333502.215
 20
-27756.939
  0
LWPOLYLINE
  5
294
330
17
100
AcDbEntity
  8
EB-BASE-PARCELS
100
AcDbPolyline
 90
2
 70
0
 10
-333562.805
 20
-27790.6
 10
-333564.341
 20
-27788.484
  0
LWPOLYLINE
  5
295
330
17
100
AcDbEntity
  8
EB-BASE-PARCELS
100
AcDbPolyline
 90
3
 70
0
 10
-333640.4620000001
 20
-27808.815
 10
-333639.8680000001
 20
-27809.037
 10
-333637.441
 20
-27809.945
  0
LWPOLYLINE
  5
296
330
17
100
AcDbEntity
  8
EB-BASE-PARCELS
100
AcDbPolyline
 90
8
 70
0
 10
-333562.805
 20
-27790.6
 10
-333576.179
 20
-27795.631
 10
-333593.817
 20
-27807.419
 10
-333596.6770000001
 20
-27808.986
 10
-333603.964
 20
-27807.76
 10
-333613.737
 20
-27802.138
 10
-333622.4540000001
 20
-27802.478
 10
-333637.441
 20
-27809.945
  0
LWPOLYLINE
  5
297
330
17
100
AcDbEntity
  8
EB-BASE-PARCELS
100
AcDbPolyline
 90
2
 70
0
 10
-333561.0080000001
 20
-27792.679
 10
-333562.805
 20
-27790.6
  0
LWPOLYLINE
  5
298
330
17
100
AcDbEntity
  8
EB-BASE-PARCELS
100
AcDbPolyline
 90
2
 70
0
 10
-333637.441
 20
-27809.945
 10
-333633.829
 20
-27811.398
  0
LWPOLYLINE
  5
299
330
17
100
AcDbEntity
  8
EB-BASE-PARCELS
100
AcDbPolyline
 90
18
 70
0
 10
-333401.681
 20
-27852.35000000001
 10
-333406.594
 20
-27857.773
 10
-333410.65
 20
-27862.171
 10
-333415.042
 20
-27866.925
 10
-333421.383
 20
-27873.78
 10
-333426.073
 20
-27878.812
 10
-333432.181
 20
-27885.329
 10
-333439.4930000001
 20
-27893.135
 10
-333443.941
 20
-27898.05
 10
-333448.354
 20
-27902.767
 10
-333453.082
 20
-27907.878
 10
-333457.87
 20
-27913.07
 10
-333460.94
 20
-27916.447
 10
-333469.9840000001
 20
-27926.131
 10
-333475.1490000001
 20
-27931.768
 10
-333480.191
 20
-27937.04
 10
-333482.2470000001
 20
-27934.746
 10
-333482.376
 20
-27934.602
  0
LWPOLYLINE
  5
29A
330
17
100
AcDbEntity
  8
EB-BASE-PARCELS
100
AcDbPolyline
 90
5
 70
0
 10
-333630.526
 20
-27825.039
 10
-333632.9170000001
 20
-27824.024
 10
-333639.505
 20
-27821.733
 10
-333642.7710000001
 20
-27820.606
 10
-333645.3200000001
 20
-27819.729
  0
LWPOLYLINE
  5
29B
330
17
100
AcDbEntity
  8
EB-BASE-PARCELS
100
AcDbPolyline
 90
2
 70
0
 10
-333645.3200000001
 20
-27819.729
 10
-333643.4380000001
 20
-27818.136
  0
LWPOLYLINE
  5
29C
330
17
100
AcDbEntity
  8
EB-BASE-PARCELS
100
AcDbPolyline
 90
2
 70
0
 10
-333643.022
 20
-27755.136
 10
-333642.181
 20
-27753.819
  0
LWPOLYLINE
  5
29D
330
17
100
AcDbEntity
  8
EB-BASE-PARCELS
100
AcDbPolyline
 90
8
 70
0
 10
-333562.805
 20
-27790.6
 10
-333559.6800000001
 20
-27789.398
 10
-333542.855
 20
-27783.301
 10
-333528.449
 20
-27777.942
 10
-333517.898
 20
-27773.863
 10
-333513.175
 20
-27770.957
 10
-333506.891
 20
-27765.013
 10
-333500.089
 20
-27758.528
  0
LWPOLYLINE
  5
29E
330
17
100
AcDbEntity
  8
EB-BASE-PARCELS
100
AcDbPolyline
 90
2
 70
0
 10
-333711.8800000001
 20
-27862.388
 10
-333709.072
 20
-27857.949
  0
LWPOLYLINE
  5
29F
330
17
100
AcDbEntity
  8
EB-BASE-PARCELS
100
AcDbPolyline
 90
3
 70
0
 10
-333724.7480000001
 20
-27882.526
 10
-333720.109
 20
-27875.342
 10
-333712.45
 20
-27863.284
  0
LWPOLYLINE
  5
2A0
330
17
100
AcDbEntity
  8
EB-BASE-PARCELS
100
AcDbPolyline
 90
2
 70
0
 10
-333708.455
 20
-27840.351
 10
-333718.464
 20
-27836.865
  0
LWPOLYLINE
  5
2A1
330
17
100
AcDbEntity
  8
EB-BASE-PARCELS
100
AcDbPolyline
 90
8
 70
0
 10
-333774.547
 20
-27855.665
 10
-333774.4290000001
 20
-27854.765
 10
-333773.635
 20
-27849.113
 10
-333766.632
 20
-27831.102
 10
-333766.137
 20
-27830.09
 10
-333764.869
 20
-27828.153
 10
-333763.8180000001
 20
-27827.003
 10
-333762.4480000001
 20
-27825.88
  0
LWPOLYLINE
  5
2A2
330
17
100
AcDbEntity
  8
EB-BASE-PARCELS
100
AcDbPolyline
 90
7
 70
0
 10
-333762.4480000001
 20
-27825.88
 10
-333761.3370000001
 20
-27825.22
 10
-333760.2550000001
 20
-27824.798
 10
-333758.642
 20
-27824.396
 10
-333757.01
 20
-27824.209
 10
-333755.716
 20
-27824.168
 10
-333754.859
 20
-27824.224
  0
LWPOLYLINE
  5
2A3
330
17
100
AcDbEntity
  8
EB-BASE-PARCELS
100
AcDbPolyline
 90
2
 70
0
 10
-333740.148
 20
-27829.355
 10
-333754.859
 20
-27824.224
  0
LWPOLYLINE
  5
2A4
330
17
100
AcDbEntity
  8
EB-BASE-PARCELS
100
AcDbPolyline
 90
3
 70
0
 10
-333726.007
 20
-27696.626
 10
-333725.316
 20
-27695.242
 10
-333723.2530000001
 20
-27691.776
  0
LWPOLYLINE
  5
2A5
330
17
100
AcDbEntity
  8
EB-BASE-PARCELS
100
AcDbPolyline
 90
2
 70
0
 10
-333710.0260000001
 20
-27669.826
 10
-333700.9000000001
 20
-27654.691
  0
LWPOLYLINE
  5
2A6
330
17
100
AcDbEntity
  8
EB-BASE-PARCELS
100
AcDbPolyline
 90
3
 70
0
 10
-333713.6390000001
 20
-27675.814
 10
-333713.185
 20
-27675.066
 10
-333710.279
 20
-27670.246
  0
LWPOLYLINE
  5
2A7
330
17
100
AcDbEntity
  8
EB-BASE-PARCELS
100
AcDbPolyline
 90
3
 70
0
 10
-333723.03
 20
-27691.401
 10
-333721.6870000001
 20
-27689.144
 10
-333719.305
 20
-27685.17
  0
LWPOLYLINE
  5
2A8
330
17
100
AcDbEntity
  8
EB-BASE-PARCELS
100
AcDbPolyline
 90
3
 70
0
 10
-333719.305
 20
-27685.17
 10
-333718.511
 20
-27683.846
 10
-333713.6390000001
 20
-27675.814
  0
LWPOLYLINE
  5
2A9
330
17
100
AcDbEntity
  8
EB-BASE-PARCELS
100
AcDbPolyline
 90
2
 70
0
 10
-333788.702
 20
-27671.495
 10
-333776.826
 20
-27669.519
  0
LWPOLYLINE
  5
2AA
330
17
100
AcDbEntity
  8
EB-BASE-PARCELS
100
AcDbPolyline
 90
2
 70
0
 10
-333749.63
 20
-27681.15
 10
-333751.186
 20
-27685.682
  0
LWPOLYLINE
  5
2AB
330
17
100
AcDbEntity
  8
EB-BASE-PARCELS
100
AcDbPolyline
 90
2
 70
0
 10
-333722.974
 20
-27680.771
 10
-333718.887
 20
-27669.182
  0
LWPOLYLINE
  5
2AC
330
17
100
AcDbEntity
  8
EB-BASE-PARCELS
100
AcDbPolyline
 90
3
 70
0
 10
-333722.974
 20
-27680.771
 10
-333724.7530000001
 20
-27683.691
 10
-333729.9270000001
 20
-27692.347
  0
LWPOLYLINE
  5
2AD
330
17
100
AcDbEntity
  8
EB-BASE-PARCELS
100
AcDbPolyline
 90
2
 70
0
 10
-333730.393
 20
-27693.127
 10
-333730.98
 20
-27694.109
  0
LWPOLYLINE
  5
2AE
330
17
100
AcDbEntity
  8
EB-BASE-PARCELS
100
AcDbPolyline
 90
9
 70
0
 10
-333722.974
 20
-27680.771
 10
-333719.168
 20
-27674.503
 10
-333715.1600000001
 20
-27667.878
 10
-333711.27
 20
-27661.467
 10
-333707.427
 20
-27655.127
 10
-333703.561
 20
-27648.716
 10
-333697.43
 20
-27638.696
 10
-333691.322
 20
-27628.629
 10
-333687.559
 20
-27622.462
  0
LWPOLYLINE
  5
2AF
330
17
100
AcDbEntity
  8
EB-BASE-PARCELS
100
AcDbPolyline
 90
3
 70
0
 10
-333738.914
 20
-27728.6
 10
-333738.7580000001
 20
-27727.91
 10
-333742.711
 20
-27726.337
  0
LWPOLYLINE
  5
2B0
330
17
100
AcDbEntity
  8
EB-BASE-PARCELS
100
AcDbPolyline
 90
2
 70
0
 10
-333747.021
 20
-27724.736
 10
-333743.6330000001
 20
-27726.021
  0
LWPOLYLINE
  5
2B1
330
17
100
AcDbEntity
  8
EB-BASE-PARCELS
100
AcDbPolyline
 90
2
 70
0
 10
-333738.803
 20
-27631.862
 10
-333719.25
 20
-27612.597
  0
LWPOLYLINE
  5
2B2
330
17
100
AcDbEntity
  8
EB-BASE-PARCELS
100
AcDbPolyline
 90
11
 70
0
 10
-333709.726
 20
-27643.236
 10
-333705.109
 20
-27630.397
 10
-333704.928
 20
-27627.738
 10
-333705.026
 20
-27625.566
 10
-333705.439
 20
-27623.877
 10
-333706.394
 20
-27621.421
 10
-333707.3
 20
-27620.002
 10
-333708.594
 20
-27618.353
 10
-333710.24
 20
-27616.808
 10
-333710.8960000001
 20
-27616.295
 10
-333719.25
 20
-27612.597
  0
LWPOLYLINE
  5
2B3
330
17
100
AcDbEntity
  8
EB-BASE-PARCELS
100
AcDbPolyline
 90
2
 70
0
 10
-333719.25
 20
-27612.597
 10
-333714.4400000001
 20
-27608.039
  0
LWPOLYLINE
  5
2B4
330
17
100
AcDbEntity
  8
EB-BASE-PARCELS
100
AcDbPolyline
 90
2
 70
0
 10
-333781.048
 20
-27869.391
 10
-333774.547
 20
-27855.665
  0
LWPOLYLINE
  5
2B5
330
17
100
AcDbEntity
  8
EB-BASE-PARCELS
100
AcDbPolyline
 90
2
 70
0
 10
-333759.564
 20
-27880.613
 10
-333759.1130000001
 20
-27879.705
  0
LWPOLYLINE
  5
2B6
330
17
100
AcDbEntity
  8
EB-BASE-PARCELS
100
AcDbPolyline
 90
2
 70
0
 10
-333754.137
 20
-27883.162
 10
-333756.0420000001
 20
-27887.063
  0
LWPOLYLINE
  5
2B7
330
17
100
AcDbEntity
  8
EB-BASE-PARCELS
100
AcDbPolyline
 90
2
 70
0
 10
-333768.742
 20
-27894.666
 10
-333759.1230000001
 20
-27898.238
  0
LWPOLYLINE
  5
2B8
330
17
100
AcDbEntity
  8
EB-BASE-PARCELS
100
AcDbPolyline
 90
2
 70
0
 10
-333743.37
 20
-27888.294
 10
-333744.989
 20
-27891.198
  0
LWPOLYLINE
  5
2B9
330
17
100
AcDbEntity
  8
EB-BASE-PARCELS
100
AcDbPolyline
 90
3
 70
0
 10
-333723.175
 20
-27911.567
 10
-333713.0310000001
 20
-27915.405
 10
-333706.201
 20
-27900.835
  0
LWPOLYLINE
  5
2BA
330
17
100
AcDbEntity
  8
EB-BASE-PARCELS
100
AcDbPolyline
 90
3
 70
0
 10
-333706.201
 20
-27900.835
 10
-333705.373
 20
-27899.068
 10
-333704.455
 20
-27897.494
  0
LWPOLYLINE
  5
2BB
330
17
100
AcDbEntity
  8
EB-BASE-PARCELS
100
AcDbPolyline
 90
4
 70
0
 10
-333717.0690000001
 20
-27928.581
 10
-333713.631
 20
-27924.342
 10
-333712.626
 20
-27922.744
 10
-333703.356
 20
-27902.569
  0
LWPOLYLINE
  5
2BC
330
17
100
AcDbEntity
  8
EB-BASE-PARCELS
100
AcDbPolyline
 90
4
 70
0
 10
-333703.356
 20
-27902.569
 10
-333703.307
 20
-27902.463
 10
-333702.2500000001
 20
-27901.039
 10
-333698.956
 20
-27897.641
  0
LWPOLYLINE
  5
2BD
330
17
100
AcDbEntity
  8
EB-BASE-PARCELS
100
AcDbPolyline
 90
3
 70
0
 10
-333698.956
 20
-27897.641
 10
-333696.709
 20
-27898.836
 10
-333642.693
 20
-27927.907
  0
LWPOLYLINE
  5
2BE
330
17
100
AcDbEntity
  8
EB-BASE-PARCELS
100
AcDbPolyline
 90
2
 70
0
 10
-333642.693
 20
-27927.907
 10
-333661.8470000001
 20
-27958.27
  0
LWPOLYLINE
  5
2BF
330
17
100
AcDbEntity
  8
EB-BASE-PARCELS
100
AcDbPolyline
 90
2
 70
0
 10
-333661.8470000001
 20
-27958.27
 10
-333717.0690000001
 20
-27928.581
  0
LWPOLYLINE
  5
2C0
330
17
100
AcDbEntity
  8
EB-BASE-PARCELS
100
AcDbPolyline
 90
2
 70
0
 10
-333750.044
 20
-27920.656
 10
-333758.153
 20
-27933.333
  0
LWPOLYLINE
  5
2C1
330
17
100
AcDbEntity
  8
EB-BASE-PARCELS
100
AcDbPolyline
 90
3
 70
0
 10
-333749.3850000001
 20
-27914.619
 10
-333747.777
 20
-27917.113
 10
-333748.025
 20
-27917.5
  0
LWPOLYLINE
  5
2C2
330
17
100
AcDbEntity
  8
EB-BASE-PARCELS
100
AcDbPolyline
 90
2
 70
0
 10
-333770.073
 20
-27906.874
 10
-333768.483
 20
-27907.455
  0
LWPOLYLINE
  5
2C3
330
17
100
AcDbEntity
  8
EB-BASE-PARCELS
100
AcDbPolyline
 90
2
 70
0
 10
-333787.223
 20
-27916.546
 10
-333792.5850000001
 20
-27926.611
  0
LWPOLYLINE
  5
2C4
330
17
100
AcDbEntity
  8
EB-BASE-PARCELS
100
AcDbPolyline
 90
2
 70
0
 10
-333800.7500000001
 20
-27908.141
 10
-333807.0200000001
 20
-27917.771
  0
LWPOLYLINE
  5
2C5
330
17
100
AcDbEntity
  8
EB-BASE-PARCELS
100
AcDbPolyline
 90
2
 70
0
 10
-333807.0200000001
 20
-27917.771
 10
-333792.5850000001
 20
-27926.611
  0
LWPOLYLINE
  5
2C6
330
17
100
AcDbEntity
  8
EB-BASE-PARCELS
100
AcDbPolyline
 90
2
 70
0
 10
-333792.5850000001
 20
-27926.611
 10
-333793.572
 20
-27928.468
  0
LWPOLYLINE
  5
2C7
330
17
100
AcDbEntity
  8
EB-BASE-PARCELS
100
AcDbPolyline
 90
2
 70
0
 10
-333790.071
 20
-27930.551
 10
-333787.171
 20
-27932.375
  0
LWPOLYLINE
  5
2C8
330
17
100
AcDbEntity
  8
EB-BASE-PARCELS
100
AcDbPolyline
 90
2
 70
0
 10
-333776.8780000001
 20
-27922.901
 10
-333777.867
 20
-27924.495
  0
LWPOLYLINE
  5
2C9
330
17
100
AcDbEntity
  8
EB-BASE-PARCELS
100
AcDbPolyline
 90
2
 70
0
 10
-333797.379
 20
-27935.988
 10
-333797.4670000001
 20
-27936.163
  0
LWPOLYLINE
  5
2CA
330
17
100
AcDbEntity
  8
EB-BASE-PARCELS
100
AcDbPolyline
 90
4
 70
0
 10
-333730.0680000001
 20
-27921.72
 10
-333738.92
 20
-27918.422
 10
-333741.873
 20
-27918.862
 10
-333744.8250000001
 20
-27923.559
  0
LWPOLYLINE
  5
2CB
330
17
100
AcDbEntity
  8
EB-BASE-PARCELS
100
AcDbPolyline
 90
2
 70
0
 10
-333729.795
 20
-27942.352
 10
-333731.393
 20
-27941.331
  0
LWPOLYLINE
  5
2CC
330
17
100
AcDbEntity
  8
EB-BASE-PARCELS
100
AcDbPolyline
 90
2
 70
0
 10
-333727.8560000001
 20
-27938.409
 10
-333729.795
 20
-27942.352
  0
LWPOLYLINE
  5
2CD
330
17
100
AcDbEntity
  8
EB-BASE-PARCELS
100
AcDbPolyline
 90
2
 70
0
 10
-333734.6890000001
 20
-27952.076
 10
-333729.795
 20
-27942.352
  0
LWPOLYLINE
  5
2CE
330
17
100
AcDbEntity
  8
EB-BASE-PARCELS
100
AcDbPolyline
 90
2
 70
0
 10
-333734.6890000001
 20
-27952.076
 10
-333737.24
 20
-27950.462
  0
LWPOLYLINE
  5
2CF
330
17
100
AcDbEntity
  8
EB-BASE-PARCELS
100
AcDbPolyline
 90
2
 70
0
 10
-333753.875
 20
-27952.935
 10
-333756.531
 20
-27951.287
  0
LWPOLYLINE
  5
2D0
330
17
100
AcDbEntity
  8
EB-BASE-PARCELS
100
AcDbPolyline
 90
6
 70
0
 10
-333734.6890000001
 20
-27952.076
 10
-333735.853
 20
-27954.361
 10
-333736.205
 20
-27954.775
 10
-333736.665
 20
-27955.097
 10
-333738.5800000001
 20
-27955.68
 10
-333740.811
 20
-27956.165
  0
LWPOLYLINE
  5
2D1
330
17
100
AcDbEntity
  8
EB-BASE-PARCELS
100
AcDbPolyline
 90
3
 70
0
 10
-333591.3610000001
 20
-27996.425
 10
-333572.175
 20
-27965.844
 10
-333607.413
 20
-27946.868
  0
LWPOLYLINE
  5
2D2
330
17
100
AcDbEntity
  8
EB-BASE-PARCELS
100
AcDbPolyline
 90
2
 70
0
 10
-333607.413
 20
-27946.868
 10
-333626.7390000001
 20
-27977.288
  0
LWPOLYLINE
  5
2D3
330
17
100
AcDbEntity
  8
EB-BASE-PARCELS
100
AcDbPolyline
 90
2
 70
0
 10
-333626.7390000001
 20
-27977.288
 10
-333591.3610000001
 20
-27996.425
  0
LWPOLYLINE
  5
2D4
330
17
100
AcDbEntity
  8
EB-BASE-PARCELS
100
AcDbPolyline
 90
2
 70
0
 10
-333620.05
 20
-27940.026
 10
-333607.413
 20
-27946.868
  0
LWPOLYLINE
  5
2D5
330
17
100
AcDbEntity
  8
EB-BASE-PARCELS
100
AcDbPolyline
 90
2
 70
0
 10
-333639.3620000001
 20
-27970.496
 10
-333620.05
 20
-27940.026
  0
LWPOLYLINE
  5
2D6
330
17
100
AcDbEntity
  8
EB-BASE-PARCELS
100
AcDbPolyline
 90
2
 70
0
 10
-333639.3620000001
 20
-27970.496
 10
-333626.7390000001
 20
-27977.288
  0
LWPOLYLINE
  5
2D7
330
17
100
AcDbEntity
  8
EB-BASE-PARCELS
100
AcDbPolyline
 90
2
 70
0
 10
-333642.693
 20
-27927.907
 10
-333620.05
 20
-27940.026
  0
LWPOLYLINE
  5
2D8
330
17
100
AcDbEntity
  8
EB-BASE-PARCELS
100
AcDbPolyline
 90
2
 70
0
 10
-333661.8470000001
 20
-27958.27
 10
-333639.3620000001
 20
-27970.496
  0
LWPOLYLINE
  5
2D9
330
17
100
AcDbEntity
  8
EB-BASE-PARCELS
100
AcDbPolyline
 90
3
 70
0
 10
-333808.083
 20
-27919.313
 10
-333801.063
 20
-27923.766
 10
-333800.941
 20
-27923.843
  0
LWPOLYLINE
  5
2DA
330
17
100
AcDbEntity
  8
EB-BASE-PARCELS
100
AcDbPolyline
 90
5
 70
0
 10
-333765.928
 20
-27945.486
 10
-333764.7490000001
 20
-27946.155
 10
-333771.488
 20
-27955.943
 10
-333786.285
 20
-27976.27
 10
-333798.441
 20
-27991.87
  0
LWPOLYLINE
  5
2DB
330
17
100
AcDbEntity
  8
EB-BASE-PARCELS
100
AcDbPolyline
 90
8
 70
0
 10
-333798.441
 20
-27991.87
 10
-333803.908
 20
-27996.155
 10
-333804.7150000001
 20
-27996.951
 10
-333805.1760000001
 20
-27997.527
 10
-333805.739
 20
-27998.329
 10
-333809.2320000001
 20
-28005.153
 10
-333811.249
 20
-28009.029
 10
-333811.966
 20
-28011.137
  0
LWPOLYLINE
  5
2DC
330
17
100
AcDbEntity
  8
EB-BASE-PARCELS
100
AcDbPolyline
 90
5
 70
0
 10
-333853.352
 20
-27985.874
 10
-333853.626
 20
-27985.712
 10
-333824.259
 20
-27940.439
 10
-333809.99
 20
-27918.235
 10
-333808.083
 20
-27919.313
  0
LWPOLYLINE
  5
2DD
330
17
100
AcDbEntity
  8
EB-BASE-PARCELS
100
AcDbPolyline
 90
21
 70
0
 10
-333745.514
 20
-27958.123
 10
-333748.735
 20
-27961.141
 10
-333749.157
 20
-27961.632
 10
-333749.461
 20
-27962.308
 10
-333751.1060000001
 20
-27967.307
 10
-333752.221
 20
-27971.652
 10
-333752.8370000001
 20
-27973.655
 10
-333753.175
 20
-27974.551
 10
-333754.517
 20
-27977.282
 10
-333755.4710000001
 20
-27978.813
 10
-333756.0960000001
 20
-27979.642
 10
-333756.881
 20
-27980.478
 10
-333757.607
 20
-27981.052
 10
-333758.679
 20
-27981.67
 10
-333759.186
 20
-27981.822
 10
-333759.794
 20
-27981.805
 10
-333778.453
 20
-27977.408
 10
-333779.044
 20
-27977.391
 10
-333779.432
 20
-27977.459
 10
-333779.8880000001
 20
-27977.713
 10
-333782.344
 20
-27979.842
  0
LWPOLYLINE
  5
2DE
330
17
100
AcDbEntity
  8
EB-BASE-PARCELS
100
AcDbPolyline
 90
5
 70
0
 10
-333782.344
 20
-27979.842
 10
-333780.681
 20
-27977.226
 10
-333776.4860000001
 20
-27971.216
 10
-333765.037
 20
-27955.2
 10
-333760.8940000001
 20
-27948.58
  0
LWPOLYLINE
  5
2DF
330
17
100
AcDbEntity
  8
EB-BASE-PARCELS
100
AcDbPolyline
 90
2
 70
0
 10
-333565.167
 20
-27969.617
 10
-333562.548
 20
-27965.477
  0
LWPOLYLINE
  5
2E0
330
17
100
AcDbEntity
  8
EB-BASE-PARCELS
100
AcDbPolyline
 90
6
 70
0
 10
-333514.129
 20
-27997.105
 10
-333511.972
 20
-27992.706
 10
-333523.9600000001
 20
-27986.246
 10
-333539.251
 20
-27977.991
 10
-333554.8180000001
 20
-27969.64
 10
-333561.386
 20
-27966.109
  0
LWPOLYLINE
  5
2E1
330
17
100
AcDbEntity
  8
EB-BASE-PARCELS
100
AcDbPolyline
 90
2
 70
0
 10
-333528.26
 20
-27989.506
 10
-333514.129
 20
-27997.105
  0
LWPOLYLINE
  5
2E2
330
17
100
AcDbEntity
  8
EB-BASE-PARCELS
100
AcDbPolyline
 90
2
 70
0
 10
-333569.4940000001
 20
-27976.441
 10
-333584.3580000001
 20
-28000.119
  0
LWPOLYLINE
  5
2E3
330
17
100
AcDbEntity
  8
EB-BASE-PARCELS
100
AcDbPolyline
 90
2
 70
0
 10
-333584.3580000001
 20
-28000.119
 10
-333591.3610000001
 20
-27996.425
  0
LWPOLYLINE
  5
2E4
330
17
100
AcDbEntity
  8
EB-BASE-PARCELS
100
AcDbPolyline
 90
2
 70
0
 10
-333689.88
 20
-27995.296
 10
-333700.3350000001
 20
-27991.952
  0
LWPOLYLINE
  5
2E5
330
17
100
AcDbEntity
  8
EB-BASE-PARCELS
100
AcDbPolyline
 90
2
 70
0
 10
-333730.5880000001
 20
-27982.348
 10
-333738.2530000001
 20
-27979.803
  0
LWPOLYLINE
  5
2E6
330
17
100
AcDbEntity
  8
EB-BASE-PARCELS
100
AcDbPolyline
 90
2
 70
0
 10
-333746.7760000001
 20
-27977.007
 10
-333738.2530000001
 20
-27979.803
  0
LWPOLYLINE
  5
2E7
330
17
100
AcDbEntity
  8
EB-BASE-PARCELS
100
AcDbPolyline
 90
9
 70
0
 10
-333717.0690000001
 20
-27928.581
 10
-333726.218
 20
-27947.571
 10
-333730.3730000001
 20
-27956.114
 10
-333730.8880000001
 20
-27957.016
 10
-333731.33
 20
-27957.605
 10
-333731.826
 20
-27958.085
 10
-333733.8670000001
 20
-27959.498
 10
-333735.9450000001
 20
-27960.677
 10
-333739.165
 20
-27962.112
  0
LWPOLYLINE
  5
2E8
330
17
100
AcDbEntity
  8
EB-BASE-PARCELS
100
AcDbPolyline
 90
9
 70
0
 10
-333739.165
 20
-27962.112
 10
-333743.392
 20
-27963.709
 10
-333743.984
 20
-27964.055
 10
-333744.33
 20
-27964.385
 10
-333744.626
 20
-27964.83
 10
-333745.079
 20
-27965.81
 10
-333746.519
 20
-27969.97
 10
-333746.7160000001
 20
-27970.794
 10
-333746.7760000001
 20
-27977.007
  0
LWPOLYLINE
  5
2E9
330
17
100
AcDbEntity
  8
EB-BASE-PARCELS
100
AcDbPolyline
 90
5
 70
0
 10
-333798.441
 20
-27991.87
 10
-333802.7630000001
 20
-27997.49
 10
-333805.952
 20
-28001.672
 10
-333809.897
 20
-28007.889
 10
-333811.29
 20
-28011.404
  0
LWPOLYLINE
  5
2EA
330
17
100
AcDbEntity
  8
EB-BASE-PARCELS
100
AcDbPolyline
 90
5
 70
0
 10
-333787.055
 20
-27983.517
 10
-333788.1320000001
 20
-27984.18
 10
-333801.032
 20
-28000.842
 10
-333802.6210000001
 20
-28003.077
 10
-333802.639
 20
-28004.083
  0
LWPOLYLINE
  5
2EB
330
17
100
AcDbEntity
  8
EB-BASE-PARCELS
100
AcDbPolyline
 90
2
 70
0
 10
-333757.2530000001
 20
-27985.136
 10
-333754.482
 20
-27984.671
  0
LWPOLYLINE
  5
2EC
330
17
100
AcDbEntity
  8
EB-BASE-PARCELS
100
AcDbPolyline
 90
2
 70
0
 10
-333777.4850000001
 20
-27983.803
 10
-333776.402
 20
-27983.977
  0
LWPOLYLINE
  5
2ED
330
17
100
AcDbEntity
  8
EB-BASE-PARCELS
100
AcDbPolyline
 90
2
 70
0
 10
-333739.165
 20
-27962.112
 10
-333743.114
 20
-27959.631
  0
LWPOLYLINE
  5
2EE
330
17
100
AcDbEntity
  8
EB-BASE-PARCELS
100
AcDbPolyline
 90
2
 70
0
 10
-333746.7760000001
 20
-27977.007
 10
-333747.602
 20
-27976.721
  0
LWPOLYLINE
  5
2EF
330
17
100
AcDbEntity
  8
EB-BASE-PARCELS
100
AcDbPolyline
 90
4
 70
0
 10
-333757.2530000001
 20
-27985.136
 10
-333760.923
 20
-27985.7
 10
-333762.136
 20
-27985.755
 10
-333765.971
 20
-27985.272
  0
LWPOLYLINE
  5
2F0
330
17
100
AcDbEntity
  8
EB-BASE-PARCELS
100
AcDbPolyline
 90
2
 70
0
 10
-333747.602
 20
-27976.721
 10
-333754.482
 20
-27984.671
  0
LWPOLYLINE
  5
2F1
330
17
100
AcDbEntity
  8
EB-BASE-PARCELS
100
AcDbPolyline
 90
3
 70
0
 10
-333782.344
 20
-27979.842
 10
-333782.7580000001
 20
-27980.201
 10
-333783.4770000001
 20
-27980.825
  0
LWPOLYLINE
  5
2F2
330
17
100
AcDbEntity
  8
EB-BASE-PARCELS
100
AcDbPolyline
 90
2
 70
0
 10
-333777.703
 20
-27987.457
 10
-333777.4850000001
 20
-27983.803
  0
LWPOLYLINE
  5
2F3
330
17
100
AcDbEntity
  8
EB-BASE-PARCELS
100
AcDbPolyline
 90
2
 70
0
 10
-333777.9750000001
 20
-27992.036
 10
-333777.703
 20
-27987.457
  0
LWPOLYLINE
  5
2F4
330
17
100
AcDbEntity
  8
EB-BASE-PARCELS
100
AcDbPolyline
 90
2
 70
0
 10
-333778.0590000001
 20
-27993.457
 10
-333778.0300000001
 20
-27992.962
  0
LWPOLYLINE
  5
2F5
330
17
100
AcDbEntity
  8
EB-BASE-PARCELS
100
AcDbPolyline
 90
2
 70
0
 10
-333773.564
 20
-27994.666
 10
-333778.0590000001
 20
-27993.457
  0
LWPOLYLINE
  5
2F6
330
17
100
AcDbEntity
  8
EB-BASE-PARCELS
100
AcDbPolyline
 90
2
 70
0
 10
-333757.346
 20
-27986.834
 10
-333757.2530000001
 20
-27985.136
  0
LWPOLYLINE
  5
2F7
330
17
100
AcDbEntity
  8
EB-BASE-PARCELS
100
AcDbPolyline
 90
2
 70
0
 10
-333759.3250000001
 20
-27998.557
 10
-333768.59
 20
-27996.003
  0
LWPOLYLINE
  5
2F8
330
17
100
AcDbEntity
  8
EB-BASE-PARCELS
100
AcDbPolyline
 90
2
 70
0
 10
-333759.3250000001
 20
-27998.557
 10
-333757.346
 20
-27986.834
  0
LWPOLYLINE
  5
2F9
330
17
100
AcDbEntity
  8
EB-BASE-PARCELS
100
AcDbPolyline
 90
2
 70
0
 10
-333742.1610000001
 20
-27990.773
 10
-333742.502
 20
-27991.73
  0
LWPOLYLINE
  5
2FA
330
17
100
AcDbEntity
  8
EB-BASE-PARCELS
100
AcDbPolyline
 90
2
 70
0
 10
-333746.4370000001
 20
-27989.664
 10
-333742.1610000001
 20
-27990.773
  0
LWPOLYLINE
  5
2FB
330
17
100
AcDbEntity
  8
EB-BASE-PARCELS
100
AcDbPolyline
 90
2
 70
0
 10
-333757.346
 20
-27986.834
 10
-333750.672
 20
-27988.565
  0
LWPOLYLINE
  5
2FC
330
17
100
AcDbEntity
  8
EB-BASE-PARCELS
100
AcDbPolyline
 90
2
 70
0
 10
-333738.2530000001
 20
-27979.803
 10
-333742.1610000001
 20
-27990.773
  0
LWPOLYLINE
  5
2FD
330
17
100
AcDbEntity
  8
EB-BASE-PARCELS
100
AcDbPolyline
 90
2
 70
0
 10
-333778.0590000001
 20
-27993.457
 10
-333778.4540000001
 20
-27998.676
  0
LWPOLYLINE
  5
2FE
330
17
100
AcDbEntity
  8
EB-BASE-PARCELS
100
AcDbPolyline
 90
2
 70
0
 10
-333790.041
 20
-28003.016
 10
-333790.506
 20
-27993.06500000001
  0
LWPOLYLINE
  5
2FF
330
17
100
AcDbEntity
  8
EB-BASE-PARCELS
100
AcDbPolyline
 90
2
 70
0
 10
-333807.0200000001
 20
-27917.771
 10
-333808.083
 20
-27919.313
  0
LWPOLYLINE
  5
300
330
17
100
AcDbEntity
  8
EB-BASE-PARCELS
100
AcDbPolyline
 90
6
 70
0
 10
-334057.696
 20
-27976.425
 10
-334060.204
 20
-27983.546
 10
-334062.23
 20
-27989.546
 10
-334062.695
 20
-27990.103
 10
-334063.055
 20
-27990.32
 10
-334063.303
 20
-27990.389
  0
LWPOLYLINE
  5
301
330
17
100
AcDbEntity
  8
EB-BASE-PARCELS
100
AcDbPolyline
 90
2
 70
0
 10
-334042.342
 20
-27919.158
 10
-334044.891
 20
-27917.377
  0
LWPOLYLINE
  5
302
330
17
100
AcDbEntity
  8
EB-BASE-PARCELS
100
AcDbPolyline
 90
2
 70
0
 10
-334056.397
 20
-27940.151
 10
-334058.727
 20
-27938.626
  0
LWPOLYLINE
  5
303
330
17
100
AcDbEntity
  8
EB-BASE-PARCELS
100
AcDbPolyline
 90
2
 70
0
 10
-334042.342
 20
-27919.158
 10
-334056.397
 20
-27940.151
  0
LWPOLYLINE
  5
304
330
17
100
AcDbEntity
  8
EB-BASE-PARCELS
100
AcDbPolyline
 90
2
 70
0
 10
-334027.674
 20
-27937.531
 10
-334037.61
 20
-27952.625
  0
LWPOLYLINE
  5
305
330
17
100
AcDbEntity
  8
EB-BASE-PARCELS
100
AcDbPolyline
 90
2
 70
0
 10
-334000.19
 20
-27948.608
 10
-334013.445
 20
-27968.517
  0
LWPOLYLINE
  5
306
330
17
100
AcDbEntity
  8
EB-BASE-PARCELS
100
AcDbPolyline
 90
2
 70
0
 10
-334013.445
 20
-27968.517
 10
-334037.61
 20
-27952.625
  0
LWPOLYLINE
  5
307
330
17
100
AcDbEntity
  8
EB-BASE-PARCELS
100
AcDbPolyline
 90
2
 70
0
 10
-333943.7200000001
 20
-27980.054
 10
-333945.031
 20
-27979.711
  0
LWPOLYLINE
  5
308
330
17
100
AcDbEntity
  8
EB-BASE-PARCELS
100
AcDbPolyline
 90
3
 70
0
 10
-333945.031
 20
-27979.711
 10
-333953.4070000001
 20
-28008.959
 10
-333951.938
 20
-28009.905
  0
LWPOLYLINE
  5
309
330
17
100
AcDbEntity
  8
EB-BASE-PARCELS
100
AcDbPolyline
 90
3
 70
0
 10
-333938.592
 20
-27983.455
 10
-333921.132
 20
-27995.592
 10
-333923.1610000001
 20
-28000.646
  0
LWPOLYLINE
  5
30A
330
17
100
AcDbEntity
  8
EB-BASE-PARCELS
100
AcDbPolyline
 90
2
 70
0
 10
-333993.5360000001
 20
-27952.88600000001
 10
-333990.158
 20
-27947.887
  0
LWPOLYLINE
  5
30B
330
17
100
AcDbEntity
  8
EB-BASE-PARCELS
100
AcDbPolyline
 90
2
 70
0
 10
-333990.158
 20
-27947.887
 10
-333980.007
 20
-27955.254
  0
LWPOLYLINE
  5
30C
330
17
100
AcDbEntity
  8
EB-BASE-PARCELS
100
AcDbPolyline
 90
2
 70
0
 10
-333981.6250000001
 20
-27960.714
 10
-333980.007
 20
-27955.254
  0
LWPOLYLINE
  5
30D
330
17
100
AcDbEntity
  8
EB-BASE-PARCELS
100
AcDbPolyline
 90
2
 70
0
 10
-333978.984
 20
-27955.878
 10
-333980.007
 20
-27955.254
  0
LWPOLYLINE
  5
30E
330
17
100
AcDbEntity
  8
EB-BASE-PARCELS
100
AcDbPolyline
 90
3
 70
0
 10
-333986.954
 20
-27979.318
 10
-333988.7630000001
 20
-27985.678
 10
-333988.561
 20
-27985.825
  0
LWPOLYLINE
  5
30F
330
17
100
AcDbEntity
  8
EB-BASE-PARCELS
100
AcDbPolyline
 90
2
 70
0
 10
-333981.2220000001
 20
-27980.624
 10
-333979.969
 20
-27976.266
  0
LWPOLYLINE
  5
310
330
17
100
AcDbEntity
  8
EB-BASE-PARCELS
100
AcDbPolyline
 90
2
 70
0
 10
-333974.678
 20
-27995.253
 10
-333977.322
 20
-27993.457
  0
LWPOLYLINE
  5
311
330
17
100
AcDbEntity
  8
EB-BASE-PARCELS
100
AcDbPolyline
 90
3
 70
0
 10
-333977.322
 20
-27993.457
 10
-333979.0130000001
 20
-27992.379
 10
-333981.827
 20
-27990.57
  0
LWPOLYLINE
  5
312
330
17
100
AcDbEntity
  8
EB-BASE-PARCELS
100
AcDbPolyline
 90
2
 70
0
 10
-333971.94
 20
-27997.115
 10
-333971.274
 20
-27994.861
  0
LWPOLYLINE
  5
313
330
17
100
AcDbEntity
  8
EB-BASE-PARCELS
100
AcDbPolyline
 90
2
 70
0
 10
-333969.412
 20
-27988.558
 10
-333966.7160000001
 20
-27979.406
  0
LWPOLYLINE
  5
314
330
17
100
AcDbEntity
  8
EB-BASE-PARCELS
100
AcDbPolyline
 90
2
 70
0
 10
-333963.319
 20
-27982.964
 10
-333968.204
 20
-27999.681
  0
LWPOLYLINE
  5
315
330
17
100
AcDbEntity
  8
EB-BASE-PARCELS
100
AcDbPolyline
 90
2
 70
0
 10
-333953.844
 20
-27986.521
 10
-333953.7360000001
 20
-27986.131
  0
LWPOLYLINE
  5
316
330
17
100
AcDbEntity
  8
EB-BASE-PARCELS
100
AcDbPolyline
 90
2
 70
0
 10
-334046.786
 20
-27976.035
 10
-334027.011
 20
-27989.106
  0
LWPOLYLINE
  5
317
330
17
100
AcDbEntity
  8
EB-BASE-PARCELS
100
AcDbPolyline
 90
2
 70
0
 10
-334027.011
 20
-27989.106
 10
-334026.269
 20
-27987.994
  0
LWPOLYLINE
  5
318
330
17
100
AcDbEntity
  8
EB-BASE-PARCELS
100
AcDbPolyline
 90
2
 70
0
 10
-334046.786
 20
-27976.035
 10
-334046.332
 20
-27975.286
  0
LWPOLYLINE
  5
319
330
17
100
AcDbEntity
  8
EB-BASE-PARCELS
100
AcDbPolyline
 90
2
 70
0
 10
-334037.61
 20
-27952.625
 10
-334041.8340000001
 20
-27949.837
  0
LWPOLYLINE
  5
31A
330
17
100
AcDbEntity
  8
EB-BASE-PARCELS
100
AcDbPolyline
 90
2
 70
0
 10
-334053.8720000001
 20
-27941.846
 10
-334056.397
 20
-27940.151
  0
LWPOLYLINE
  5
31B
330
17
100
AcDbEntity
  8
EB-BASE-PARCELS
100
AcDbPolyline
 90
2
 70
0
 10
-334042.342
 20
-27919.158
 10
-334039.93
 20
-27920.824
  0
LWPOLYLINE
  5
31C
330
17
100
AcDbEntity
  8
EB-BASE-PARCELS
100
AcDbPolyline
 90
2
 70
0
 10
-334030.7740000001
 20
-27927.166
 10
-334023.876
 20
-27931.788
  0
LWPOLYLINE
  5
31D
330
17
100
AcDbEntity
  8
EB-BASE-PARCELS
100
AcDbPolyline
 90
2
 70
0
 10
-333978.9420000001
 20
-27996.963
 10
-333977.322
 20
-27993.457
  0
LWPOLYLINE
  5
31E
330
17
100
AcDbEntity
  8
EB-BASE-PARCELS
100
AcDbPolyline
 90
2
 70
0
 10
-334021.6760000001
 20
-27995.216
 10
-333988.2960000001
 20
-28017.453
  0
LWPOLYLINE
  5
31F
330
17
100
AcDbEntity
  8
EB-BASE-PARCELS
100
AcDbPolyline
 90
2
 70
0
 10
-334019.538
 20
-27992.019
 10
-334021.6760000001
 20
-27995.216
  0
LWPOLYLINE
  5
320
330
17
100
AcDbEntity
  8
EB-BASE-PARCELS
100
AcDbPolyline
 90
3
 70
0
 10
-334046.786
 20
-27976.035
 10
-334048.722
 20
-27980.217
 10
-334051.927
 20
-27989.969
  0
LWPOLYLINE
  5
321
330
17
100
AcDbEntity
  8
EB-BASE-PARCELS
100
AcDbPolyline
 90
2
 70
0
 10
-334030.172
 20
-27993.84
 10
-334027.011
 20
-27989.106
  0
LWPOLYLINE
  5
322
330
17
100
AcDbEntity
  8
EB-BASE-PARCELS
100
AcDbPolyline
 90
2
 70
0
 10
-334022.02
 20
-27995.741
 10
-334021.6760000001
 20
-27995.216
  0
LWPOLYLINE
  5
323
330
17
100
AcDbEntity
  8
EB-BASE-PARCELS
100
AcDbPolyline
 90
3
 70
0
 10
-333488.2870000001
 20
-27996.166
 10
-333487.298
 20
-27994.592
 10
-333496.406
 20
-27988.701
  0
LWPOLYLINE
  5
324
330
17
100
AcDbEntity
  8
EB-BASE-PARCELS
100
AcDbPolyline
 90
2
 70
0
 10
-333497.342
 20
-27990.463
 10
-333496.406
 20
-27988.701
  0
LWPOLYLINE
  5
325
330
17
100
AcDbEntity
  8
EB-BASE-PARCELS
100
AcDbPolyline
 90
2
 70
0
 10
-333496.406
 20
-27988.701
 10
-333494.9610000001
 20
-27986.045
  0
LWPOLYLINE
  5
326
330
17
100
AcDbEntity
  8
EB-BASE-PARCELS
100
AcDbPolyline
 90
2
 70
0
 10
-333479.621
 20
-27957.377
 10
-333477.44
 20
-27953.387
  0
LWPOLYLINE
  5
327
330
17
100
AcDbEntity
  8
EB-BASE-PARCELS
100
AcDbPolyline
 90
2
 70
0
 10
-333881.217
 20
-27968.382
 10
-333869.12
 20
-27976.037
  0
LWPOLYLINE
  5
328
330
17
100
AcDbEntity
  8
EB-BASE-PARCELS
100
AcDbPolyline
 90
2
 70
0
 10
-333934.13
 20
-27903.397
 10
-333935.599
 20
-27902.693
  0
LWPOLYLINE
  5
329
330
17
100
AcDbEntity
  8
EB-BASE-PARCELS
100
AcDbPolyline
 90
2
 70
0
 10
-333968.201
 20
-27708.869
 10
-333959.8780000001
 20
-27660.416
  0
LWPOLYLINE
  5
32A
330
17
100
AcDbEntity
  8
EB-BASE-PARCELS
100
AcDbPolyline
 90
3
 70
0
 10
-333959.8780000001
 20
-27660.416
 10
-333967.257
 20
-27662.089
 10
-333967.931
 20
-27662.297
  0
LWPOLYLINE
  5
32B
330
17
100
AcDbEntity
  8
EB-BASE-PARCELS
100
AcDbPolyline
 90
2
 70
0
 10
-333996.359
 20
-27676.106
 10
-334001.0680000001
 20
-27678.578
  0
LWPOLYLINE
  5
32C
330
17
100
AcDbEntity
  8
EB-BASE-PARCELS
100
AcDbPolyline
 90
2
 70
0
 10
-334006.997
 20
-27682.957
 10
-334007.643
 20
-27684.835
  0
LWPOLYLINE
  5
32D
330
17
100
AcDbEntity
  8
EB-BASE-PARCELS
100
AcDbPolyline
 90
2
 70
0
 10
-333939.6120000001
 20
-27642.359
 10
-333937.7070000001
 20
-27643.176
  0
LWPOLYLINE
  5
32E
330
17
100
AcDbEntity
  8
EB-BASE-PARCELS
100
AcDbPolyline
 90
2
 70
0
 10
-333861.198
 20
-27570.957
 10
-333857.9880000001
 20
-27572.19
  0
LWPOLYLINE
  5
32F
330
17
100
AcDbEntity
  8
EB-BASE-PARCELS
100
AcDbPolyline
 90
2
 70
0
 10
-333872.612
 20
-27585.861
 10
-333862.5550000001
 20
-27587.788
  0
LWPOLYLINE
  5
330
330
17
100
AcDbEntity
  8
EB-BASE-PARCELS
100
AcDbPolyline
 90
2
 70
0
 10
-333858.7540000001
 20
-27576.593
 10
-333857.9880000001
 20
-27572.19
  0
LWPOLYLINE
  5
331
330
17
100
AcDbEntity
  8
EB-BASE-PARCELS
100
AcDbPolyline
 90
2
 70
0
 10
-333859.621
 20
-27581.573
 10
-333859.2590000001
 20
-27579.495
  0
LWPOLYLINE
  5
332
330
17
100
AcDbEntity
  8
EB-BASE-PARCELS
100
AcDbPolyline
 90
2
 70
0
 10
-333859.2590000001
 20
-27579.495
 10
-333858.7540000001
 20
-27576.593
  0
LWPOLYLINE
  5
333
330
17
100
AcDbEntity
  8
EB-BASE-PARCELS
100
AcDbPolyline
 90
2
 70
0
 10
-333847.431
 20
-27576.26
 10
-333847.6630000001
 20
-27581.034
  0
LWPOLYLINE
  5
334
330
17
100
AcDbEntity
  8
EB-BASE-PARCELS
100
AcDbPolyline
 90
2
 70
0
 10
-333847.86
 20
-27585.104
 10
-333848.0680000001
 20
-27589.387
  0
LWPOLYLINE
  5
335
330
17
100
AcDbEntity
  8
EB-BASE-PARCELS
100
AcDbPolyline
 90
2
 70
0
 10
-333857.9880000001
 20
-27572.19
 10
-333847.431
 20
-27576.26
  0
LWPOLYLINE
  5
336
330
17
100
AcDbEntity
  8
EB-BASE-PARCELS
100
AcDbPolyline
 90
2
 70
0
 10
-333860.7630000001
 20
-27588.131
 10
-333859.621
 20
-27581.573
  0
LWPOLYLINE
  5
337
330
17
100
AcDbEntity
  8
EB-BASE-PARCELS
100
AcDbPolyline
 90
2
 70
0
 10
-333848.4670000001
 20
-27596.338
 10
-333848.864
 20
-27602.916
  0
LWPOLYLINE
  5
338
330
17
100
AcDbEntity
  8
EB-BASE-PARCELS
100
AcDbPolyline
 90
2
 70
0
 10
-333848.4670000001
 20
-27596.338
 10
-333860.196
 20
-27594.252
  0
LWPOLYLINE
  5
339
330
17
100
AcDbEntity
  8
EB-BASE-PARCELS
100
AcDbPolyline
 90
2
 70
0
 10
-333860.196
 20
-27594.252
 10
-333861.9710000001
 20
-27603.142
  0
LWPOLYLINE
  5
33A
330
17
100
AcDbEntity
  8
EB-BASE-PARCELS
100
AcDbPolyline
 90
2
 70
0
 10
-333827.051
 20
-27595.576
 10
-333832.327
 20
-27594.484
  0
LWPOLYLINE
  5
33B
330
17
100
AcDbEntity
  8
EB-BASE-PARCELS
100
AcDbPolyline
 90
3
 70
0
 10
-333875.542
 20
-27611.737
 10
-333875.707
 20
-27611.74
 10
-333879.9
 20
-27611.731
  0
LWPOLYLINE
  5
33C
330
17
100
AcDbEntity
  8
EB-BASE-PARCELS
100
AcDbPolyline
 90
2
 70
0
 10
-333880.104
 20
-27623.95
 10
-333875.116
 20
-27623.735
  0
LWPOLYLINE
  5
33D
330
17
100
AcDbEntity
  8
EB-BASE-PARCELS
100
AcDbPolyline
 90
2
 70
0
 10
-333818.545
 20
-27581.705
 10
-333819.322
 20
-27584.654
  0
LWPOLYLINE
  5
33E
330
17
100
AcDbEntity
  8
EB-BASE-PARCELS
100
AcDbPolyline
 90
2
 70
0
 10
-333819.915
 20
-27586.905
 10
-333820.77
 20
-27590.154
  0
LWPOLYLINE
  5
33F
330
17
100
AcDbEntity
  8
EB-BASE-PARCELS
100
AcDbPolyline
 90
2
 70
0
 10
-333809.557
 20
-27576.848
 10
-333813.595
 20
-27576.026
  0
LWPOLYLINE
  5
340
330
17
100
AcDbEntity
  8
EB-BASE-PARCELS
100
AcDbPolyline
 90
2
 70
0
 10
-333800.757
 20
-27576.249
 10
-333792.6110000001
 20
-27580.031
  0
LWPOLYLINE
  5
341
330
17
100
AcDbEntity
  8
EB-BASE-PARCELS
100
AcDbPolyline
 90
2
 70
0
 10
-333748.683
 20
-27731.595
 10
-333748.4000000001
 20
-27732.126
  0
LWPOLYLINE
  5
342
330
17
100
AcDbEntity
  8
EB-BASE-PARCELS
100
AcDbPolyline
 90
2
 70
0
 10
-334034.264
 20
-27761.375
 10
-334029.774
 20
-27747.891
  0
LWPOLYLINE
  5
343
330
17
100
AcDbEntity
  8
EB-BASE-PARCELS
100
AcDbPolyline
 90
3
 70
0
 10
-334034.264
 20
-27761.375
 10
-334056.061
 20
-27753.926
 10
-334056.153
 20
-27753.895
  0
LWPOLYLINE
  5
344
330
17
100
AcDbEntity
  8
EB-BASE-PARCELS
100
AcDbPolyline
 90
2
 70
0
 10
-333993.2630000001
 20
-27778.096
 10
-334013.179
 20
-27771.515
  0
LWPOLYLINE
  5
345
330
17
100
AcDbEntity
  8
EB-BASE-PARCELS
100
AcDbPolyline
 90
2
 70
0
 10
-334013.179
 20
-27771.515
 10
-334014.733
 20
-27771.001
  0
LWPOLYLINE
  5
346
330
17
100
AcDbEntity
  8
EB-BASE-PARCELS
100
AcDbPolyline
 90
2
 70
0
 10
-334007.1610000001
 20
-27749.147
 10
-334014.733
 20
-27771.001
  0
LWPOLYLINE
  5
347
330
17
100
AcDbEntity
  8
EB-BASE-PARCELS
100
AcDbPolyline
 90
2
 70
0
 10
-333972.732
 20
-27784.779
 10
-333993.2630000001
 20
-27778.096
  0
LWPOLYLINE
  5
348
330
17
100
AcDbEntity
  8
EB-BASE-PARCELS
100
AcDbPolyline
 90
2
 70
0
 10
-333972.732
 20
-27784.779
 10
-333970.4130000001
 20
-27777.927
  0
LWPOLYLINE
  5
349
330
17
100
AcDbEntity
  8
EB-BASE-PARCELS
100
AcDbPolyline
 90
2
 70
0
 10
-333970.4130000001
 20
-27777.927
 10
-333970.1340000001
 20
-27777.103
  0
LWPOLYLINE
  5
34A
330
17
100
AcDbEntity
  8
EB-BASE-PARCELS
100
AcDbPolyline
 90
2
 70
0
 10
-333970.1340000001
 20
-27777.103
 10
-333966.957
 20
-27767.718
  0
LWPOLYLINE
  5
34B
330
17
100
AcDbEntity
  8
EB-BASE-PARCELS
100
AcDbPolyline
 90
2
 70
0
 10
-333966.957
 20
-27767.718
 10
-333965.338
 20
-27762.925
  0
LWPOLYLINE
  5
34C
330
17
100
AcDbEntity
  8
EB-BASE-PARCELS
100
AcDbPolyline
 90
2
 70
0
 10
-333999.146
 20
-27795.087
 10
-334002.891
 20
-27805.903
  0
LWPOLYLINE
  5
34D
330
17
100
AcDbEntity
  8
EB-BASE-PARCELS
100
AcDbPolyline
 90
2
 70
0
 10
-334002.891
 20
-27805.903
 10
-334005.415
 20
-27813.194
  0
LWPOLYLINE
  5
34E
330
17
100
AcDbEntity
  8
EB-BASE-PARCELS
100
AcDbPolyline
 90
2
 70
0
 10
-333978.615
 20
-27802.004
 10
-333984.349
 20
-27818.591
  0
LWPOLYLINE
  5
34F
330
17
100
AcDbEntity
  8
EB-BASE-PARCELS
100
AcDbPolyline
 90
2
 70
0
 10
-333987.251
 20
-27856.327
 10
-333986.806
 20
-27856.851
  0
LWPOLYLINE
  5
350
330
17
100
AcDbEntity
  8
EB-BASE-PARCELS
100
AcDbPolyline
 90
3
 70
0
 10
-333902.793
 20
-27861.405
 10
-333886.7480000001
 20
-27868.481
 10
-333865.431
 20
-27877.717
  0
LWPOLYLINE
  5
351
330
17
100
AcDbEntity
  8
EB-BASE-PARCELS
100
AcDbPolyline
 90
6
 70
0
 10
-333902.793
 20
-27861.405
 10
-333904.324
 20
-27865.188
 10
-333905.826
 20
-27868.741
 10
-333911.059
 20
-27881.123
 10
-333912.235
 20
-27883.929
 10
-333915.393
 20
-27891.469
  0
LWPOLYLINE
  5
352
330
17
100
AcDbEntity
  8
EB-BASE-PARCELS
100
AcDbPolyline
 90
2
 70
0
 10
-333863.1400000001
 20
-27973.583
 10
-333850.685
 20
-27954.995
  0
LWPOLYLINE
  5
353
330
17
100
AcDbEntity
  8
EB-BASE-PARCELS
100
AcDbPolyline
 90
4
 70
0
 10
-333850.685
 20
-27954.995
 10
-333847.382
 20
-27950.065
 10
-333831.052
 20
-27925.876
 10
-333827.496
 20
-27920.569
  0
LWPOLYLINE
  5
354
330
17
100
AcDbEntity
  8
EB-BASE-PARCELS
100
AcDbPolyline
 90
3
 70
0
 10
-333860.089
 20
-27906.177
 10
-333875.9320000001
 20
-27899.181
 10
-333865.431
 20
-27877.717
  0
LWPOLYLINE
  5
355
330
17
100
AcDbEntity
  8
EB-BASE-PARCELS
100
AcDbPolyline
 90
2
 70
0
 10
-333827.496
 20
-27920.569
 10
-333850.3350000001
 20
-27910.484
  0
LWPOLYLINE
  5
356
330
17
100
AcDbEntity
  8
EB-BASE-PARCELS
100
AcDbPolyline
 90
2
 70
0
 10
-333850.3350000001
 20
-27910.484
 10
-333860.089
 20
-27906.177
  0
LWPOLYLINE
  5
357
330
17
100
AcDbEntity
  8
EB-BASE-PARCELS
100
AcDbPolyline
 90
2
 70
0
 10
-333828.644
 20
-27910.939
 10
-333825.724
 20
-27906.473
  0
LWPOLYLINE
  5
358
330
17
100
AcDbEntity
  8
EB-BASE-PARCELS
100
AcDbPolyline
 90
3
 70
0
 10
-333822.788
 20
-27901.984
 10
-333822.045
 20
-27900.817
 10
-333819.582
 20
-27901.889
  0
LWPOLYLINE
  5
359
330
17
100
AcDbEntity
  8
EB-BASE-PARCELS
100
AcDbPolyline
 90
2
 70
0
 10
-333839.648
 20
-27888.884
 10
-333836.028
 20
-27890.457
  0
LWPOLYLINE
  5
35A
330
17
100
AcDbEntity
  8
EB-BASE-PARCELS
100
AcDbPolyline
 90
2
 70
0
 10
-333813.691
 20
-27900.182
 10
-333810.681
 20
-27901.448
  0
LWPOLYLINE
  5
35B
330
17
100
AcDbEntity
  8
EB-BASE-PARCELS
100
AcDbPolyline
 90
2
 70
0
 10
-333898.2340000001
 20
-27994.466
 10
-333892.819
 20
-27998.1
  0
LWPOLYLINE
  5
35C
330
17
100
AcDbEntity
  8
EB-BASE-PARCELS
100
AcDbPolyline
 90
2
 70
0
 10
-333903.11
 20
-27954.359
 10
-333896.006
 20
-27958.81
  0
LWPOLYLINE
  5
35D
330
17
100
AcDbEntity
  8
EB-BASE-PARCELS
100
AcDbPolyline
 90
2
 70
0
 10
-333918.5620000001
 20
-27977.81500000001
 10
-333916.7420000001
 20
-27975.099
  0
LWPOLYLINE
  5
35E
330
17
100
AcDbEntity
  8
EB-BASE-PARCELS
100
AcDbPolyline
 90
2
 70
0
 10
-333906.5440000001
 20
-27959.647
 10
-333903.11
 20
-27954.359
  0
LWPOLYLINE
  5
35F
330
17
100
AcDbEntity
  8
EB-BASE-PARCELS
100
AcDbPolyline
 90
3
 70
0
 10
-333916.7420000001
 20
-27975.099
 10
-333911.4160000001
 20
-27967.149
 10
-333906.5440000001
 20
-27959.647
  0
LWPOLYLINE
  5
360
330
17
100
AcDbEntity
  8
EB-BASE-PARCELS
100
AcDbPolyline
 90
2
 70
0
 10
-333895.849
 20
-27989.782
 10
-333881.79
 20
-27968.551
  0
LWPOLYLINE
  5
361
330
17
100
AcDbEntity
  8
EB-BASE-PARCELS
100
AcDbPolyline
 90
3
 70
0
 10
-333933.219
 20
-27935.345
 10
-333932.9210000001
 20
-27935.534
 10
-333915.785
 20
-27946.38
  0
LWPOLYLINE
  5
362
330
17
100
AcDbEntity
  8
EB-BASE-PARCELS
100
AcDbPolyline
 90
2
 70
0
 10
-333929.3270000001
 20
-27966.776
 10
-333932.16
 20
-27971.043
  0
LWPOLYLINE
  5
363
330
17
100
AcDbEntity
  8
EB-BASE-PARCELS
100
AcDbPolyline
 90
2
 70
0
 10
-333915.785
 20
-27946.38
 10
-333919.045
 20
-27951.291
  0
LWPOLYLINE
  5
364
330
17
100
AcDbEntity
  8
EB-BASE-PARCELS
100
AcDbPolyline
 90
2
 70
0
 10
-333919.045
 20
-27951.291
 10
-333929.3270000001
 20
-27966.776
  0
LWPOLYLINE
  5
365
330
17
100
AcDbEntity
  8
EB-BASE-PARCELS
100
AcDbPolyline
 90
3
 70
0
 10
-333944.9920000001
 20
-27962.211
 10
-333937.46
 20
-27967.414
 10
-333932.16
 20
-27971.043
  0
LWPOLYLINE
  5
366
330
17
100
AcDbEntity
  8
EB-BASE-PARCELS
100
AcDbPolyline
 90
2
 70
0
 10
-333951.79
 20
-27923.759
 10
-333953.4610000001
 20
-27929.437
  0
LWPOLYLINE
  5
367
330
17
100
AcDbEntity
  8
EB-BASE-PARCELS
100
AcDbPolyline
 90
2
 70
0
 10
-333955.422
 20
-27935.815
 10
-333953.4610000001
 20
-27929.437
  0
LWPOLYLINE
  5
368
330
17
100
AcDbEntity
  8
EB-BASE-PARCELS
100
AcDbPolyline
 90
5
 70
0
 10
-333945.7390000001
 20
-27952.188
 10
-333947.517
 20
-27956.389
 10
-333948.842
 20
-27959.52
 10
-333952.461
 20
-27957.199
 10
-333963.0080000001
 20
-27949.702
  0
LWPOLYLINE
  5
369
330
17
100
AcDbEntity
  8
EB-BASE-PARCELS
100
AcDbPolyline
 90
2
 70
0
 10
-333964.311
 20
-27948.877
 10
-333968.7310000001
 20
-27945.809
  0
LWPOLYLINE
  5
36A
330
17
100
AcDbEntity
  8
EB-BASE-PARCELS
100
AcDbPolyline
 90
2
 70
0
 10
-333965.862
 20
-27939.672
 10
-333968.7310000001
 20
-27945.809
  0
LWPOLYLINE
  5
36B
330
17
100
AcDbEntity
  8
EB-BASE-PARCELS
100
AcDbPolyline
 90
2
 70
0
 10
-333962.576
 20
-27932.642
 10
-333964.939
 20
-27937.697
  0
LWPOLYLINE
  5
36C
330
17
100
AcDbEntity
  8
EB-BASE-PARCELS
100
AcDbPolyline
 90
2
 70
0
 10
-333961.777
 20
-27930.933
 10
-333962.576
 20
-27932.642
  0
LWPOLYLINE
  5
36D
330
17
100
AcDbEntity
  8
EB-BASE-PARCELS
100
AcDbPolyline
 90
2
 70
0
 10
-333964.939
 20
-27937.697
 10
-333965.862
 20
-27939.672
  0
LWPOLYLINE
  5
36E
330
17
100
AcDbEntity
  8
EB-BASE-PARCELS
100
AcDbPolyline
 90
2
 70
0
 10
-333968.7310000001
 20
-27945.809
 10
-333979.723
 20
-27938.094
  0
LWPOLYLINE
  5
36F
330
17
100
AcDbEntity
  8
EB-BASE-PARCELS
100
AcDbPolyline
 90
5
 70
0
 10
-333979.723
 20
-27938.094
 10
-333976.831
 20
-27931.809
 10
-333975.571
 20
-27929.24
 10
-333973.6290000001
 20
-27925.28
 10
-333973.4920000001
 20
-27925.0
  0
LWPOLYLINE
  5
370
330
17
100
AcDbEntity
  8
EB-BASE-PARCELS
100
AcDbPolyline
 90
2
 70
0
 10
-333958.159
 20
-27923.286
 10
-333954.528
 20
-27915.483
  0
LWPOLYLINE
  5
371
330
17
100
AcDbEntity
  8
EB-BASE-PARCELS
100
AcDbPolyline
 90
3
 70
0
 10
-333936.245
 20
-27918.349
 10
-333937.158
 20
-27920.897
 10
-333939.243
 20
-27927.338
  0
LWPOLYLINE
  5
372
330
17
100
AcDbEntity
  8
EB-BASE-PARCELS
100
AcDbPolyline
 90
3
 70
0
 10
-333979.9450000001
 20
-27918.107
 10
-333981.723
 20
-27917.208
 10
-333983.786
 20
-27916.097
  0
LWPOLYLINE
  5
373
330
17
100
AcDbEntity
  8
EB-BASE-PARCELS
100
AcDbPolyline
 90
4
 70
0
 10
-333979.723
 20
-27938.094
 10
-333990.717
 20
-27930.408
 10
-333987.3020000001
 20
-27923.227
 10
-333983.786
 20
-27916.097
  0
LWPOLYLINE
  5
374
330
17
100
AcDbEntity
  8
EB-BASE-PARCELS
100
AcDbPolyline
 90
2
 70
0
 10
-333965.854
 20
-27908.864
 10
-333977.686
 20
-27903.419
  0
LWPOLYLINE
  5
375
330
17
100
AcDbEntity
  8
EB-BASE-PARCELS
100
AcDbPolyline
 90
2
 70
0
 10
-333977.686
 20
-27903.419
 10
-333979.8620000001
 20
-27908.047
  0
LWPOLYLINE
  5
376
330
17
100
AcDbEntity
  8
EB-BASE-PARCELS
100
AcDbPolyline
 90
2
 70
0
 10
-333962.0470000001
 20
-27908.319
 10
-333976.695
 20
-27901.63
  0
LWPOLYLINE
  5
377
330
17
100
AcDbEntity
  8
EB-BASE-PARCELS
100
AcDbPolyline
 90
2
 70
0
 10
-333961.805
 20
-27907.868
 10
-333959.701
 20
-27903.953
  0
LWPOLYLINE
  5
378
330
17
100
AcDbEntity
  8
EB-BASE-PARCELS
100
AcDbPolyline
 90
2
 70
0
 10
-333962.0470000001
 20
-27908.319
 10
-333961.805
 20
-27907.868
  0
LWPOLYLINE
  5
379
330
17
100
AcDbEntity
  8
EB-BASE-PARCELS
100
AcDbPolyline
 90
2
 70
0
 10
-333961.7480000001
 20
-27900.771
 10
-333973.393
 20
-27895.329
  0
LWPOLYLINE
  5
37A
330
17
100
AcDbEntity
  8
EB-BASE-PARCELS
100
AcDbPolyline
 90
2
 70
0
 10
-333973.393
 20
-27895.329
 10
-333976.695
 20
-27901.63
  0
LWPOLYLINE
  5
37B
330
17
100
AcDbEntity
  8
EB-BASE-PARCELS
100
AcDbPolyline
 90
2
 70
0
 10
-333944.088
 20
-27901.094
 10
-333946.2920000001
 20
-27908.085
  0
LWPOLYLINE
  5
37C
330
17
100
AcDbEntity
  8
EB-BASE-PARCELS
100
AcDbPolyline
 90
2
 70
0
 10
-333952.043
 20
-27905.829
 10
-333948.538
 20
-27907.999
  0
LWPOLYLINE
  5
37D
330
17
100
AcDbEntity
  8
EB-BASE-PARCELS
100
AcDbPolyline
 90
2
 70
0
 10
-333948.538
 20
-27907.999
 10
-333946.2920000001
 20
-27908.085
  0
LWPOLYLINE
  5
37E
330
17
100
AcDbEntity
  8
EB-BASE-PARCELS
100
AcDbPolyline
 90
2
 70
0
 10
-333952.043
 20
-27905.829
 10
-333948.966
 20
-27899.566
  0
LWPOLYLINE
  5
37F
330
17
100
AcDbEntity
  8
EB-BASE-PARCELS
100
AcDbPolyline
 90
2
 70
0
 10
-333946.2920000001
 20
-27908.085
 10
-333947.1080000001
 20
-27910.846
  0
LWPOLYLINE
  5
380
330
17
100
AcDbEntity
  8
EB-BASE-PARCELS
100
AcDbPolyline
 90
3
 70
0
 10
-333947.1080000001
 20
-27910.846
 10
-333947.614
 20
-27910.924
 10
-333949.109
 20
-27914.114
  0
LWPOLYLINE
  5
381
330
17
100
AcDbEntity
  8
EB-BASE-PARCELS
100
AcDbPolyline
 90
2
 70
0
 10
-333949.109
 20
-27914.114
 10
-333953.327
 20
-27912.334
  0
LWPOLYLINE
  5
382
330
17
100
AcDbEntity
  8
EB-BASE-PARCELS
100
AcDbPolyline
 90
2
 70
0
 10
-333949.109
 20
-27914.114
 10
-333947.0300000001
 20
-27915.047
  0
LWPOLYLINE
  5
383
330
17
100
AcDbEntity
  8
EB-BASE-PARCELS
100
AcDbPolyline
 90
2
 70
0
 10
-333943.052
 20
-27901.589
 10
-333939.297
 20
-27903.259
  0
LWPOLYLINE
  5
384
330
17
100
AcDbEntity
  8
EB-BASE-PARCELS
100
AcDbPolyline
 90
2
 70
0
 10
-333970.614
 20
-27889.3
 10
-333973.393
 20
-27895.329
  0
LWPOLYLINE
  5
385
330
17
100
AcDbEntity
  8
EB-BASE-PARCELS
100
AcDbPolyline
 90
2
 70
0
 10
-333970.614
 20
-27889.3
 10
-333966.566
 20
-27891.101
  0
LWPOLYLINE
  5
386
330
17
100
AcDbEntity
  8
EB-BASE-PARCELS
100
AcDbPolyline
 90
2
 70
0
 10
-333966.321
 20
-27880.706
 10
-333963.134
 20
-27874.793
  0
LWPOLYLINE
  5
387
330
17
100
AcDbEntity
  8
EB-BASE-PARCELS
100
AcDbPolyline
 90
2
 70
0
 10
-333961.153
 20
-27883.389
 10
-333966.321
 20
-27880.706
  0
LWPOLYLINE
  5
388
330
17
100
AcDbEntity
  8
EB-BASE-PARCELS
100
AcDbPolyline
 90
2
 70
0
 10
-333963.134
 20
-27874.793
 10
-333955.8890000001
 20
-27878.14
  0
LWPOLYLINE
  5
389
330
17
100
AcDbEntity
  8
EB-BASE-PARCELS
100
AcDbPolyline
 90
2
 70
0
 10
-333959.3730000001
 20
-27884.255
 10
-333961.153
 20
-27883.389
  0
LWPOLYLINE
  5
38A
330
17
100
AcDbEntity
  8
EB-BASE-PARCELS
100
AcDbPolyline
 90
2
 70
0
 10
-333964.377
 20
-27889.783
 10
-333969.639
 20
-27887.328
  0
LWPOLYLINE
  5
38B
330
17
100
AcDbEntity
  8
EB-BASE-PARCELS
100
AcDbPolyline
 90
2
 70
0
 10
-333966.321
 20
-27880.706
 10
-333969.639
 20
-27887.328
  0
LWPOLYLINE
  5
38C
330
17
100
AcDbEntity
  8
EB-BASE-PARCELS
100
AcDbPolyline
 90
2
 70
0
 10
-333945.354
 20
-27892.21
 10
-333944.6200000001
 20
-27890.896
  0
LWPOLYLINE
  5
38D
330
17
100
AcDbEntity
  8
EB-BASE-PARCELS
100
AcDbPolyline
 90
3
 70
0
 10
-333947.949
 20
-27897.249
 10
-333945.919
 20
-27893.287
 10
-333945.354
 20
-27892.21
  0
LWPOLYLINE
  5
38E
330
17
100
AcDbEntity
  8
EB-BASE-PARCELS
100
AcDbPolyline
 90
3
 70
0
 10
-333958.913
 20
-27892.237
 10
-333954.429
 20
-27894.375
 10
-333947.949
 20
-27897.249
  0
LWPOLYLINE
  5
38F
330
17
100
AcDbEntity
  8
EB-BASE-PARCELS
100
AcDbPolyline
 90
2
 70
0
 10
-333955.5580000001
 20
-27886.112
 10
-333958.913
 20
-27892.237
  0
LWPOLYLINE
  5
390
330
17
100
AcDbEntity
  8
EB-BASE-PARCELS
100
AcDbPolyline
 90
5
 70
0
 10
-333944.6200000001
 20
-27890.896
 10
-333948.945
 20
-27889.078
 10
-333950.8180000001
 20
-27888.29
 10
-333951.3140000001
 20
-27888.062
 10
-333955.5580000001
 20
-27886.112
  0
LWPOLYLINE
  5
391
330
17
100
AcDbEntity
  8
EB-BASE-PARCELS
100
AcDbPolyline
 90
2
 70
0
 10
-333955.5580000001
 20
-27886.112
 10
-333952.274
 20
-27879.81
  0
LWPOLYLINE
  5
392
330
17
100
AcDbEntity
  8
EB-BASE-PARCELS
100
AcDbPolyline
 90
2
 70
0
 10
-333952.274
 20
-27879.81
 10
-333941.781
 20
-27884.702
  0
LWPOLYLINE
  5
393
330
17
100
AcDbEntity
  8
EB-BASE-PARCELS
100
AcDbPolyline
 90
2
 70
0
 10
-333944.6200000001
 20
-27890.896
 10
-333941.781
 20
-27884.702
  0
LWPOLYLINE
  5
394
330
17
100
AcDbEntity
  8
EB-BASE-PARCELS
100
AcDbPolyline
 90
2
 70
0
 10
-333939.045
 20
-27893.345
 10
-333939.352
 20
-27893.21
  0
LWPOLYLINE
  5
395
330
17
100
AcDbEntity
  8
EB-BASE-PARCELS
100
AcDbPolyline
 90
2
 70
0
 10
-333939.352
 20
-27893.21
 10
-333944.6200000001
 20
-27890.896
  0
LWPOLYLINE
  5
396
330
17
100
AcDbEntity
  8
EB-BASE-PARCELS
100
AcDbPolyline
 90
2
 70
0
 10
-333941.781
 20
-27884.702
 10
-333936.142
 20
-27887.225
  0
LWPOLYLINE
  5
397
330
17
100
AcDbEntity
  8
EB-BASE-PARCELS
100
AcDbPolyline
 90
2
 70
0
 10
-333939.045
 20
-27893.345
 10
-333936.142
 20
-27887.225
  0
LWPOLYLINE
  5
398
330
17
100
AcDbEntity
  8
EB-BASE-PARCELS
100
AcDbPolyline
 90
2
 70
0
 10
-333947.227
 20
-27897.528
 10
-333942.3780000001
 20
-27899.644
  0
LWPOLYLINE
  5
399
330
17
100
AcDbEntity
  8
EB-BASE-PARCELS
100
AcDbPolyline
 90
2
 70
0
 10
-333933.935
 20
-27895.835
 10
-333935.061
 20
-27895.286
  0
LWPOLYLINE
  5
39A
330
17
100
AcDbEntity
  8
EB-BASE-PARCELS
100
AcDbPolyline
 90
2
 70
0
 10
-333929.505
 20
-27890.117
 10
-333929.8380000001
 20
-27890.977
  0
LWPOLYLINE
  5
39B
330
17
100
AcDbEntity
  8
EB-BASE-PARCELS
100
AcDbPolyline
 90
4
 70
0
 10
-333929.8380000001
 20
-27890.977
 10
-333930.149
 20
-27891.016
 10
-333932.6330000001
 20
-27896.457
 10
-333933.935
 20
-27895.835
  0
LWPOLYLINE
  5
39C
330
17
100
AcDbEntity
  8
EB-BASE-PARCELS
100
AcDbPolyline
 90
2
 70
0
 10
-333932.0900000001
 20
-27888.969
 10
-333929.505
 20
-27890.117
  0
LWPOLYLINE
  5
39D
330
17
100
AcDbEntity
  8
EB-BASE-PARCELS
100
AcDbPolyline
 90
2
 70
0
 10
-333930.376
 20
-27905.195
 10
-333932.087
 20
-27904.376
  0
LWPOLYLINE
  5
39E
330
17
100
AcDbEntity
  8
EB-BASE-PARCELS
100
AcDbPolyline
 90
2
 70
0
 10
-333994.956
 20
-27927.505
 10
-333988.613
 20
-27914.124
  0
LWPOLYLINE
  5
39F
330
17
100
AcDbEntity
  8
EB-BASE-PARCELS
100
AcDbPolyline
 90
2
 70
0
 10
-333995.102
 20
-27909.786
 10
-333988.613
 20
-27914.124
  0
LWPOLYLINE
  5
3A0
330
17
100
AcDbEntity
  8
EB-BASE-PARCELS
100
AcDbPolyline
 90
2
 70
0
 10
-333995.102
 20
-27909.786
 10
-334001.17
 20
-27923.33
  0
LWPOLYLINE
  5
3A1
330
17
100
AcDbEntity
  8
EB-BASE-PARCELS
100
AcDbPolyline
 90
2
 70
0
 10
-333999.5980000001
 20
-27908.912
 10
-333998.5560000001
 20
-27906.761
  0
LWPOLYLINE
  5
3A2
330
17
100
AcDbEntity
  8
EB-BASE-PARCELS
100
AcDbPolyline
 90
2
 70
0
 10
-333994.466
 20
-27908.395
 10
-333995.102
 20
-27909.786
  0
LWPOLYLINE
  5
3A3
330
17
100
AcDbEntity
  8
EB-BASE-PARCELS
100
AcDbPolyline
 90
2
 70
0
 10
-334011.5150000001
 20
-27916.142
 10
-334008.442
 20
-27909.911
  0
LWPOLYLINE
  5
3A4
330
17
100
AcDbEntity
  8
EB-BASE-PARCELS
100
AcDbPolyline
 90
3
 70
0
 10
-333988.613
 20
-27914.124
 10
-333986.206
 20
-27908.639
 10
-333982.458
 20
-27900.761
  0
LWPOLYLINE
  5
3A5
330
17
100
AcDbEntity
  8
EB-BASE-PARCELS
100
AcDbPolyline
 90
3
 70
0
 10
-333989.315
 20
-27897.368
 10
-333986.456
 20
-27898.755
 10
-333982.458
 20
-27900.761
  0
LWPOLYLINE
  5
3A6
330
17
100
AcDbEntity
  8
EB-BASE-PARCELS
100
AcDbPolyline
 90
3
 70
0
 10
-333989.315
 20
-27897.368
 10
-333991.734
 20
-27902.692
 10
-333994.466
 20
-27908.395
  0
LWPOLYLINE
  5
3A7
330
17
100
AcDbEntity
  8
EB-BASE-PARCELS
100
AcDbPolyline
 90
2
 70
0
 10
-333981.5470000001
 20
-27898.869
 10
-333978.297
 20
-27892.653
  0
LWPOLYLINE
  5
3A8
330
17
100
AcDbEntity
  8
EB-BASE-PARCELS
100
AcDbPolyline
 90
2
 70
0
 10
-333978.297
 20
-27892.653
 10
-333982.297
 20
-27890.551
  0
LWPOLYLINE
  5
3A9
330
17
100
AcDbEntity
  8
EB-BASE-PARCELS
100
AcDbPolyline
 90
2
 70
0
 10
-333986.742
 20
-27888.215
 10
-333988.4770000001
 20
-27891.459
  0
LWPOLYLINE
  5
3AA
330
17
100
AcDbEntity
  8
EB-BASE-PARCELS
100
AcDbPolyline
 90
2
 70
0
 10
-333984.0200000001
 20
-27889.645
 10
-333986.742
 20
-27888.215
  0
LWPOLYLINE
  5
3AB
330
17
100
AcDbEntity
  8
EB-BASE-PARCELS
100
AcDbPolyline
 90
2
 70
0
 10
-333980.114
 20
-27874.76100000001
 10
-333981.011
 20
-27876.686
  0
LWPOLYLINE
  5
3AC
330
17
100
AcDbEntity
  8
EB-BASE-PARCELS
100
AcDbPolyline
 90
2
 70
0
 10
-333980.006
 20
-27874.53
 10
-333977.694
 20
-27869.306
  0
LWPOLYLINE
  5
3AD
330
17
100
AcDbEntity
  8
EB-BASE-PARCELS
100
AcDbPolyline
 90
3
 70
0
 10
-333978.297
 20
-27892.653
 10
-333975.13
 20
-27886.508
 10
-333974.285
 20
-27884.868
  0
LWPOLYLINE
  5
3AE
330
17
100
AcDbEntity
  8
EB-BASE-PARCELS
100
AcDbPolyline
 90
3
 70
0
 10
-333982.964
 20
-27880.876
 10
-333983.767
 20
-27882.437
 10
-333986.742
 20
-27888.215
  0
LWPOLYLINE
  5
3AF
330
17
100
AcDbEntity
  8
EB-BASE-PARCELS
100
AcDbPolyline
 90
4
 70
0
 10
-333982.964
 20
-27880.876
 10
-333982.23
 20
-27881.214
 10
-333977.6870000001
 20
-27883.303
 10
-333974.285
 20
-27884.868
  0
LWPOLYLINE
  5
3B0
330
17
100
AcDbEntity
  8
EB-BASE-PARCELS
100
AcDbPolyline
 90
3
 70
0
 10
-334053.099
 20
-27866.612
 10
-334057.485
 20
-27874.071
 10
-334062.351
 20
-27882.248
  0
LWPOLYLINE
  5
3B1
330
17
100
AcDbEntity
  8
EB-BASE-PARCELS
100
AcDbPolyline
 90
2
 70
0
 10
-334049.351
 20
-27868.813
 10
-334053.099
 20
-27866.612
  0
LWPOLYLINE
  5
3B2
330
17
100
AcDbEntity
  8
EB-BASE-PARCELS
100
AcDbPolyline
 90
2
 70
0
 10
-333971.028
 20
-27878.671
 10
-333968.204
 20
-27872.201
  0
LWPOLYLINE
  5
3B3
330
17
100
AcDbEntity
  8
EB-BASE-PARCELS
100
AcDbPolyline
 90
2
 70
0
 10
-333977.22
 20
-27868.235
 10
-333968.204
 20
-27872.201
  0
LWPOLYLINE
  5
3B4
330
17
100
AcDbEntity
  8
EB-BASE-PARCELS
100
AcDbPolyline
 90
2
 70
0
 10
-333977.694
 20
-27869.306
 10
-333977.22
 20
-27868.235
  0
LWPOLYLINE
  5
3B5
330
17
100
AcDbEntity
  8
EB-BASE-PARCELS
100
AcDbPolyline
 90
2
 70
0
 10
-333981.011
 20
-27876.686
 10
-333982.964
 20
-27880.876
  0
LWPOLYLINE
  5
3B6
330
17
100
AcDbEntity
  8
EB-BASE-PARCELS
100
AcDbPolyline
 90
3
 70
0
 10
-333999.0
 20
-27827.132
 10
-333987.765
 20
-27831.864
 10
-333987.284
 20
-27832.007
  0
LWPOLYLINE
  5
3B7
330
17
100
AcDbEntity
  8
EB-BASE-PARCELS
100
AcDbPolyline
 90
3
 70
0
 10
-334051.556
 20
-27863.985
 10
-334046.984
 20
-27866.682
 10
-334048.558
 20
-27869.238
  0
LWPOLYLINE
  5
3B8
330
17
100
AcDbEntity
  8
EB-BASE-PARCELS
100
AcDbPolyline
 90
2
 70
0
 10
-334048.558
 20
-27869.238
 10
-334049.351
 20
-27868.813
  0
LWPOLYLINE
  5
3B9
330
17
100
AcDbEntity
  8
EB-BASE-PARCELS
100
AcDbPolyline
 90
2
 70
0
 10
-334053.099
 20
-27866.612
 10
-334051.556
 20
-27863.985
  0
LWPOLYLINE
  5
3BA
330
17
100
AcDbEntity
  8
EB-BASE-PARCELS
100
AcDbPolyline
 90
2
 70
0
 10
-334043.532
 20
-27788.966
 10
-334047.2720000001
 20
-27800.047
  0
LWPOLYLINE
  5
3BB
330
17
100
AcDbEntity
  8
EB-BASE-PARCELS
100
AcDbPolyline
 90
2
 70
0
 10
-334047.2720000001
 20
-27800.047
 10
-334005.6880000001
 20
-27813.981
  0
LWPOLYLINE
  5
3BC
330
17
100
AcDbEntity
  8
EB-BASE-PARCELS
100
AcDbPolyline
 90
2
 70
0
 10
-334005.415
 20
-27813.194
 10
-334005.6880000001
 20
-27813.981
  0
LWPOLYLINE
  5
3BD
330
17
100
AcDbEntity
  8
EB-BASE-PARCELS
100
AcDbPolyline
 90
2
 70
0
 10
-334014.733
 20
-27771.001
 10
-334025.168
 20
-27767.479
  0
LWPOLYLINE
  5
3BE
330
17
100
AcDbEntity
  8
EB-BASE-PARCELS
100
AcDbPolyline
 90
3
 70
0
 10
-333868.859
 20
-27976.203
 10
-333866.598
 20
-27977.642
 10
-333866.044
 20
-27977.917
  0
LWPOLYLINE
  5
3BF
330
17
100
AcDbEntity
  8
EB-BASE-PARCELS
100
AcDbPolyline
 90
2
 70
0
 10
-333884.36
 20
-27999.828
 10
-333868.859
 20
-27976.203
  0
LWPOLYLINE
  5
3C0
330
17
100
AcDbEntity
  8
EB-BASE-PARCELS
100
AcDbPolyline
 90
2
 70
0
 10
-333877.509
 20
-27995.451
 10
-333866.044
 20
-27977.917
  0
LWPOLYLINE
  5
3C1
330
17
100
AcDbEntity
  8
EB-BASE-PARCELS
100
AcDbPolyline
 90
3
 70
0
 10
-333881.659
 20
-28001.798
 10
-333878.575
 20
-27997.082
 10
-333877.509
 20
-27995.451
  0
LWPOLYLINE
  5
3C2
330
17
100
AcDbEntity
  8
EB-BASE-PARCELS
100
AcDbPolyline
 90
2
 70
0
 10
-333862.364
 20
-27605.117
 10
-333863.423
 20
-27610.893
  0
LWPOLYLINE
  5
3C3
330
17
100
AcDbEntity
  8
EB-BASE-PARCELS
100
AcDbPolyline
 90
3
 70
0
 10
-333979.8620000001
 20
-27908.047
 10
-333981.9720000001
 20
-27912.376
 10
-333983.786
 20
-27916.097
  0
LWPOLYLINE
  5
3C4
330
17
100
AcDbEntity
  8
EB-BASE-PARCELS
100
AcDbPolyline
 90
2
 70
0
 10
-333758.973
 20
-27514.529
 10
-333752.531
 20
-27519.211
  0
LWPOLYLINE
  5
3C5
330
17
100
AcDbEntity
  8
EB-BASE-PARCELS
100
AcDbPolyline
 90
2
 70
0
 10
-333752.531
 20
-27519.211
 10
-333741.324
 20
-27527.315
  0
LWPOLYLINE
  5
3C6
330
17
100
AcDbEntity
  8
EB-BASE-PARCELS
100
AcDbPolyline
 90
2
 70
0
 10
-333729.9440000001
 20
-27535.582
 10
-333741.324
 20
-27527.315
  0
LWPOLYLINE
  5
3C7
330
17
100
AcDbEntity
  8
EB-BASE-PARCELS
100
AcDbPolyline
 90
2
 70
0
 10
-333723.268
 20
-27526.314
 10
-333729.9440000001
 20
-27535.582
  0
LWPOLYLINE
  5
3C8
330
17
100
AcDbEntity
  8
EB-BASE-PARCELS
100
AcDbPolyline
 90
2
 70
0
 10
-333748.4100000001
 20
-27510.478
 10
-333758.973
 20
-27514.529
  0
LWPOLYLINE
  5
3C9
330
17
100
AcDbEntity
  8
EB-BASE-PARCELS
100
AcDbPolyline
 90
2
 70
0
 10
-333841.456
 20
-27485.308
 10
-333819.9590000001
 20
-27501.022
  0
LWPOLYLINE
  5
3CA
330
17
100
AcDbEntity
  8
EB-BASE-PARCELS
100
AcDbPolyline
 90
2
 70
0
 10
-333642.893
 20
-27527.248
 10
-333633.826
 20
-27518.692
  0
LWPOLYLINE
  5
3CB
330
17
100
AcDbEntity
  8
EB-BASE-PARCELS
100
AcDbPolyline
 90
3
 70
0
 10
-333633.826
 20
-27518.692
 10
-333633.498
 20
-27515.672
 10
-333638.113
 20
-27508.397
  0
LWPOLYLINE
  5
3CC
330
17
100
AcDbEntity
  8
EB-BASE-PARCELS
100
AcDbPolyline
 90
2
 70
0
 10
-333695.119
 20
-27501.156
 10
-333686.504
 20
-27513.159
  0
LWPOLYLINE
  5
3CD
330
17
100
AcDbEntity
  8
EB-BASE-PARCELS
100
AcDbPolyline
 90
2
 70
0
 10
-333712.7470000001
 20
-27525.959
 10
-333713.9430000001
 20
-27525.071
  0
LWPOLYLINE
  5
3CE
330
17
100
AcDbEntity
  8
EB-BASE-PARCELS
100
AcDbPolyline
 90
2
 70
0
 10
-333713.9430000001
 20
-27525.071
 10
-333720.14
 20
-27520.518
  0
LWPOLYLINE
  5
3CF
330
17
100
AcDbEntity
  8
EB-BASE-PARCELS
100
AcDbPolyline
 90
2
 70
0
 10
-333698.336
 20
-27502.627
 10
-333695.119
 20
-27501.156
  0
LWPOLYLINE
  5
3D0
330
17
100
AcDbEntity
  8
EB-BASE-PARCELS
100
AcDbPolyline
 90
2
 70
0
 10
-333697.364
 20
-27519.913
 10
-333686.504
 20
-27513.159
  0
LWPOLYLINE
  5
3D1
330
17
100
AcDbEntity
  8
EB-BASE-PARCELS
100
AcDbPolyline
 90
2
 70
0
 10
-333720.98
 20
-27513.291
 10
-333715.3530000001
 20
-27510.58200000001
  0
LWPOLYLINE
  5
3D2
330
17
100
AcDbEntity
  8
EB-BASE-PARCELS
100
AcDbPolyline
 90
3
 70
0
 10
-333721.838
 20
-27512.117
 10
-333736.133
 20
-27490.365
 10
-333740.9860000001
 20
-27483.174
  0
LWPOLYLINE
  5
3D3
330
17
100
AcDbEntity
  8
EB-BASE-PARCELS
100
AcDbPolyline
 90
2
 70
0
 10
-333773.709
 20
-27503.981
 10
-333776.816
 20
-27501.747
  0
LWPOLYLINE
  5
3D4
330
17
100
AcDbEntity
  8
EB-BASE-PARCELS
100
AcDbPolyline
 90
2
 70
0
 10
-333791.081
 20
-27506.52
 10
-333788.374
 20
-27503.1
  0
LWPOLYLINE
  5
3D5
330
17
100
AcDbEntity
  8
EB-BASE-PARCELS
100
AcDbPolyline
 90
2
 70
0
 10
-333791.081
 20
-27506.52
 10
-333781.219
 20
-27513.673
  0
LWPOLYLINE
  5
3D6
330
17
100
AcDbEntity
  8
EB-BASE-PARCELS
100
AcDbPolyline
 90
2
 70
0
 10
-333776.233
 20
-27507.261
 10
-333773.709
 20
-27503.981
  0
LWPOLYLINE
  5
3D7
330
17
100
AcDbEntity
  8
EB-BASE-PARCELS
100
AcDbPolyline
 90
2
 70
0
 10
-333781.219
 20
-27513.673
 10
-333778.3400000001
 20
-27509.997
  0
LWPOLYLINE
  5
3D8
330
17
100
AcDbEntity
  8
EB-BASE-PARCELS
100
AcDbPolyline
 90
2
 70
0
 10
-333778.3400000001
 20
-27509.997
 10
-333776.3300000001
 20
-27507.387
  0
LWPOLYLINE
  5
3D9
330
17
100
AcDbEntity
  8
EB-BASE-PARCELS
100
AcDbPolyline
 90
2
 70
0
 10
-333774.3130000001
 20
-27518.58
 10
-333781.219
 20
-27513.673
  0
LWPOLYLINE
  5
3DA
330
17
100
AcDbEntity
  8
EB-BASE-PARCELS
100
AcDbPolyline
 90
2
 70
0
 10
-333776.816
 20
-27501.747
 10
-333780.338
 20
-27499.207
  0
LWPOLYLINE
  5
3DB
330
17
100
AcDbEntity
  8
EB-BASE-PARCELS
100
AcDbPolyline
 90
2
 70
0
 10
-333771.4050000001
 20
-27505.743
 10
-333773.709
 20
-27503.981
  0
LWPOLYLINE
  5
3DC
330
17
100
AcDbEntity
  8
EB-BASE-PARCELS
100
AcDbPolyline
 90
2
 70
0
 10
-333771.4050000001
 20
-27505.743
 10
-333763.6070000001
 20
-27496.409
  0
LWPOLYLINE
  5
3DD
330
17
100
AcDbEntity
  8
EB-BASE-PARCELS
100
AcDbPolyline
 90
2
 70
0
 10
-333747.646
 20
-27508.011
 10
-333763.6070000001
 20
-27496.409
  0
LWPOLYLINE
  5
3DE
330
17
100
AcDbEntity
  8
EB-BASE-PARCELS
100
AcDbPolyline
 90
2
 70
0
 10
-333760.994
 20
-27513.212
 10
-333771.4050000001
 20
-27505.743
  0
LWPOLYLINE
  5
3DF
330
17
100
AcDbEntity
  8
EB-BASE-PARCELS
100
AcDbPolyline
 90
3
 70
0
 10
-333747.646
 20
-27508.011
 10
-333750.0330000001
 20
-27508.941
 10
-333760.994
 20
-27513.212
  0
LWPOLYLINE
  5
3E0
330
17
100
AcDbEntity
  8
EB-BASE-PARCELS
100
AcDbPolyline
 90
4
 70
0
 10
-333795.8020000001
 20
-27488.083
 10
-333801.659
 20
-27496.305
 10
-333801.267
 20
-27499.105
 10
-333791.081
 20
-27506.52
  0
LWPOLYLINE
  5
3E1
330
17
100
AcDbEntity
  8
EB-BASE-PARCELS
100
AcDbPolyline
 90
2
 70
0
 10
-333788.374
 20
-27503.1
 10
-333786.126
 20
-27500.26
  0
LWPOLYLINE
  5
3E2
330
17
100
AcDbEntity
  8
EB-BASE-PARCELS
100
AcDbPolyline
 90
2
 70
0
 10
-333805.946
 20
-27535.481
 10
-333800.4400000001
 20
-27522.476
  0
LWPOLYLINE
  5
3E3
330
17
100
AcDbEntity
  8
EB-BASE-PARCELS
100
AcDbPolyline
 90
2
 70
0
 10
-333778.329
 20
-27547.264
 10
-333805.946
 20
-27535.481
  0
LWPOLYLINE
  5
3E4
330
17
100
AcDbEntity
  8
EB-BASE-PARCELS
100
AcDbPolyline
 90
4
 70
0
 10
-333776.02
 20
-27538.988
 10
-333776.065
 20
-27541.182
 10
-333776.275
 20
-27542.44
 10
-333778.329
 20
-27547.264
  0
LWPOLYLINE
  5
3E5
330
17
100
AcDbEntity
  8
EB-BASE-PARCELS
100
AcDbPolyline
 90
2
 70
0
 10
-333806.8790000001
 20
-27517.778
 10
-333813.746
 20
-27512.787
  0
LWPOLYLINE
  5
3E6
330
17
100
AcDbEntity
  8
EB-BASE-PARCELS
100
AcDbPolyline
 90
2
 70
0
 10
-333815.396
 20
-27515.007
 10
-333817.7690000001
 20
-27518.22600000001
  0
LWPOLYLINE
  5
3E7
330
17
100
AcDbEntity
  8
EB-BASE-PARCELS
100
AcDbPolyline
 90
2
 70
0
 10
-333814.664
 20
-27514.022
 10
-333813.746
 20
-27512.787
  0
LWPOLYLINE
  5
3E8
330
17
100
AcDbEntity
  8
EB-BASE-PARCELS
100
AcDbPolyline
 90
2
 70
0
 10
-333816.153
 20
-27531.156
 10
-333805.946
 20
-27535.481
  0
LWPOLYLINE
  5
3E9
330
17
100
AcDbEntity
  8
EB-BASE-PARCELS
100
AcDbPolyline
 90
3
 70
0
 10
-333775.897
 20
-27532.87
 10
-333775.897
 20
-27529.034
 10
-333775.904
 20
-27525.066
  0
LWPOLYLINE
  5
3EA
330
17
100
AcDbEntity
  8
EB-BASE-PARCELS
100
AcDbPolyline
 90
2
 70
0
 10
-333785.498
 20
-27518.019
 10
-333789.722
 20
-27523.994
  0
LWPOLYLINE
  5
3EB
330
17
100
AcDbEntity
  8
EB-BASE-PARCELS
100
AcDbPolyline
 90
2
 70
0
 10
-333785.498
 20
-27518.019
 10
-333782.835
 20
-27519.943
  0
LWPOLYLINE
  5
3EC
330
17
100
AcDbEntity
  8
EB-BASE-PARCELS
100
AcDbPolyline
 90
2
 70
0
 10
-333757.55
 20
-27537.778
 10
-333774.593
 20
-27525.493
  0
LWPOLYLINE
  5
3ED
330
17
100
AcDbEntity
  8
EB-BASE-PARCELS
100
AcDbPolyline
 90
6
 70
0
 10
-333774.593
 20
-27525.493
 10
-333774.2260000001
 20
-27538.015
 10
-333774.143
 20
-27542.871
 10
-333774.261
 20
-27543.913
 10
-333774.64
 20
-27545.026
 10
-333776.048
 20
-27548.223
  0
LWPOLYLINE
  5
3EE
330
17
100
AcDbEntity
  8
EB-BASE-PARCELS
100
AcDbPolyline
 90
2
 70
0
 10
-333776.048
 20
-27548.223
 10
-333767.525
 20
-27551.839
  0
LWPOLYLINE
  5
3EF
330
17
100
AcDbEntity
  8
EB-BASE-PARCELS
100
AcDbPolyline
 90
2
 70
0
 10
-333767.525
 20
-27551.839
 10
-333757.55
 20
-27537.778
  0
LWPOLYLINE
  5
3F0
330
17
100
AcDbEntity
  8
EB-BASE-PARCELS
100
AcDbPolyline
 90
5
 70
0
 10
-333735.6000000001
 20
-27565.593
 10
-333732.5960000001
 20
-27564.807
 10
-333729.126
 20
-27560.287
 10
-333729.694
 20
-27557.652
 10
-333745.136
 20
-27546.699
  0
LWPOLYLINE
  5
3F1
330
17
100
AcDbEntity
  8
EB-BASE-PARCELS
100
AcDbPolyline
 90
2
 70
0
 10
-333750.209
 20
-27554.052
 10
-333752.987
 20
-27558.058
  0
LWPOLYLINE
  5
3F2
330
17
100
AcDbEntity
  8
EB-BASE-PARCELS
100
AcDbPolyline
 90
2
 70
0
 10
-333747.768
 20
-27550.514
 10
-333745.136
 20
-27546.699
  0
LWPOLYLINE
  5
3F3
330
17
100
AcDbEntity
  8
EB-BASE-PARCELS
100
AcDbPolyline
 90
4
 70
0
 10
-333735.6000000001
 20
-27565.593
 10
-333739.842
 20
-27563.69
 10
-333747.37
 20
-27560.477
 10
-333752.987
 20
-27558.058
  0
LWPOLYLINE
  5
3F4
330
17
100
AcDbEntity
  8
EB-BASE-PARCELS
100
AcDbPolyline
 90
4
 70
0
 10
-333736.12
 20
-27545.624
 10
-333726.0110000001
 20
-27552.97
 10
-333723.146
 20
-27552.459
 10
-333717.279
 20
-27544.712
  0
LWPOLYLINE
  5
3F5
330
17
100
AcDbEntity
  8
EB-BASE-PARCELS
100
AcDbPolyline
 90
2
 70
0
 10
-333729.179
 20
-27536.09
 10
-333726.082
 20
-27538.311
  0
LWPOLYLINE
  5
3F6
330
17
100
AcDbEntity
  8
EB-BASE-PARCELS
100
AcDbPolyline
 90
2
 70
0
 10
-333720.614
 20
-27542.311
 10
-333717.279
 20
-27544.712
  0
LWPOLYLINE
  5
3F7
330
17
100
AcDbEntity
  8
EB-BASE-PARCELS
100
AcDbPolyline
 90
2
 70
0
 10
-333726.082
 20
-27538.311
 10
-333723.777
 20
-27540.009
  0
LWPOLYLINE
  5
3F8
330
17
100
AcDbEntity
  8
EB-BASE-PARCELS
100
AcDbPolyline
 90
2
 70
0
 10
-333736.12
 20
-27545.624
 10
-333733.6350000001
 20
-27542.191
  0
LWPOLYLINE
  5
3F9
330
17
100
AcDbEntity
  8
EB-BASE-PARCELS
100
AcDbPolyline
 90
2
 70
0
 10
-333729.179
 20
-27536.09
 10
-333731.695
 20
-27539.467
  0
LWPOLYLINE
  5
3FA
330
17
100
AcDbEntity
  8
EB-BASE-PARCELS
100
AcDbPolyline
 90
4
 70
0
 10
-333722.99
 20
-27525.928
 10
-333711.732
 20
-27534.045
 10
-333711.267
 20
-27536.777
 10
-333717.279
 20
-27544.712
  0
LWPOLYLINE
  5
3FB
330
17
100
AcDbEntity
  8
EB-BASE-PARCELS
100
AcDbPolyline
 90
2
 70
0
 10
-333722.99
 20
-27525.928
 10
-333723.268
 20
-27526.314
  0
LWPOLYLINE
  5
3FC
330
17
100
AcDbEntity
  8
EB-BASE-PARCELS
100
AcDbPolyline
 90
2
 70
0
 10
-333729.9440000001
 20
-27535.582
 10
-333729.179
 20
-27536.09
  0
LWPOLYLINE
  5
3FD
330
17
100
AcDbEntity
  8
EB-BASE-PARCELS
100
AcDbPolyline
 90
2
 70
0
 10
-333723.777
 20
-27540.009
 10
-333720.614
 20
-27542.311
  0
LWPOLYLINE
  5
3FE
330
17
100
AcDbEntity
  8
EB-BASE-PARCELS
100
AcDbPolyline
 90
2
 70
0
 10
-333693.309
 20
-27547.49
 10
-333688.341
 20
-27551.238
  0
LWPOLYLINE
  5
3FF
330
17
100
AcDbEntity
  8
EB-BASE-PARCELS
100
AcDbPolyline
 90
2
 70
0
 10
-333713.812
 20
-27574.833
 10
-333703.7690000001
 20
-27561.49
  0
LWPOLYLINE
  5
400
330
17
100
AcDbEntity
  8
EB-BASE-PARCELS
100
AcDbPolyline
 90
2
 70
0
 10
-333703.7690000001
 20
-27561.49
 10
-333693.309
 20
-27547.49
  0
LWPOLYLINE
  5
401
330
17
100
AcDbEntity
  8
EB-BASE-PARCELS
100
AcDbPolyline
 90
2
 70
0
 10
-333688.341
 20
-27551.238
 10
-333675.1020000001
 20
-27560.821
  0
LWPOLYLINE
  5
402
330
17
100
AcDbEntity
  8
EB-BASE-PARCELS
100
AcDbPolyline
 90
3
 70
0
 10
-333713.812
 20
-27574.833
 10
-333700.696
 20
-27580.532
 10
-333694.843
 20
-27582.959
  0
LWPOLYLINE
  5
403
330
17
100
AcDbEntity
  8
EB-BASE-PARCELS
100
AcDbPolyline
 90
2
 70
0
 10
-333651.417
 20
-27677.328
 10
-333649.902
 20
-27672.313
  0
LWPOLYLINE
  5
404
330
17
100
AcDbEntity
  8
EB-BASE-PARCELS
100
AcDbPolyline
 90
2
 70
0
 10
-333644.475
 20
-27720.344
 10
-333636.5410000001
 20
-27722.717
  0
LWPOLYLINE
  5
405
330
17
100
AcDbEntity
  8
EB-BASE-PARCELS
100
AcDbPolyline
 90
2
 70
0
 10
-333636.5410000001
 20
-27722.717
 10
-333632.0050000001
 20
-27708.251
  0
LWPOLYLINE
  5
406
330
17
100
AcDbEntity
  8
EB-BASE-PARCELS
100
AcDbPolyline
 90
3
 70
0
 10
-333683.667
 20
-27709.081
 10
-333688.807
 20
-27707.588
 10
-333701.7750000001
 20
-27703.763
  0
LWPOLYLINE
  5
407
330
17
100
AcDbEntity
  8
EB-BASE-PARCELS
100
AcDbPolyline
 90
2
 70
0
 10
-333632.0050000001
 20
-27708.251
 10
-333623.2900000001
 20
-27710.88
  0
LWPOLYLINE
  5
408
330
17
100
AcDbEntity
  8
EB-BASE-PARCELS
100
AcDbPolyline
 90
3
 70
0
 10
-333477.782
 20
-27745.278
 10
-333478.1680000001
 20
-27744.999
 10
-333479.582
 20
-27743.949
  0
LWPOLYLINE
  5
409
330
17
100
AcDbEntity
  8
EB-BASE-PARCELS
100
AcDbPolyline
 90
3
 70
0
 10
-333501.659
 20
-27912.726
 10
-333492.3420000001
 20
-27923.209
 10
-333489.8510000001
 20
-27926.034
  0
LWPOLYLINE
  5
40A
330
17
100
AcDbEntity
  8
EB-BASE-PARCELS
100
AcDbPolyline
 90
3
 70
0
 10
-333489.8510000001
 20
-27926.034
 10
-333487.0590000001
 20
-27929.201
 10
-333482.376
 20
-27934.602
  0
LWPOLYLINE
  5
40B
330
17
100
AcDbEntity
  8
EB-BASE-PARCELS
100
AcDbPolyline
 90
2
 70
0
 10
-333470.767
 20
-27922.42
 10
-333482.376
 20
-27934.602
  0
LWPOLYLINE
  5
40C
330
17
100
AcDbEntity
  8
EB-BASE-PARCELS
100
AcDbPolyline
 90
2
 70
0
 10
-333515.3180000001
 20
-27942.152
 10
-333490.583
 20
-27950.829
  0
LWPOLYLINE
  5
40D
330
17
100
AcDbEntity
  8
EB-BASE-PARCELS
100
AcDbPolyline
 90
4
 70
0
 10
-333515.3180000001
 20
-27942.152
 10
-333514.029
 20
-27938.535
 10
-333509.966
 20
-27927.136
 10
-333507.436
 20
-27919.898
  0
LWPOLYLINE
  5
40E
330
17
100
AcDbEntity
  8
EB-BASE-PARCELS
100
AcDbPolyline
 90
2
 70
0
 10
-333526.631
 20
-27956.056
 10
-333525.399
 20
-27956.492
  0
LWPOLYLINE
  5
40F
330
17
100
AcDbEntity
  8
EB-BASE-PARCELS
100
AcDbPolyline
 90
3
 70
0
 10
-333525.399
 20
-27956.492
 10
-333525.2850000001
 20
-27956.532
 10
-333520.951
 20
-27958.064
  0
LWPOLYLINE
  5
410
330
17
100
AcDbEntity
  8
EB-BASE-PARCELS
100
AcDbPolyline
 90
2
 70
0
 10
-333528.839
 20
-27955.275
 10
-333526.631
 20
-27956.056
  0
LWPOLYLINE
  5
411
330
17
100
AcDbEntity
  8
EB-BASE-PARCELS
100
AcDbPolyline
 90
2
 70
0
 10
-333539.843
 20
-27951.384
 10
-333528.839
 20
-27955.275
  0
LWPOLYLINE
  5
412
330
17
100
AcDbEntity
  8
EB-BASE-PARCELS
100
AcDbPolyline
 90
2
 70
0
 10
-333551.3300000001
 20
-27947.32
 10
-333539.843
 20
-27951.384
  0
LWPOLYLINE
  5
413
330
17
100
AcDbEntity
  8
EB-BASE-PARCELS
100
AcDbPolyline
 90
2
 70
0
 10
-333520.951
 20
-27958.064
 10
-333515.3180000001
 20
-27942.152
  0
LWPOLYLINE
  5
414
330
17
100
AcDbEntity
  8
EB-BASE-PARCELS
100
AcDbPolyline
 90
2
 70
0
 10
-333515.3180000001
 20
-27942.152
 10
-333542.116
 20
-27932.866
  0
LWPOLYLINE
  5
415
330
17
100
AcDbEntity
  8
EB-BASE-PARCELS
100
AcDbPolyline
 90
2
 70
0
 10
-333551.3300000001
 20
-27947.32
 10
-333542.116
 20
-27932.866
  0
LWPOLYLINE
  5
416
330
17
100
AcDbEntity
  8
EB-BASE-PARCELS
100
AcDbPolyline
 90
2
 70
0
 10
-333513.396
 20
-27960.741
 10
-333498.326
 20
-27966.094
  0
LWPOLYLINE
  5
417
330
17
100
AcDbEntity
  8
EB-BASE-PARCELS
100
AcDbPolyline
 90
2
 70
0
 10
-333520.951
 20
-27958.064
 10
-333513.396
 20
-27960.741
  0
LWPOLYLINE
  5
418
330
17
100
AcDbEntity
  8
EB-BASE-PARCELS
100
AcDbPolyline
 90
2
 70
0
 10
-333513.396
 20
-27960.741
 10
-333520.721
 20
-27980.827
  0
LWPOLYLINE
  5
419
330
17
100
AcDbEntity
  8
EB-BASE-PARCELS
100
AcDbPolyline
 90
2
 70
0
 10
-333520.721
 20
-27980.827
 10
-333534.037
 20
-27976.103
  0
LWPOLYLINE
  5
41A
330
17
100
AcDbEntity
  8
EB-BASE-PARCELS
100
AcDbPolyline
 90
2
 70
0
 10
-333529.354
 20
-27963.426
 10
-333534.037
 20
-27976.103
  0
LWPOLYLINE
  5
41B
330
17
100
AcDbEntity
  8
EB-BASE-PARCELS
100
AcDbPolyline
 90
2
 70
0
 10
-333547.129
 20
-27971.458
 10
-333539.843
 20
-27951.384
  0
LWPOLYLINE
  5
41C
330
17
100
AcDbEntity
  8
EB-BASE-PARCELS
100
AcDbPolyline
 90
3
 70
0
 10
-333562.077
 20
-27964.796
 10
-333560.604
 20
-27962.344
 10
-333551.3300000001
 20
-27947.32
  0
LWPOLYLINE
  5
41D
330
17
100
AcDbEntity
  8
EB-BASE-PARCELS
100
AcDbPolyline
 90
2
 70
0
 10
-333547.129
 20
-27971.458
 10
-333561.386
 20
-27966.109
  0
LWPOLYLINE
  5
41E
330
17
100
AcDbEntity
  8
EB-BASE-PARCELS
100
AcDbPolyline
 90
3
 70
0
 10
-333709.072
 20
-27857.949
 10
-333707.448
 20
-27855.317
 10
-333699.8400000001
 20
-27843.351
  0
LWPOLYLINE
  5
41F
330
17
100
AcDbEntity
  8
EB-BASE-PARCELS
100
AcDbPolyline
 90
6
 70
0
 10
-333542.116
 20
-27932.866
 10
-333540.597
 20
-27930.615
 10
-333540.009
 20
-27929.646
 10
-333537.9790000001
 20
-27926.298
 10
-333530.8910000001
 20
-27914.969
 10
-333529.4260000001
 20
-27912.66
  0
LWPOLYLINE
  5
420
330
17
100
AcDbEntity
  8
EB-BASE-PARCELS
100
AcDbPolyline
 90
2
 70
0
 10
-333534.037
 20
-27976.103
 10
-333547.129
 20
-27971.458
  0
LWPOLYLINE
  5
421
330
17
100
AcDbEntity
  8
EB-BASE-PARCELS
100
AcDbPolyline
 90
2
 70
0
 10
-333723.176
 20
-27845.736
 10
-333727.789
 20
-27854.42
  0
LWPOLYLINE
  5
422
330
17
100
AcDbEntity
  8
EB-BASE-PARCELS
100
AcDbPolyline
 90
4
 70
0
 10
-333743.2370000001
 20
-27838.398
 10
-333745.667
 20
-27845.513
 10
-333746.061
 20
-27846.668
 10
-333746.4970000001
 20
-27847.944
  0
LWPOLYLINE
  5
423
330
17
100
AcDbEntity
  8
EB-BASE-PARCELS
100
AcDbPolyline
 90
3
 70
0
 10
-333728.317
 20
-27855.414
 10
-333729.131
 20
-27856.947
 10
-333734.376
 20
-27866.757
  0
LWPOLYLINE
  5
424
330
17
100
AcDbEntity
  8
EB-BASE-PARCELS
100
AcDbPolyline
 90
2
 70
0
 10
-333760.575
 20
-27653.383
 10
-333742.475
 20
-27660.175
  0
LWPOLYLINE
  5
425
330
17
100
AcDbEntity
  8
EB-BASE-PARCELS
100
AcDbPolyline
 90
2
 70
0
 10
-333742.475
 20
-27660.175
 10
-333718.887
 20
-27669.182
  0
LWPOLYLINE
  5
426
330
17
100
AcDbEntity
  8
EB-BASE-PARCELS
100
AcDbPolyline
 90
2
 70
0
 10
-333760.575
 20
-27653.383
 10
-333738.803
 20
-27631.862
  0
LWPOLYLINE
  5
427
330
17
100
AcDbEntity
  8
EB-BASE-PARCELS
100
AcDbPolyline
 90
2
 70
0
 10
-333709.726
 20
-27643.236
 10
-333738.803
 20
-27631.862
  0
LWPOLYLINE
  5
428
330
17
100
AcDbEntity
  8
EB-BASE-PARCELS
100
AcDbPolyline
 90
2
 70
0
 10
-333718.887
 20
-27669.182
 10
-333709.726
 20
-27643.236
  0
LWPOLYLINE
  5
429
330
17
100
AcDbEntity
  8
EB-BASE-PARCELS
100
AcDbPolyline
 90
3
 70
0
 10
-333749.63
 20
-27681.15
 10
-333749.159
 20
-27679.781
 10
-333742.475
 20
-27660.175
  0
LWPOLYLINE
  5
42A
330
17
100
AcDbEntity
  8
EB-BASE-PARCELS
100
AcDbPolyline
 90
2
 70
0
 10
-333776.826
 20
-27669.519
 10
-333760.575
 20
-27653.383
  0
LWPOLYLINE
  5
42B
330
17
100
AcDbEntity
  8
EB-BASE-PARCELS
100
AcDbPolyline
 90
2
 70
0
 10
-333670.047
 20
-27648.554
 10
-333671.36
 20
-27652.901
  0
LWPOLYLINE
  5
42C
330
17
100
AcDbEntity
  8
EB-BASE-PARCELS
100
AcDbPolyline
 90
2
 70
0
 10
-333723.2530000001
 20
-27691.776
 10
-333723.03
 20
-27691.401
  0
LWPOLYLINE
  5
42D
330
17
100
AcDbEntity
  8
EB-BASE-PARCELS
100
AcDbPolyline
 90
2
 70
0
 10
-333707.5900000001
 20
-27672.727
 10
-333707.347
 20
-27672.072
  0
LWPOLYLINE
  5
42E
330
17
100
AcDbEntity
  8
EB-BASE-PARCELS
100
AcDbPolyline
 90
2
 70
0
 10
-333710.279
 20
-27670.246
 10
-333710.0260000001
 20
-27669.826
  0
LWPOLYLINE
  5
42F
330
17
100
AcDbEntity
  8
EB-BASE-PARCELS
100
AcDbPolyline
 90
2
 70
0
 10
-333683.537
 20
-27875.107
 10
-333684.219
 20
-27876.47600000001
  0
LWPOLYLINE
  5
430
330
17
100
AcDbEntity
  8
EB-BASE-PARCELS
100
AcDbPolyline
 90
2
 70
0
 10
-333769.976
 20
-27875.237
 10
-333781.048
 20
-27869.391
  0
LWPOLYLINE
  5
431
330
17
100
AcDbEntity
  8
EB-BASE-PARCELS
100
AcDbPolyline
 90
2
 70
0
 10
-333769.976
 20
-27875.237
 10
-333777.7980000001
 20
-27891.359
  0
LWPOLYLINE
  5
432
330
17
100
AcDbEntity
  8
EB-BASE-PARCELS
100
AcDbPolyline
 90
4
 70
0
 10
-333781.048
 20
-27869.391
 10
-333788.452
 20
-27885.117
 10
-333786.899
 20
-27887.925
 10
-333777.7980000001
 20
-27891.359
  0
LWPOLYLINE
  5
433
330
17
100
AcDbEntity
  8
EB-BASE-PARCELS
100
AcDbPolyline
 90
2
 70
0
 10
-333769.976
 20
-27875.237
 10
-333767.059
 20
-27876.743
  0
LWPOLYLINE
  5
434
330
17
100
AcDbEntity
  8
EB-BASE-PARCELS
100
AcDbPolyline
 90
2
 70
0
 10
-333767.059
 20
-27876.743
 10
-333759.564
 20
-27880.613
  0
LWPOLYLINE
  5
435
330
17
100
AcDbEntity
  8
EB-BASE-PARCELS
100
AcDbPolyline
 90
2
 70
0
 10
-333777.7980000001
 20
-27891.359
 10
-333768.742
 20
-27894.666
  0
LWPOLYLINE
  5
436
330
17
100
AcDbEntity
  8
EB-BASE-PARCELS
100
AcDbPolyline
 90
3
 70
0
 10
-333768.742
 20
-27894.666
 10
-333766.143
 20
-27894.026
 10
-333759.564
 20
-27880.613
  0
LWPOLYLINE
  5
437
330
17
100
AcDbEntity
  8
EB-BASE-PARCELS
100
AcDbPolyline
 90
2
 70
0
 10
-333769.976
 20
-27875.237
 10
-333763.336
 20
-27861.736
  0
LWPOLYLINE
  5
438
330
17
100
AcDbEntity
  8
EB-BASE-PARCELS
100
AcDbPolyline
 90
2
 70
0
 10
-333759.1130000001
 20
-27879.705
 10
-333753.028
 20
-27867.319
  0
LWPOLYLINE
  5
439
330
17
100
AcDbEntity
  8
EB-BASE-PARCELS
100
AcDbPolyline
 90
2
 70
0
 10
-333737.993
 20
-27878.518
 10
-333741.548
 20
-27884.975
  0
LWPOLYLINE
  5
43A
330
17
100
AcDbEntity
  8
EB-BASE-PARCELS
100
AcDbPolyline
 90
2
 70
0
 10
-333741.548
 20
-27884.975
 10
-333743.37
 20
-27888.294
  0
LWPOLYLINE
  5
43B
330
17
100
AcDbEntity
  8
EB-BASE-PARCELS
100
AcDbPolyline
 90
2
 70
0
 10
-333754.137
 20
-27883.162
 10
-333747.739
 20
-27870.184
  0
LWPOLYLINE
  5
43C
330
17
100
AcDbEntity
  8
EB-BASE-PARCELS
100
AcDbPolyline
 90
2
 70
0
 10
-333737.993
 20
-27878.518
 10
-333736.779
 20
-27876.273
  0
LWPOLYLINE
  5
43D
330
17
100
AcDbEntity
  8
EB-BASE-PARCELS
100
AcDbPolyline
 90
3
 70
0
 10
-333756.999
 20
-27889.02
 10
-333760.3580000001
 20
-27895.895
 10
-333759.1230000001
 20
-27898.238
  0
LWPOLYLINE
  5
43E
330
17
100
AcDbEntity
  8
EB-BASE-PARCELS
100
AcDbPolyline
 90
2
 70
0
 10
-333748.547
 20
-27897.579
 10
-333750.674
 20
-27901.331
  0
LWPOLYLINE
  5
43F
330
17
100
AcDbEntity
  8
EB-BASE-PARCELS
100
AcDbPolyline
 90
2
 70
0
 10
-333744.989
 20
-27891.198
 10
-333748.547
 20
-27897.579
  0
LWPOLYLINE
  5
440
330
17
100
AcDbEntity
  8
EB-BASE-PARCELS
100
AcDbPolyline
 90
2
 70
0
 10
-333750.674
 20
-27901.331
 10
-333759.1230000001
 20
-27898.238
  0
LWPOLYLINE
  5
441
330
17
100
AcDbEntity
  8
EB-BASE-PARCELS
100
AcDbPolyline
 90
2
 70
0
 10
-333736.3590000001
 20
-27891.78
 10
-333732.801
 20
-27893.565
  0
LWPOLYLINE
  5
442
330
17
100
AcDbEntity
  8
EB-BASE-PARCELS
100
AcDbPolyline
 90
2
 70
0
 10
-333742.634
 20
-27888.663
 10
-333739.8940000001
 20
-27890.007
  0
LWPOLYLINE
  5
443
330
17
100
AcDbEntity
  8
EB-BASE-PARCELS
100
AcDbPolyline
 90
4
 70
0
 10
-333750.674
 20
-27901.331
 10
-333742.152
 20
-27904.546
 10
-333739.238
 20
-27903.563
 10
-333732.801
 20
-27893.565
  0
LWPOLYLINE
  5
444
330
17
100
AcDbEntity
  8
EB-BASE-PARCELS
100
AcDbPolyline
 90
2
 70
0
 10
-333739.8940000001
 20
-27890.007
 10
-333736.3590000001
 20
-27891.78
  0
LWPOLYLINE
  5
445
330
17
100
AcDbEntity
  8
EB-BASE-PARCELS
100
AcDbPolyline
 90
2
 70
0
 10
-333743.37
 20
-27888.294
 10
-333742.634
 20
-27888.663
  0
LWPOLYLINE
  5
446
330
17
100
AcDbEntity
  8
EB-BASE-PARCELS
100
AcDbPolyline
 90
2
 70
0
 10
-333732.801
 20
-27893.565
 10
-333725.733
 20
-27882.609
  0
LWPOLYLINE
  5
447
330
17
100
AcDbEntity
  8
EB-BASE-PARCELS
100
AcDbPolyline
 90
2
 70
0
 10
-333717.1580000001
 20
-27901.774
 10
-333727.0200000001
 20
-27895.418
  0
LWPOLYLINE
  5
448
330
17
100
AcDbEntity
  8
EB-BASE-PARCELS
100
AcDbPolyline
 90
2
 70
0
 10
-333727.0200000001
 20
-27895.418
 10
-333721.002
 20
-27885.99
  0
LWPOLYLINE
  5
449
330
17
100
AcDbEntity
  8
EB-BASE-PARCELS
100
AcDbPolyline
 90
2
 70
0
 10
-333717.1580000001
 20
-27901.774
 10
-333711.507
 20
-27892.482
  0
LWPOLYLINE
  5
44A
330
17
100
AcDbEntity
  8
EB-BASE-PARCELS
100
AcDbPolyline
 90
2
 70
0
 10
-333717.1580000001
 20
-27901.774
 10
-333723.175
 20
-27911.567
  0
LWPOLYLINE
  5
44B
330
17
100
AcDbEntity
  8
EB-BASE-PARCELS
100
AcDbPolyline
 90
4
 70
0
 10
-333723.175
 20
-27911.567
 10
-333732.5360000001
 20
-27908.079
 10
-333733.249
 20
-27905.235
 10
-333727.0200000001
 20
-27895.418
  0
LWPOLYLINE
  5
44C
330
17
100
AcDbEntity
  8
EB-BASE-PARCELS
100
AcDbPolyline
 90
2
 70
0
 10
-333528.765
 20
-27990.433
 10
-333528.445
 20
-27989.846
  0
LWPOLYLINE
  5
44D
330
17
100
AcDbEntity
  8
EB-BASE-PARCELS
100
AcDbPolyline
 90
3
 70
0
 10
-333528.765
 20
-27990.433
 10
-333536.365
 20
-28004.194
 10
-333521.811
 20
-28011.927
  0
LWPOLYLINE
  5
44E
330
17
100
AcDbEntity
  8
EB-BASE-PARCELS
100
AcDbPolyline
 90
2
 70
0
 10
-333689.88
 20
-27995.296
 10
-333681.2200000001
 20
-27998.121
  0
LWPOLYLINE
  5
44F
330
17
100
AcDbEntity
  8
EB-BASE-PARCELS
100
AcDbPolyline
 90
2
 70
0
 10
-333690.9370000001
 20
-27998.526
 10
-333689.88
 20
-27995.296
  0
LWPOLYLINE
  5
450
330
17
100
AcDbEntity
  8
EB-BASE-PARCELS
100
AcDbPolyline
 90
2
 70
0
 10
-333705.776
 20
-27990.24300000001
 10
-333700.3350000001
 20
-27991.952
  0
LWPOLYLINE
  5
451
330
17
100
AcDbEntity
  8
EB-BASE-PARCELS
100
AcDbPolyline
 90
2
 70
0
 10
-333709.896
 20
-28001.441
 10
-333705.776
 20
-27990.24300000001
  0
LWPOLYLINE
  5
452
330
17
100
AcDbEntity
  8
EB-BASE-PARCELS
100
AcDbPolyline
 90
2
 70
0
 10
-333700.3350000001
 20
-27991.952
 10
-333702.7120000001
 20
-27998.981
  0
LWPOLYLINE
  5
453
330
17
100
AcDbEntity
  8
EB-BASE-PARCELS
100
AcDbPolyline
 90
2
 70
0
 10
-333705.776
 20
-27990.24300000001
 10
-333720.9770000001
 20
-27985.399
  0
LWPOLYLINE
  5
454
330
17
100
AcDbEntity
  8
EB-BASE-PARCELS
100
AcDbPolyline
 90
2
 70
0
 10
-333725.1500000001
 20
-27996.453
 10
-333723.657
 20
-27992.367
  0
LWPOLYLINE
  5
455
330
17
100
AcDbEntity
  8
EB-BASE-PARCELS
100
AcDbPolyline
 90
2
 70
0
 10
-333725.1500000001
 20
-27996.453
 10
-333709.896
 20
-28001.441
  0
LWPOLYLINE
  5
456
330
17
100
AcDbEntity
  8
EB-BASE-PARCELS
100
AcDbPolyline
 90
2
 70
0
 10
-333722.884
 20
-27990.357
 10
-333723.657
 20
-27992.367
  0
LWPOLYLINE
  5
457
330
17
100
AcDbEntity
  8
EB-BASE-PARCELS
100
AcDbPolyline
 90
2
 70
0
 10
-333720.9770000001
 20
-27985.399
 10
-333722.239
 20
-27988.681
  0
LWPOLYLINE
  5
458
330
17
100
AcDbEntity
  8
EB-BASE-PARCELS
100
AcDbPolyline
 90
2
 70
0
 10
-333730.5880000001
 20
-27982.348
 10
-333720.9770000001
 20
-27985.399
  0
LWPOLYLINE
  5
459
330
17
100
AcDbEntity
  8
EB-BASE-PARCELS
100
AcDbPolyline
 90
2
 70
0
 10
-333733.286
 20
-27989.651
 10
-333730.5880000001
 20
-27982.348
  0
LWPOLYLINE
  5
45A
330
17
100
AcDbEntity
  8
EB-BASE-PARCELS
100
AcDbPolyline
 90
2
 70
0
 10
-333728.525
 20
-27990.994
 10
-333733.286
 20
-27989.651
  0
LWPOLYLINE
  5
45B
330
17
100
AcDbEntity
  8
EB-BASE-PARCELS
100
AcDbPolyline
 90
2
 70
0
 10
-333723.657
 20
-27992.367
 10
-333725.7490000001
 20
-27991.777
  0
LWPOLYLINE
  5
45C
330
17
100
AcDbEntity
  8
EB-BASE-PARCELS
100
AcDbPolyline
 90
2
 70
0
 10
-333725.7490000001
 20
-27991.777
 10
-333728.525
 20
-27990.994
  0
LWPOLYLINE
  5
45D
330
17
100
AcDbEntity
  8
EB-BASE-PARCELS
100
AcDbPolyline
 90
3
 70
0
 10
-333733.286
 20
-27989.651
 10
-333734.655
 20
-27993.427
 10
-333730.003
 20
-27994.908
  0
LWPOLYLINE
  5
45E
330
17
100
AcDbEntity
  8
EB-BASE-PARCELS
100
AcDbPolyline
 90
2
 70
0
 10
-333728.276
 20
-27995.458
 10
-333725.1500000001
 20
-27996.453
  0
LWPOLYLINE
  5
45F
330
17
100
AcDbEntity
  8
EB-BASE-PARCELS
100
AcDbPolyline
 90
2
 70
0
 10
-333742.502
 20
-27991.73
 10
-333746.218
 20
-28002.16
  0
LWPOLYLINE
  5
460
330
17
100
AcDbEntity
  8
EB-BASE-PARCELS
100
AcDbPolyline
 90
2
 70
0
 10
-333750.672
 20
-27988.565
 10
-333746.4370000001
 20
-27989.664
  0
LWPOLYLINE
  5
461
330
17
100
AcDbEntity
  8
EB-BASE-PARCELS
100
AcDbPolyline
 90
2
 70
0
 10
-333776.402
 20
-27983.977
 10
-333765.971
 20
-27985.272
  0
LWPOLYLINE
  5
462
330
17
100
AcDbEntity
  8
EB-BASE-PARCELS
100
AcDbPolyline
 90
2
 70
0
 10
-333768.59
 20
-27996.003
 10
-333765.971
 20
-27985.272
  0
LWPOLYLINE
  5
463
330
17
100
AcDbEntity
  8
EB-BASE-PARCELS
100
AcDbPolyline
 90
2
 70
0
 10
-333768.59
 20
-27996.003
 10
-333773.564
 20
-27994.666
  0
LWPOLYLINE
  5
464
330
17
100
AcDbEntity
  8
EB-BASE-PARCELS
100
AcDbPolyline
 90
2
 70
0
 10
-333787.223
 20
-27916.546
 10
-333781.3720000001
 20
-27902.786
  0
LWPOLYLINE
  5
465
330
17
100
AcDbEntity
  8
EB-BASE-PARCELS
100
AcDbPolyline
 90
4
 70
0
 10
-333781.3720000001
 20
-27902.786
 10
-333792.512
 20
-27898.781
 10
-333795.275
 20
-27899.712
 10
-333800.7500000001
 20
-27908.141
  0
LWPOLYLINE
  5
466
330
17
100
AcDbEntity
  8
EB-BASE-PARCELS
100
AcDbPolyline
 90
2
 70
0
 10
-333800.7500000001
 20
-27908.141
 10
-333787.223
 20
-27916.546
  0
LWPOLYLINE
  5
467
330
17
100
AcDbEntity
  8
EB-BASE-PARCELS
100
AcDbPolyline
 90
2
 70
0
 10
-333776.418
 20
-27922.032
 10
-333776.8780000001
 20
-27922.901
  0
LWPOLYLINE
  5
468
330
17
100
AcDbEntity
  8
EB-BASE-PARCELS
100
AcDbPolyline
 90
2
 70
0
 10
-333776.8780000001
 20
-27922.901
 10
-333787.223
 20
-27916.546
  0
LWPOLYLINE
  5
469
330
17
100
AcDbEntity
  8
EB-BASE-PARCELS
100
AcDbPolyline
 90
2
 70
0
 10
-333781.3720000001
 20
-27902.786
 10
-333770.073
 20
-27906.874
  0
LWPOLYLINE
  5
46A
330
17
100
AcDbEntity
  8
EB-BASE-PARCELS
100
AcDbPolyline
 90
2
 70
0
 10
-333758.75
 20
-27911.077
 10
-333762.486
 20
-27920.082
  0
LWPOLYLINE
  5
46B
330
17
100
AcDbEntity
  8
EB-BASE-PARCELS
100
AcDbPolyline
 90
2
 70
0
 10
-333768.483
 20
-27907.455
 10
-333758.75
 20
-27911.077
  0
LWPOLYLINE
  5
46C
330
17
100
AcDbEntity
  8
EB-BASE-PARCELS
100
AcDbPolyline
 90
2
 70
0
 10
-333758.388
 20
-27933.188
 10
-333765.974
 20
-27928.489
  0
LWPOLYLINE
  5
46D
330
17
100
AcDbEntity
  8
EB-BASE-PARCELS
100
AcDbPolyline
 90
2
 70
0
 10
-333758.75
 20
-27911.077
 10
-333749.3850000001
 20
-27914.619
  0
LWPOLYLINE
  5
46E
330
17
100
AcDbEntity
  8
EB-BASE-PARCELS
100
AcDbPolyline
 90
2
 70
0
 10
-333748.025
 20
-27917.5
 10
-333750.044
 20
-27920.656
  0
LWPOLYLINE
  5
46F
330
17
100
AcDbEntity
  8
EB-BASE-PARCELS
100
AcDbPolyline
 90
2
 70
0
 10
-333758.153
 20
-27933.333
 10
-333758.388
 20
-27933.188
  0
LWPOLYLINE
  5
470
330
17
100
AcDbEntity
  8
EB-BASE-PARCELS
100
AcDbPolyline
 90
2
 70
0
 10
-333777.867
 20
-27924.495
 10
-333783.962
 20
-27934.321
  0
LWPOLYLINE
  5
471
330
17
100
AcDbEntity
  8
EB-BASE-PARCELS
100
AcDbPolyline
 90
2
 70
0
 10
-333783.962
 20
-27934.321
 10
-333766.9980000001
 20
-27944.824
  0
LWPOLYLINE
  5
472
330
17
100
AcDbEntity
  8
EB-BASE-PARCELS
100
AcDbPolyline
 90
3
 70
0
 10
-333766.9980000001
 20
-27944.824
 10
-333766.728
 20
-27944.991
 10
-333765.928
 20
-27945.486
  0
LWPOLYLINE
  5
473
330
17
100
AcDbEntity
  8
EB-BASE-PARCELS
100
AcDbPolyline
 90
2
 70
0
 10
-333765.928
 20
-27945.486
 10
-333758.153
 20
-27933.333
  0
LWPOLYLINE
  5
474
330
17
100
AcDbEntity
  8
EB-BASE-PARCELS
100
AcDbPolyline
 90
2
 70
0
 10
-333793.572
 20
-27928.468
 10
-333796.159
 20
-27933.571
  0
LWPOLYLINE
  5
475
330
17
100
AcDbEntity
  8
EB-BASE-PARCELS
100
AcDbPolyline
 90
2
 70
0
 10
-333800.941
 20
-27923.843
 10
-333793.572
 20
-27928.468
  0
LWPOLYLINE
  5
476
330
17
100
AcDbEntity
  8
EB-BASE-PARCELS
100
AcDbPolyline
 90
2
 70
0
 10
-333787.171
 20
-27932.375
 10
-333783.962
 20
-27934.321
  0
LWPOLYLINE
  5
477
330
17
100
AcDbEntity
  8
EB-BASE-PARCELS
100
AcDbPolyline
 90
3
 70
0
 10
-333792.7
 20
-27943.307
 10
-333790.935
 20
-27939.886
 10
-333788.416
 20
-27934.877
  0
LWPOLYLINE
  5
478
330
17
100
AcDbEntity
  8
EB-BASE-PARCELS
100
AcDbPolyline
 90
3
 70
0
 10
-333796.245
 20
-27944.201
 10
-333793.875
 20
-27945.706
 10
-333792.7
 20
-27943.307
  0
LWPOLYLINE
  5
479
330
17
100
AcDbEntity
  8
EB-BASE-PARCELS
100
AcDbPolyline
 90
4
 70
0
 10
-333797.4670000001
 20
-27936.163
 10
-333797.581
 20
-27936.391
 10
-333800.249
 20
-27941.745
 10
-333796.245
 20
-27944.201
  0
LWPOLYLINE
  5
47A
330
17
100
AcDbEntity
  8
EB-BASE-PARCELS
100
AcDbPolyline
 90
2
 70
0
 10
-333793.572
 20
-27928.468
 10
-333790.071
 20
-27930.551
  0
LWPOLYLINE
  5
47B
330
17
100
AcDbEntity
  8
EB-BASE-PARCELS
100
AcDbPolyline
 90
3
 70
0
 10
-333796.159
 20
-27933.571
 10
-333796.241
 20
-27933.733
 10
-333797.379
 20
-27935.988
  0
LWPOLYLINE
  5
47C
330
17
100
AcDbEntity
  8
EB-BASE-PARCELS
100
AcDbPolyline
 90
2
 70
0
 10
-333852.813
 20
-27986.194
 10
-333853.352
 20
-27985.874
  0
LWPOLYLINE
  5
47D
330
17
100
AcDbEntity
  8
EB-BASE-PARCELS
100
AcDbPolyline
 90
5
 70
0
 10
-333853.352
 20
-27985.874
 10
-333865.196
 20
-28003.292
 10
-333865.5480000001
 20
-28003.809
 10
-333866.855
 20
-28005.812
 10
-333871.259
 20
-28012.559
  0
LWPOLYLINE
  5
47E
330
17
100
AcDbEntity
  8
EB-BASE-PARCELS
100
AcDbPolyline
 90
2
 70
0
 10
-333844.934
 20
-27990.862
 10
-333855.66
 20
-28010.854
  0
LWPOLYLINE
  5
47F
330
17
100
AcDbEntity
  8
EB-BASE-PARCELS
100
AcDbPolyline
 90
2
 70
0
 10
-333737.24
 20
-27950.462
 10
-333754.8850000001
 20
-27939.298
  0
LWPOLYLINE
  5
480
330
17
100
AcDbEntity
  8
EB-BASE-PARCELS
100
AcDbPolyline
 90
2
 70
0
 10
-333760.8940000001
 20
-27948.58
 10
-333754.8850000001
 20
-27939.298
  0
LWPOLYLINE
  5
481
330
17
100
AcDbEntity
  8
EB-BASE-PARCELS
100
AcDbPolyline
 90
2
 70
0
 10
-333756.531
 20
-27951.287
 10
-333760.8940000001
 20
-27948.58
  0
LWPOLYLINE
  5
482
330
17
100
AcDbEntity
  8
EB-BASE-PARCELS
100
AcDbPolyline
 90
2
 70
0
 10
-333745.514
 20
-27958.123
 10
-333753.875
 20
-27952.935
  0
LWPOLYLINE
  5
483
330
17
100
AcDbEntity
  8
EB-BASE-PARCELS
100
AcDbPolyline
 90
2
 70
0
 10
-333749.0080000001
 20
-27930.065
 10
-333739.0970000001
 20
-27936.392
  0
LWPOLYLINE
  5
484
330
17
100
AcDbEntity
  8
EB-BASE-PARCELS
100
AcDbPolyline
 90
2
 70
0
 10
-333731.393
 20
-27941.331
 10
-333739.0970000001
 20
-27936.392
  0
LWPOLYLINE
  5
485
330
17
100
AcDbEntity
  8
EB-BASE-PARCELS
100
AcDbPolyline
 90
2
 70
0
 10
-333754.8850000001
 20
-27939.298
 10
-333749.0080000001
 20
-27930.065
  0
LWPOLYLINE
  5
486
330
17
100
AcDbEntity
  8
EB-BASE-PARCELS
100
AcDbPolyline
 90
2
 70
0
 10
-333739.0970000001
 20
-27936.392
 10
-333737.957
 20
-27934.54
  0
LWPOLYLINE
  5
487
330
17
100
AcDbEntity
  8
EB-BASE-PARCELS
100
AcDbPolyline
 90
2
 70
0
 10
-333744.8250000001
 20
-27923.559
 10
-333749.0080000001
 20
-27930.065
  0
LWPOLYLINE
  5
488
330
17
100
AcDbEntity
  8
EB-BASE-PARCELS
100
AcDbPolyline
 90
2
 70
0
 10
-333735.3830000001
 20
-27930.356
 10
-333734.794
 20
-27929.399
  0
LWPOLYLINE
  5
489
330
17
100
AcDbEntity
  8
EB-BASE-PARCELS
100
AcDbPolyline
 90
2
 70
0
 10
-333730.0680000001
 20
-27921.72
 10
-333720.6440000001
 20
-27925.224
  0
LWPOLYLINE
  5
48A
330
17
100
AcDbEntity
  8
EB-BASE-PARCELS
100
AcDbPolyline
 90
16
 70
0
 10
-334082.429
 20
-27926.861
 10
-334082.3570000001
 20
-27926.014
 10
-334082.158
 20
-27925.24
 10
-334081.593
 20
-27924.002
 10
-334073.5240000001
 20
-27915.904
 10
-334072.031
 20
-27914.543
 10
-334066.979
 20
-27909.439
 10
-334066.3470000001
 20
-27908.904
 10
-334065.534
 20
-27908.369
 10
-334064.757
 20
-27907.98
 10
-334064.0280000001
 20
-27907.786
 10
-334063.299
 20
-27907.713
 10
-334061.8180000001
 20
-27907.713
 10
-334060.919
 20
-27907.81
 10
-334060.142
 20
-27908.004
 10
-334056.563
 20
-27909.575
  0
LWPOLYLINE
  5
48B
330
17
100
AcDbEntity
  8
EB-BASE-PARCELS
100
AcDbPolyline
 90
2
 70
0
 10
-334004.104
 20
-27968.71
 10
-333999.309
 20
-27971.57
  0
LWPOLYLINE
  5
48C
330
17
100
AcDbEntity
  8
EB-BASE-PARCELS
100
AcDbPolyline
 90
2
 70
0
 10
-334004.104
 20
-27968.71
 10
-334019.538
 20
-27992.019
  0
LWPOLYLINE
  5
48D
330
17
100
AcDbEntity
  8
EB-BASE-PARCELS
100
AcDbPolyline
 90
2
 70
0
 10
-333987.159
 20
-27979.189
 10
-333986.954
 20
-27979.318
  0
LWPOLYLINE
  5
48E
330
17
100
AcDbEntity
  8
EB-BASE-PARCELS
100
AcDbPolyline
 90
2
 70
0
 10
-334004.104
 20
-27968.71
 10
-333993.5360000001
 20
-27952.88600000001
  0
LWPOLYLINE
  5
48F
330
17
100
AcDbEntity
  8
EB-BASE-PARCELS
100
AcDbPolyline
 90
2
 70
0
 10
-333986.954
 20
-27979.318
 10
-333985.2480000001
 20
-27973.295
  0
LWPOLYLINE
  5
490
330
17
100
AcDbEntity
  8
EB-BASE-PARCELS
100
AcDbPolyline
 90
2
 70
0
 10
-333985.2480000001
 20
-27973.295
 10
-333981.6250000001
 20
-27960.714
  0
LWPOLYLINE
  5
491
330
17
100
AcDbEntity
  8
EB-BASE-PARCELS
100
AcDbPolyline
 90
3
 70
0
 10
-333979.6300000001
 20
-27975.088
 10
-333978.594
 20
-27971.432
 10
-333974.969
 20
-27958.638
  0
LWPOLYLINE
  5
492
330
17
100
AcDbEntity
  8
EB-BASE-PARCELS
100
AcDbPolyline
 90
2
 70
0
 10
-333979.969
 20
-27976.266
 10
-333979.6300000001
 20
-27975.088
  0
LWPOLYLINE
  5
493
330
17
100
AcDbEntity
  8
EB-BASE-PARCELS
100
AcDbPolyline
 90
2
 70
0
 10
-333966.7160000001
 20
-27979.406
 10
-333965.2630000001
 20
-27974.49
  0
LWPOLYLINE
  5
494
330
17
100
AcDbEntity
  8
EB-BASE-PARCELS
100
AcDbPolyline
 90
3
 70
0
 10
-333965.2630000001
 20
-27974.49
 10
-333964.3090000001
 20
-27971.272
 10
-333962.9820000001
 20
-27966.793
  0
LWPOLYLINE
  5
495
330
17
100
AcDbEntity
  8
EB-BASE-PARCELS
100
AcDbPolyline
 90
2
 70
0
 10
-333959.362
 20
-27969.183
 10
-333961.6620000001
 20
-27977.238
  0
LWPOLYLINE
  5
496
330
17
100
AcDbEntity
  8
EB-BASE-PARCELS
100
AcDbPolyline
 90
2
 70
0
 10
-333961.6620000001
 20
-27977.238
 10
-333963.319
 20
-27982.964
  0
LWPOLYLINE
  5
497
330
17
100
AcDbEntity
  8
EB-BASE-PARCELS
100
AcDbPolyline
 90
3
 70
0
 10
-333953.7360000001
 20
-27986.131
 10
-333951.014
 20
-27977.191
 10
-333952.743
 20
-27973.607
  0
LWPOLYLINE
  5
498
330
17
100
AcDbEntity
  8
EB-BASE-PARCELS
100
AcDbPolyline
 90
2
 70
0
 10
-333983.7310000001
 20
-27989.346
 10
-333981.2220000001
 20
-27980.624
  0
LWPOLYLINE
  5
499
330
17
100
AcDbEntity
  8
EB-BASE-PARCELS
100
AcDbPolyline
 90
2
 70
0
 10
-333971.274
 20
-27994.861
 10
-333969.412
 20
-27988.558
  0
LWPOLYLINE
  5
49A
330
17
100
AcDbEntity
  8
EB-BASE-PARCELS
100
AcDbPolyline
 90
2
 70
0
 10
-334041.8340000001
 20
-27949.837
 10
-334053.8720000001
 20
-27941.846
  0
LWPOLYLINE
  5
49B
330
17
100
AcDbEntity
  8
EB-BASE-PARCELS
100
AcDbPolyline
 90
2
 70
0
 10
-334039.93
 20
-27920.824
 10
-334030.7740000001
 20
-27927.166
  0
LWPOLYLINE
  5
49C
330
17
100
AcDbEntity
  8
EB-BASE-PARCELS
100
AcDbPolyline
 90
2
 70
0
 10
-334058.727
 20
-27938.626
 10
-334061.3530000001
 20
-27936.905
  0
LWPOLYLINE
  5
49D
330
17
100
AcDbEntity
  8
EB-BASE-PARCELS
100
AcDbPolyline
 90
2
 70
0
 10
-334044.891
 20
-27917.377
 10
-334056.563
 20
-27909.575
  0
LWPOLYLINE
  5
49E
330
17
100
AcDbEntity
  8
EB-BASE-PARCELS
100
AcDbPolyline
 90
2
 70
0
 10
-334023.876
 20
-27931.788
 10
-334021.213
 20
-27927.8
  0
LWPOLYLINE
  5
49F
330
17
100
AcDbEntity
  8
EB-BASE-PARCELS
100
AcDbPolyline
 90
2
 70
0
 10
-334023.876
 20
-27931.788
 10
-334027.674
 20
-27937.531
  0
LWPOLYLINE
  5
4A0
330
17
100
AcDbEntity
  8
EB-BASE-PARCELS
100
AcDbPolyline
 90
3
 70
0
 10
-333994.31
 20
-27944.994
 10
-333997.797
 20
-27950.224
 10
-334000.19
 20
-27948.608
  0
LWPOLYLINE
  5
4A1
330
17
100
AcDbEntity
  8
EB-BASE-PARCELS
100
AcDbPolyline
 90
7
 70
0
 10
-334057.8
 20
-27976.157
 10
-334056.0590000001
 20
-27972.417
 10
-334053.516
 20
-27967.858
 10
-334048.853
 20
-27960.065
 10
-334045.125
 20
-27954.771
 10
-334061.346
 20
-27944.109
 10
-334061.634
 20
-27943.922
  0
LWPOLYLINE
  5
4A2
330
17
100
AcDbEntity
  8
EB-BASE-PARCELS
100
AcDbPolyline
 90
2
 70
0
 10
-334035.7620000001
 20
-28016.527
 10
-334022.02
 20
-27995.741
  0
LWPOLYLINE
  5
4A3
330
17
100
AcDbEntity
  8
EB-BASE-PARCELS
100
AcDbPolyline
 90
2
 70
0
 10
-333938.592
 20
-27983.455
 10
-333940.3400000001
 20
-27989.295
  0
LWPOLYLINE
  5
4A4
330
17
100
AcDbEntity
  8
EB-BASE-PARCELS
100
AcDbPolyline
 90
3
 70
0
 10
-333940.3400000001
 20
-27989.295
 10
-333942.706
 20
-27997.196
 10
-333947.123
 20
-28013.023
  0
LWPOLYLINE
  5
4A5
330
17
100
AcDbEntity
  8
EB-BASE-PARCELS
100
AcDbPolyline
 90
2
 70
0
 10
-333938.592
 20
-27983.455
 10
-333943.7200000001
 20
-27980.054
  0
LWPOLYLINE
  5
4A6
330
17
100
AcDbEntity
  8
EB-BASE-PARCELS
100
AcDbPolyline
 90
2
 70
0
 10
-334039.692
 20
-28008.204
 10
-334030.172
 20
-27993.84
  0
LWPOLYLINE
  5
4A7
330
17
100
AcDbEntity
  8
EB-BASE-PARCELS
100
AcDbPolyline
 90
2
 70
0
 10
-333988.561
 20
-27985.825
 10
-333983.7310000001
 20
-27989.346
  0
LWPOLYLINE
  5
4A8
330
17
100
AcDbEntity
  8
EB-BASE-PARCELS
100
AcDbPolyline
 90
2
 70
0
 10
-333981.827
 20
-27990.57
 10
-333983.7310000001
 20
-27989.346
  0
LWPOLYLINE
  5
4A9
330
17
100
AcDbEntity
  8
EB-BASE-PARCELS
100
AcDbPolyline
 90
2
 70
0
 10
-333959.213
 20
-28005.879
 10
-333953.844
 20
-27986.521
  0
LWPOLYLINE
  5
4AA
330
17
100
AcDbEntity
  8
EB-BASE-PARCELS
100
AcDbPolyline
 90
2
 70
0
 10
-333974.678
 20
-27995.253
 10
-333971.94
 20
-27997.115
  0
LWPOLYLINE
  5
4AB
330
17
100
AcDbEntity
  8
EB-BASE-PARCELS
100
AcDbPolyline
 90
3
 70
0
 10
-334026.269
 20
-27987.994
 10
-334022.934
 20
-27982.999
 10
-334016.6890000001
 20
-27973.515
  0
LWPOLYLINE
  5
4AC
330
17
100
AcDbEntity
  8
EB-BASE-PARCELS
100
AcDbPolyline
 90
6
 70
0
 10
-334016.6890000001
 20
-27973.515
 10
-334022.646
 20
-27969.638
 10
-334036.695
 20
-27960.31
 10
-334043.4060000001
 20
-27970.46
 10
-334046.1130000001
 20
-27974.925
 10
-334046.332
 20
-27975.286
  0
LWPOLYLINE
  5
4AD
330
17
100
AcDbEntity
  8
EB-BASE-PARCELS
100
AcDbPolyline
 90
2
 70
0
 10
-333501.461
 20
-27998.22
 10
-333497.342
 20
-27990.463
  0
LWPOLYLINE
  5
4AE
330
17
100
AcDbEntity
  8
EB-BASE-PARCELS
100
AcDbPolyline
 90
2
 70
0
 10
-333490.9000000001
 20
-27978.58300000001
 10
-333473.968
 20
-27987.62
  0
LWPOLYLINE
  5
4AF
330
17
100
AcDbEntity
  8
EB-BASE-PARCELS
100
AcDbPolyline
 90
2
 70
0
 10
-333494.9610000001
 20
-27986.045
 10
-333490.9000000001
 20
-27978.58300000001
  0
LWPOLYLINE
  5
4B0
330
17
100
AcDbEntity
  8
EB-BASE-PARCELS
100
AcDbPolyline
 90
2
 70
0
 10
-333479.621
 20
-27957.377
 10
-333462.7800000001
 20
-27966.61
  0
LWPOLYLINE
  5
4B1
330
17
100
AcDbEntity
  8
EB-BASE-PARCELS
100
AcDbPolyline
 90
2
 70
0
 10
-333490.9000000001
 20
-27978.58300000001
 10
-333479.621
 20
-27957.377
  0
LWPOLYLINE
  5
4B2
330
17
100
AcDbEntity
  8
EB-BASE-PARCELS
100
AcDbPolyline
 90
2
 70
0
 10
-333748.4000000001
 20
-27732.126
 10
-333748.3260000001
 20
-27731.74
  0
LWPOLYLINE
  5
4B3
330
17
100
AcDbEntity
  8
EB-BASE-PARCELS
100
AcDbPolyline
 90
2
 70
0
 10
-333980.006
 20
-27874.53
 10
-333980.114
 20
-27874.76100000001
  0
LWPOLYLINE
  5
4B4
330
17
100
AcDbEntity
  8
EB-BASE-PARCELS
100
AcDbPolyline
 90
2
 70
0
 10
-333951.7160000001
 20
-27923.566
 10
-333951.79
 20
-27923.759
  0
LWPOLYLINE
  5
4B5
330
17
100
AcDbEntity
  8
EB-BASE-PARCELS
100
AcDbPolyline
 90
2
 70
0
 10
-333724.485
 20
-27514.978
 10
-333720.98
 20
-27513.291
  0
LWPOLYLINE
  5
4B6
330
17
100
AcDbEntity
  8
EB-BASE-PARCELS
100
AcDbPolyline
 90
2
 70
0
 10
-333724.485
 20
-27514.978
 10
-333726.3700000001
 20
-27515.928
  0
LWPOLYLINE
  5
4B7
330
17
100
AcDbEntity
  8
EB-BASE-PARCELS
100
AcDbPolyline
 90
2
 70
0
 10
-333743.114
 20
-27959.631
 10
-333745.514
 20
-27958.123
  0
LWPOLYLINE
  5
4B8
330
17
100
AcDbEntity
  8
EB-BASE-PARCELS
100
AcDbPolyline
 90
5
 70
0
 10
-333723.333
 20
-27608.553
 10
-333738.322
 20
-27622.765
 10
-333760.575
 20
-27643.996
 10
-333783.245
 20
-27665.645
 10
-333802.447
 20
-27658.637
  0
LWPOLYLINE
  5
4B9
330
17
100
AcDbEntity
  8
EB-BASE-PARCELS
100
AcDbPolyline
 90
3
 70
0
 10
-334034.991
 20
-27602.102
 10
-334029.908
 20
-27590.167
 10
-334027.936
 20
-27585.656
  0
LWPOLYLINE
  5
4BA
330
17
100
AcDbEntity
  8
EB-BASE-PARCELS
100
AcDbPolyline
 90
3
 70
0
 10
-333677.773
 20
-27572.28
 10
-333690.758
 20
-27585.018
 10
-333690.775
 20
-27585.034
  0
LWPOLYLINE
  5
4BB
330
17
100
AcDbEntity
  8
EB-BASE-PARCELS
100
AcDbPolyline
 90
2
 70
0
 10
-333646.162
 20
-27753.836
 10
-333645.823
 20
-27754.013
  0
LWPOLYLINE
  5
4BC
330
17
100
AcDbEntity
  8
EB-BASE-PARCELS
100
AcDbPolyline
 90
3
 70
0
 10
-333658.507
 20
-27752.086
 10
-333648.2810000001
 20
-27753.704
 10
-333646.162
 20
-27753.836
  0
LWPOLYLINE
  5
4BD
330
17
100
AcDbEntity
  8
EB-BASE-PARCELS
100
AcDbPolyline
 90
5
 70
0
 10
-333641.991
 20
-27753.512
 10
-333642.948
 20
-27753.694
 10
-333643.67
 20
-27753.747
 10
-333644.651
 20
-27753.798
 10
-333646.162
 20
-27753.836
  0
LWPOLYLINE
  5
4BE
330
17
100
AcDbEntity
  8
EB-BASE-PARCELS
100
AcDbPolyline
 90
2
 70
0
 10
-333642.181
 20
-27753.819
 10
-333641.991
 20
-27753.512
  0
LWPOLYLINE
  5
4BF
330
17
100
AcDbEntity
  8
EB-BASE-PARCELS
100
AcDbPolyline
 90
2
 70
0
 10
-333637.364
 20
-27753.042
 10
-333637.148
 20
-27752.664
  0
LWPOLYLINE
  5
4C0
330
17
100
AcDbEntity
  8
EB-BASE-PARCELS
100
AcDbPolyline
 90
3
 70
0
 10
-333637.148
 20
-27752.664
 10
-333639.6580000001
 20
-27753.08
 10
-333641.991
 20
-27753.512
  0
LWPOLYLINE
  5
4C1
330
17
100
AcDbEntity
  8
EB-BASE-PARCELS
100
AcDbPolyline
 90
2
 70
0
 10
-333627.935
 20
-27751.014
 10
-333628.5270000001
 20
-27751.136
  0
LWPOLYLINE
  5
4C2
330
17
100
AcDbEntity
  8
EB-BASE-PARCELS
100
AcDbPolyline
 90
3
 70
0
 10
-333628.5270000001
 20
-27751.136
 10
-333633.8130000001
 20
-27752.157
 10
-333637.148
 20
-27752.664
  0
LWPOLYLINE
  5
4C3
330
17
100
AcDbEntity
  8
EB-BASE-PARCELS
100
AcDbPolyline
 90
6
 70
0
 10
-333621.3690000001
 20
-27749.812
 10
-333617.227
 20
-27749.323
 10
-333608.317
 20
-27748.452
 10
-333595.843
 20
-27744.661
 10
-333587.3
 20
-27742.055
 10
-333586.033
 20
-27741.679
  0
LWPOLYLINE
  5
4C4
330
17
100
AcDbEntity
  8
EB-BASE-PARCELS
100
AcDbPolyline
 90
2
 70
0
 10
-333497.9220000001
 20
-27760.066
 10
-333497.663
 20
-27759.823
  0
LWPOLYLINE
  5
4C5
330
17
100
AcDbEntity
  8
EB-BASE-PARCELS
100
AcDbPolyline
 90
5
 70
0
 10
-333471.4990000001
 20
-27779.055
 10
-333473.3590000001
 20
-27777.686
 10
-333478.397
 20
-27773.984
 10
-333483.436
 20
-27770.251
 10
-333497.663
 20
-27759.823
  0
LWPOLYLINE
  5
4C6
330
17
100
AcDbEntity
  8
EB-BASE-PARCELS
100
AcDbPolyline
 90
3
 70
0
 10
-333576.692
 20
-27679.007
 10
-333577.6110000001
 20
-27679.19
 10
-333578.5790000001
 20
-27679.456
  0
LWPOLYLINE
  5
4C7
330
17
100
AcDbEntity
  8
EB-BASE-PARCELS
100
AcDbPolyline
 90
7
 70
0
 10
-333567.9900000001
 20
-27731.496
 10
-333568.083
 20
-27730.998
 10
-333572.6230000001
 20
-27708.958
 10
-333575.462
 20
-27694.819
 10
-333576.678
 20
-27688.982
 10
-333577.834
 20
-27683.064
 10
-333578.5790000001
 20
-27679.456
  0
LWPOLYLINE
  5
4C8
330
17
100
AcDbEntity
  8
EB-BASE-PARCELS
100
AcDbPolyline
 90
3
 70
0
 10
-333500.089
 20
-27758.528
 10
-333501.599
 20
-27757.399
 10
-333501.741
 20
-27757.293
  0
LWPOLYLINE
  5
4C9
330
17
100
AcDbEntity
  8
EB-BASE-PARCELS
100
AcDbPolyline
 90
4
 70
0
 10
-333500.089
 20
-27758.528
 10
-333497.62
 20
-27755.982
 10
-333492.1700000001
 20
-27750.629
 10
-333488.801
 20
-27747.479
  0
LWPOLYLINE
  5
4CA
330
17
100
AcDbEntity
  8
EB-BASE-PARCELS
100
AcDbPolyline
 90
2
 70
0
 10
-333498.326
 20
-27966.094
 10
-333499.933
 20
-27969.23
  0
LWPOLYLINE
  5
4CB
330
17
100
AcDbEntity
  8
EB-BASE-PARCELS
100
AcDbPolyline
 90
3
 70
0
 10
-333490.583
 20
-27950.829
 10
-333495.7970000001
 20
-27961.158
 10
-333498.326
 20
-27966.094
  0
LWPOLYLINE
  5
4CC
330
17
100
AcDbEntity
  8
EB-BASE-PARCELS
100
AcDbPolyline
 90
5
 70
0
 10
-333497.663
 20
-27759.823
 10
-333492.217
 20
-27754.644
 10
-333490.068
 20
-27752.604
 10
-333487.919
 20
-27750.564
 10
-333486.441
 20
-27749.161
  0
LWPOLYLINE
  5
4CD
330
17
100
AcDbEntity
  8
EB-BASE-PARCELS
100
AcDbPolyline
 90
2
 70
0
 10
-333497.9220000001
 20
-27760.066
 10
-333500.089
 20
-27758.528
  0
LWPOLYLINE
  5
4CE
330
17
100
AcDbEntity
  8
EB-BASE-PARCELS
100
AcDbPolyline
 90
2
 70
0
 10
-333783.4770000001
 20
-27980.825
 10
-333787.055
 20
-27983.517
  0
LWPOLYLINE
  5
4CF
330
17
100
AcDbEntity
  8
EB-BASE-PARCELS
100
AcDbPolyline
 90
2
 70
0
 10
-333790.506
 20
-27993.06500000001
 10
-333789.311
 20
-27992.123
  0
LWPOLYLINE
  5
4D0
330
17
100
AcDbEntity
  8
EB-BASE-PARCELS
100
AcDbPolyline
 90
5
 70
0
 10
-333777.4850000001
 20
-27983.803
 10
-333778.731
 20
-27983.66
 10
-333779.017
 20
-27983.66
 10
-333779.3300000001
 20
-27983.764
 10
-333783.469
 20
-27987.385
  0
LWPOLYLINE
  5
4D1
330
17
100
AcDbEntity
  8
EB-BASE-PARCELS
100
AcDbPolyline
 90
3
 70
0
 10
-333790.506
 20
-27993.06500000001
 10
-333794.0730000001
 20
-27995.815
 10
-333798.8180000001
 20
-27999.178
  0
LWPOLYLINE
  5
4D2
330
17
100
AcDbEntity
  8
EB-BASE-PARCELS
100
AcDbPolyline
 90
3
 70
0
 10
-334008.179
 20
-27534.415
 10
-334012.6780000001
 20
-27543.847
 10
-334013.625
 20
-27545.744
  0
LWPOLYLINE
  5
4D3
330
17
100
AcDbEntity
  8
EB-BASE-PARCELS
100
AcDbPolyline
 90
2
 70
0
 10
-334014.636
 20
-27547.83
 10
-334017.529
 20
-27553.71
  0
LWPOLYLINE
  5
4D4
330
17
100
AcDbEntity
  8
EB-BASE-PARCELS
100
AcDbPolyline
 90
2
 70
0
 10
-334019.124
 20
-27556.953
 10
-334020.84
 20
-27560.441
  0
LWPOLYLINE
  5
4D5
330
17
100
AcDbEntity
  8
EB-BASE-PARCELS
100
AcDbPolyline
 90
2
 70
0
 10
-334028.608
 20
-27576.495
 10
-334032.049
 20
-27583.575
  0
LWPOLYLINE
  5
4D6
330
17
100
AcDbEntity
  8
EB-BASE-PARCELS
100
AcDbPolyline
 90
2
 70
0
 10
-334039.135
 20
-27600.875
 10
-334040.321
 20
-27600.357
  0
LWPOLYLINE
  5
4D7
330
17
100
AcDbEntity
  8
EB-BASE-PARCELS
100
AcDbPolyline
 90
2
 70
0
 10
-334035.9480000001
 20
-27591.603
 10
-334040.321
 20
-27600.357
  0
LWPOLYLINE
  5
4D8
330
17
100
AcDbEntity
  8
EB-BASE-PARCELS
100
AcDbPolyline
 90
2
 70
0
 10
-334040.321
 20
-27600.357
 10
-334043.62
 20
-27607.089
  0
LWPOLYLINE
  5
4D9
330
17
100
AcDbEntity
  8
EB-BASE-PARCELS
100
AcDbPolyline
 90
2
 70
0
 10
-334046.5250000001
 20
-27612.841
 10
-334048.289
 20
-27616.769
  0
LWPOLYLINE
  5
4DA
330
17
100
AcDbEntity
  8
EB-BASE-PARCELS
100
AcDbPolyline
 90
3
 70
0
 10
-333851.829
 20
-27637.549
 10
-333861.049
 20
-27638.524
 10
-333862.601
 20
-27638.824
  0
LWPOLYLINE
  5
4DB
330
17
100
AcDbEntity
  8
EB-BASE-PARCELS
100
AcDbPolyline
 90
2
 70
0
 10
-333851.749
 20
-27636.974
 10
-333851.829
 20
-27637.549
  0
LWPOLYLINE
  5
4DC
330
17
100
AcDbEntity
  8
EB-BASE-PARCELS
100
AcDbPolyline
 90
2
 70
0
 10
-333862.5190000001
 20
-27638.043
 10
-333862.601
 20
-27638.824
  0
LWPOLYLINE
  5
4DD
330
17
100
AcDbEntity
  8
EB-BASE-PARCELS
100
AcDbPolyline
 90
2
 70
0
 10
-333866.707
 20
-27639.506
 10
-333866.628
 20
-27638.712
  0
LWPOLYLINE
  5
4DE
330
17
100
AcDbEntity
  8
EB-BASE-PARCELS
100
AcDbPolyline
 90
2
 70
0
 10
-333862.601
 20
-27638.824
 10
-333866.707
 20
-27639.506
  0
LWPOLYLINE
  5
4DF
330
17
100
AcDbEntity
  8
EB-BASE-PARCELS
100
AcDbPolyline
 90
2
 70
0
 10
-333866.707
 20
-27639.506
 10
-333888.096
 20
-27643.889
  0
LWPOLYLINE
  5
4E0
330
17
100
AcDbEntity
  8
EB-BASE-PARCELS
100
AcDbPolyline
 90
2
 70
0
 10
-333888.096
 20
-27643.889
 10
-333888.082
 20
-27643.054
  0
LWPOLYLINE
  5
4E1
330
17
100
AcDbEntity
  8
EB-BASE-PARCELS
100
AcDbPolyline
 90
2
 70
0
 10
-333790.576
 20
-27585.657
 10
-333787.055
 20
-27570.535
  0
LWPOLYLINE
  5
4E2
330
17
100
AcDbEntity
  8
EB-BASE-PARCELS
100
AcDbPolyline
 90
2
 70
0
 10
-333787.055
 20
-27570.535
 10
-333784.7850000001
 20
-27565.349
  0
LWPOLYLINE
  5
4E3
330
17
100
AcDbEntity
  8
EB-BASE-PARCELS
100
AcDbPolyline
 90
11
 70
0
 10
-333820.428
 20
-27624.065
 10
-333811.027
 20
-27620.024
 10
-333802.846
 20
-27616.659
 10
-333801.0080000001
 20
-27615.618
 10
-333799.8990000001
 20
-27614.577
 10
-333798.322
 20
-27611.733
 10
-333797.369
 20
-27609.443
 10
-333796.26
 20
-27606.008
 10
-333793.7630000001
 20
-27595.843
 10
-333791.3020000001
 20
-27586.164
 10
-333787.105
 20
-27569.654
  0
LWPOLYLINE
  5
4E4
330
17
100
AcDbEntity
  8
EB-BASE-PARCELS
100
AcDbPolyline
 90
2
 70
0
 10
-333787.105
 20
-27569.654
 10
-333785.843
 20
-27564.688
  0
LWPOLYLINE
  5
4E5
330
17
100
AcDbEntity
  8
EB-BASE-PARCELS
100
AcDbPolyline
 90
3
 70
0
 10
-333848.0280000001
 20
-27635.74
 10
-333846.763
 20
-27635.046
 10
-333840.447
 20
-27632.375
  0
LWPOLYLINE
  5
4E6
330
17
100
AcDbEntity
  8
EB-BASE-PARCELS
100
AcDbPolyline
 90
2
 70
0
 10
-333788.328
 20
-27564.32
 10
-333802.7370000001
 20
-27557.276
  0
LWPOLYLINE
  5
4E7
330
17
100
AcDbEntity
  8
EB-BASE-PARCELS
100
AcDbPolyline
 90
2
 70
0
 10
-333788.496
 20
-27563.746
 10
-333788.328
 20
-27564.32
  0
LWPOLYLINE
  5
4E8
330
17
100
AcDbEntity
  8
EB-BASE-PARCELS
100
AcDbPolyline
 90
3
 70
0
 10
-333836.361
 20
-27542.365
 10
-333849.554
 20
-27537.593
 10
-333849.594
 20
-27537.579
  0
LWPOLYLINE
  5
4E9
330
17
100
AcDbEntity
  8
EB-BASE-PARCELS
100
AcDbPolyline
 90
3
 70
0
 10
-333802.7370000001
 20
-27557.276
 10
-333826.329
 20
-27545.907
 10
-333836.361
 20
-27542.365
  0
LWPOLYLINE
  5
4EA
330
17
100
AcDbEntity
  8
EB-BASE-PARCELS
100
AcDbPolyline
 90
2
 70
0
 10
-333811.859
 20
-27912.117
 10
-333814.895
 20
-27916.723
  0
LWPOLYLINE
  5
4EB
330
17
100
AcDbEntity
  8
EB-BASE-PARCELS
100
AcDbPolyline
 90
2
 70
0
 10
-333814.895
 20
-27916.723
 10
-333815.4940000001
 20
-27916.478
  0
LWPOLYLINE
  5
4EC
330
17
100
AcDbEntity
  8
EB-BASE-PARCELS
100
AcDbPolyline
 90
2
 70
0
 10
-334005.2310000001
 20
-27920.538
 10
-333999.5980000001
 20
-27908.912
  0
LWPOLYLINE
  5
4ED
330
17
100
AcDbEntity
  8
EB-BASE-PARCELS
100
AcDbPolyline
 90
2
 70
0
 10
-334004.665
 20
-27920.927
 10
-334005.2310000001
 20
-27920.538
  0
LWPOLYLINE
  5
4EE
330
17
100
AcDbEntity
  8
EB-BASE-PARCELS
100
AcDbPolyline
 90
2
 70
0
 10
-334005.2310000001
 20
-27920.538
 10
-334005.6290000001
 20
-27920.26
  0
LWPOLYLINE
  5
4EF
330
17
100
AcDbEntity
  8
EB-BASE-PARCELS
100
AcDbPolyline
 90
2
 70
0
 10
-333959.701
 20
-27903.953
 10
-333958.745
 20
-27902.174
  0
LWPOLYLINE
  5
4F0
330
17
100
AcDbEntity
  8
EB-BASE-PARCELS
100
AcDbPolyline
 90
2
 70
0
 10
-333939.297
 20
-27903.259
 10
-333938.3740000001
 20
-27903.67
  0
LWPOLYLINE
  5
4F1
330
17
100
AcDbEntity
  8
EB-BASE-PARCELS
100
AcDbPolyline
 90
2
 70
0
 10
-334045.6990000001
 20
-27682.708
 10
-334046.099
 20
-27682.621
  0
LWPOLYLINE
  5
4F2
330
17
100
AcDbEntity
  8
EB-BASE-PARCELS
100
AcDbPolyline
 90
2
 70
0
 10
-334008.158
 20
-27613.579
 10
-334008.434
 20
-27613.464
  0
LWPOLYLINE
  5
4F3
330
17
100
AcDbEntity
  8
EB-BASE-PARCELS
100
AcDbPolyline
 90
2
 70
0
 10
-334056.153
 20
-27753.895
 10
-334063.521
 20
-27751.377
  0
LWPOLYLINE
  5
4F4
330
17
100
AcDbEntity
  8
EB-BASE-PARCELS
100
AcDbPolyline
 90
2
 70
0
 10
-333658.506
 20
-27685.131
 10
-333654.067
 20
-27686.472
  0
LWPOLYLINE
  5
4F5
330
17
100
AcDbEntity
  8
EB-BASE-PARCELS
100
AcDbPolyline
 90
2
 70
0
 10
-333654.067
 20
-27686.472
 10
-333662.6980000001
 20
-27715.106
  0
LWPOLYLINE
  5
4F6
330
17
100
AcDbEntity
  8
EB-BASE-PARCELS
100
AcDbPolyline
 90
7
 70
0
 10
-333518.6220000001
 20
-27880.319
 10
-333544.7420000001
 20
-27866.046
 10
-333549.578
 20
-27863.525
 10
-333552.3160000001
 20
-27862.057
 10
-333565.678
 20
-27854.837
 10
-333575.654
 20
-27849.328
 10
-333602.6390000001
 20
-27834.679
  0
LWPOLYLINE
  5
4F7
330
17
100
AcDbEntity
  8
EB-BASE-PARCELS
100
AcDbPolyline
 90
4
 70
0
 10
-333518.6220000001
 20
-27880.319
 10
-333514.495
 20
-27873.56
 10
-333510.258
 20
-27866.728
 10
-333510.0420000001
 20
-27866.377
  0
LWPOLYLINE
  5
4F8
330
17
100
AcDbEntity
  8
EB-BASE-PARCELS
100
AcDbPolyline
 90
2
 70
0
 10
-333480.968
 20
-27874.906
 10
-333482.452
 20
-27876.205
  0
LWPOLYLINE
  5
4F9
330
17
100
AcDbEntity
  8
EB-BASE-PARCELS
100
AcDbPolyline
 90
2
 70
0
 10
-333482.452
 20
-27876.205
 10
-333490.516
 20
-27883.25
  0
LWPOLYLINE
  5
4FA
330
17
100
AcDbEntity
  8
EB-BASE-PARCELS
100
AcDbPolyline
 90
7
 70
0
 10
-333490.516
 20
-27883.25
 10
-333492.644
 20
-27885.113
 10
-333499.3460000001
 20
-27890.959
 10
-333503.247
 20
-27894.345
 10
-333514.251
 20
-27888.335
 10
-333511.945
 20
-27884.697
 10
-333502.0930000001
 20
-27868.754
  0
LWPOLYLINE
  5
4FB
330
17
100
AcDbEntity
  8
EB-BASE-PARCELS
100
AcDbPolyline
 90
2
 70
0
 10
-333712.45
 20
-27863.284
 10
-333711.8800000001
 20
-27862.388
  0
LWPOLYLINE
  5
4FC
330
17
100
AcDbEntity
  8
EB-BASE-PARCELS
100
AcDbPolyline
 90
2
 70
0
 10
-333727.789
 20
-27854.42
 10
-333728.317
 20
-27855.414
  0
LWPOLYLINE
  5
4FD
330
17
100
AcDbEntity
  8
EB-BASE-PARCELS
100
AcDbPolyline
 90
2
 70
0
 10
-333688.4600000001
 20
-27874.384
 10
-333688.342
 20
-27874.151
  0
LWPOLYLINE
  5
4FE
330
17
100
AcDbEntity
  8
EB-BASE-PARCELS
100
AcDbPolyline
 90
3
 70
0
 10
-333688.705
 20
-27874.851
 10
-333688.618
 20
-27874.697
 10
-333688.4600000001
 20
-27874.384
  0
LWPOLYLINE
  5
4FF
330
17
100
AcDbEntity
  8
EB-BASE-PARCELS
100
AcDbPolyline
 90
2
 70
0
 10
-333708.451
 20
-27865.182
 10
-333707.88
 20
-27864.279
  0
LWPOLYLINE
  5
500
330
17
100
AcDbEntity
  8
EB-BASE-PARCELS
100
AcDbPolyline
 90
2
 70
0
 10
-333704.455
 20
-27897.494
 10
-333703.6660000001
 20
-27896.575
  0
LWPOLYLINE
  5
501
330
17
100
AcDbEntity
  8
EB-BASE-PARCELS
100
AcDbPolyline
 90
2
 70
0
 10
-333721.3950000001
 20
-27885.653
 10
-333721.005
 20
-27885.036
  0
LWPOLYLINE
  5
502
330
17
100
AcDbEntity
  8
EB-BASE-PARCELS
100
AcDbPolyline
 90
2
 70
0
 10
-333725.0570000001
 20
-27883.012
 10
-333724.7480000001
 20
-27882.526
  0
LWPOLYLINE
  5
503
330
17
100
AcDbEntity
  8
EB-BASE-PARCELS
100
AcDbPolyline
 90
2
 70
0
 10
-333738.474
 20
-27874.421
 10
-333738.849
 20
-27875.122
  0
LWPOLYLINE
  5
504
330
17
100
AcDbEntity
  8
EB-BASE-PARCELS
100
AcDbPolyline
 90
3
 70
0
 10
-333752.724
 20
-27866.416
 10
-333752.778
 20
-27866.578
 10
-333753.028
 20
-27867.319
  0
LWPOLYLINE
  5
505
330
17
100
AcDbEntity
  8
EB-BASE-PARCELS
100
AcDbPolyline
 90
2
 70
0
 10
-333729.9270000001
 20
-27692.347
 10
-333730.393
 20
-27693.127
  0
LWPOLYLINE
  5
506
330
17
100
AcDbEntity
  8
EB-BASE-PARCELS
100
AcDbPolyline
 90
2
 70
0
 10
-333742.711
 20
-27726.337
 10
-333743.6330000001
 20
-27726.021
  0
LWPOLYLINE
  5
507
330
17
100
AcDbEntity
  8
EB-BASE-PARCELS
100
AcDbPolyline
 90
3
 70
0
 10
-333737.957
 20
-27934.54
 10
-333737.925
 20
-27934.487
 10
-333735.3830000001
 20
-27930.356
  0
LWPOLYLINE
  5
508
330
17
100
AcDbEntity
  8
EB-BASE-PARCELS
100
AcDbPolyline
 90
3
 70
0
 10
-333756.0420000001
 20
-27887.063
 10
-333756.0830000001
 20
-27887.146
 10
-333756.999
 20
-27889.02
  0
LWPOLYLINE
  5
509
330
17
100
AcDbEntity
  8
EB-BASE-PARCELS
100
AcDbPolyline
 90
4
 70
0
 10
-333799.411
 20
-27615.513
 10
-333799.016
 20
-27615.011
 10
-333797.891
 20
-27613.022
 10
-333795.953
 20
-27608.95
  0
LWPOLYLINE
  5
50A
330
17
100
AcDbEntity
  8
EB-BASE-PARCELS
100
AcDbPolyline
 90
2
 70
0
 10
-333792.043
 20
-27592.596
 10
-333791.31
 20
-27589.126
  0
LWPOLYLINE
  5
50B
330
17
100
AcDbEntity
  8
EB-BASE-PARCELS
100
AcDbPolyline
 90
2
 70
0
 10
-333791.31
 20
-27589.126
 10
-333790.576
 20
-27585.657
  0
LWPOLYLINE
  5
50C
330
17
100
AcDbEntity
  8
EB-BASE-PARCELS
100
AcDbPolyline
 90
2
 70
0
 10
-333886.0620000001
 20
-27664.544
 10
-333887.354
 20
-27668.335
  0
LWPOLYLINE
  5
50D
330
17
100
AcDbEntity
  8
EB-BASE-PARCELS
100
AcDbPolyline
 90
5
 70
0
 10
-333887.354
 20
-27668.335
 10
-333887.6070000001
 20
-27669.078
 10
-333893.295
 20
-27685.295
 10
-333897.973
 20
-27698.728
 10
-333900.153
 20
-27704.904
  0
LWPOLYLINE
  5
50E
330
17
100
AcDbEntity
  8
EB-BASE-PARCELS
100
AcDbPolyline
 90
3
 70
0
 10
-333900.153
 20
-27704.904
 10
-333903.46
 20
-27714.272
 10
-333903.6500000001
 20
-27714.817
  0
LWPOLYLINE
  5
50F
330
17
100
AcDbEntity
  8
EB-BASE-PARCELS
100
AcDbPolyline
 90
2
 70
0
 10
-333934.3030000001
 20
-27704.53
 10
-333919.8990000001
 20
-27657.54
  0
LWPOLYLINE
  5
510
330
17
100
AcDbEntity
  8
EB-BASE-PARCELS
100
AcDbPolyline
 90
5
 70
0
 10
-334001.6460000001
 20
-27697.442
 10
-333997.703
 20
-27698.757
 10
-333988.791
 20
-27701.826
 10
-333977.2910000001
 20
-27705.745
 10
-333968.201
 20
-27708.869
  0
LWPOLYLINE
  5
511
330
17
100
AcDbEntity
  8
EB-BASE-PARCELS
100
AcDbPolyline
 90
2
 70
0
 10
-333825.724
 20
-27906.473
 10
-333824.174
 20
-27904.104
  0
LWPOLYLINE
  5
512
330
17
100
AcDbEntity
  8
EB-BASE-PARCELS
100
AcDbPolyline
 90
2
 70
0
 10
-333968.049
 20
-27913.414
 10
-333966.409
 20
-27910.015
  0
LWPOLYLINE
  5
513
330
17
100
AcDbEntity
  8
EB-BASE-PARCELS
100
AcDbPolyline
 90
2
 70
0
 10
-333970.1340000001
 20
-27917.87
 10
-333968.049
 20
-27913.414
  0
LWPOLYLINE
  5
514
330
17
100
AcDbEntity
  8
EB-BASE-PARCELS
100
AcDbPolyline
 90
2
 70
0
 10
-333966.409
 20
-27910.015
 10
-333965.854
 20
-27908.864
  0
LWPOLYLINE
  5
515
330
17
100
AcDbEntity
  8
EB-BASE-PARCELS
100
AcDbPolyline
 90
2
 70
0
 10
-333958.745
 20
-27902.174
 10
-333961.7480000001
 20
-27900.771
  0
LWPOLYLINE
  5
516
330
17
100
AcDbEntity
  8
EB-BASE-PARCELS
100
AcDbPolyline
 90
2
 70
0
 10
-333968.049
 20
-27913.414
 10
-333968.397
 20
-27913.256
  0
LWPOLYLINE
  5
517
330
17
100
AcDbEntity
  8
EB-BASE-PARCELS
100
AcDbPolyline
 90
2
 70
0
 10
-333968.397
 20
-27913.256
 10
-333979.8620000001
 20
-27908.047
  0
LWPOLYLINE
  5
518
330
17
100
AcDbEntity
  8
EB-BASE-PARCELS
100
AcDbPolyline
 90
4
 70
0
 10
-333976.9110000001
 20
-27919.64
 10
-333976.986
 20
-27919.602
 10
-333979.209
 20
-27918.479
 10
-333979.9450000001
 20
-27918.107
  0
LWPOLYLINE
  5
519
330
17
100
AcDbEntity
  8
EB-BASE-PARCELS
100
AcDbPolyline
 90
4
 70
0
 10
-333933.935
 20
-27895.835
 10
-333935.5860000001
 20
-27899.984
 10
-333936.04
 20
-27901.124
 10
-333936.104
 20
-27901.284
  0
LWPOLYLINE
  5
51A
330
17
100
AcDbEntity
  8
EB-BASE-PARCELS
100
AcDbPolyline
 90
2
 70
0
 10
-334005.6290000001
 20
-27920.26
 10
-334011.5150000001
 20
-27916.142
  0
LWPOLYLINE
  5
51B
330
17
100
AcDbEntity
  8
EB-BASE-PARCELS
100
AcDbPolyline
 90
2
 70
0
 10
-333994.956
 20
-27927.505
 10
-334001.17
 20
-27923.33
  0
LWPOLYLINE
  5
51C
330
17
100
AcDbEntity
  8
EB-BASE-PARCELS
100
AcDbPolyline
 90
2
 70
0
 10
-334001.17
 20
-27923.33
 10
-334004.665
 20
-27920.927
  0
LWPOLYLINE
  5
51D
330
17
100
AcDbEntity
  8
EB-BASE-PARCELS
100
AcDbPolyline
 90
2
 70
0
 10
-333982.297
 20
-27890.551
 10
-333984.0200000001
 20
-27889.645
  0
LWPOLYLINE
  5
51E
330
17
100
AcDbEntity
  8
EB-BASE-PARCELS
100
AcDbPolyline
 90
2
 70
0
 10
-334013.063
 20
-27850.604
 10
-333999.602
 20
-27854.479
  0
LWPOLYLINE
  5
51F
330
17
100
AcDbEntity
  8
EB-BASE-PARCELS
100
AcDbPolyline
 90
2
 70
0
 10
-334011.847
 20
-27915.917
 10
-334020.7810000001
 20
-27909.866
  0
LWPOLYLINE
  5
520
330
17
100
AcDbEntity
  8
EB-BASE-PARCELS
100
AcDbPolyline
 90
2
 70
0
 10
-334023.0050000001
 20
-27908.401
 10
-334033.04
 20
-27901.524
  0
LWPOLYLINE
  5
521
330
17
100
AcDbEntity
  8
EB-BASE-PARCELS
100
AcDbPolyline
 90
2
 70
0
 10
-334033.04
 20
-27901.524
 10
-334033.2940000001
 20
-27901.35
  0
LWPOLYLINE
  5
522
330
17
100
AcDbEntity
  8
EB-BASE-PARCELS
100
AcDbPolyline
 90
2
 70
0
 10
-334033.2940000001
 20
-27901.35
 10
-334034.1720000001
 20
-27900.773
  0
LWPOLYLINE
  5
523
330
17
100
AcDbEntity
  8
EB-BASE-PARCELS
100
AcDbPolyline
 90
3
 70
0
 10
-333801.9110000001
 20
-27521.477
 10
-333801.7020000001
 20
-27521.638
 10
-333800.4400000001
 20
-27522.476
  0
LWPOLYLINE
  5
524
330
17
100
AcDbEntity
  8
EB-BASE-PARCELS
100
AcDbPolyline
 90
3
 70
0
 10
-333508.825
 20
-27680.648
 10
-333508.5760000001
 20
-27680.838
 10
-333506.723
 20
-27682.254
  0
LWPOLYLINE
  5
525
330
17
100
AcDbEntity
  8
EB-BASE-PARCELS
100
AcDbPolyline
 90
3
 70
0
 10
-333482.376
 20
-27934.602
 10
-333490.5620000001
 20
-27950.788
 10
-333490.583
 20
-27950.829
  0
LWPOLYLINE
  5
526
330
17
100
AcDbEntity
  8
EB-BASE-PARCELS
100
AcDbPolyline
 90
2
 70
0
 10
-333705.198
 20
-27860.037
 10
-333695.599
 20
-27844.846
  0
LWPOLYLINE
  5
527
330
17
100
AcDbEntity
  8
EB-BASE-PARCELS
100
AcDbPolyline
 90
2
 70
0
 10
-333662.6980000001
 20
-27715.106
 10
-333644.475
 20
-27720.344
  0
LWPOLYLINE
  5
528
330
17
100
AcDbEntity
  8
EB-BASE-PARCELS
100
AcDbPolyline
 90
3
 70
0
 10
-333667.076
 20
-27713.868
 10
-333679.648
 20
-27710.248
 10
-333683.667
 20
-27709.081
  0
LWPOLYLINE
  5
529
330
17
100
AcDbEntity
  8
EB-BASE-PARCELS
100
AcDbPolyline
 90
2
 70
0
 10
-333701.7750000001
 20
-27703.763
 10
-333706.222
 20
-27702.451
  0
LWPOLYLINE
  5
52A
330
17
100
AcDbEntity
  8
EB-BASE-PARCELS
100
AcDbPolyline
 90
2
 70
0
 10
-333662.6980000001
 20
-27715.106
 10
-333667.076
 20
-27713.868
  0
LWPOLYLINE
  5
52B
330
17
100
AcDbEntity
  8
EB-BASE-PARCELS
100
AcDbPolyline
 90
2
 70
0
 10
-333636.3400000001
 20
-27676.266
 10
-333632.8620000001
 20
-27663.992
  0
LWPOLYLINE
  5
52C
330
17
100
AcDbEntity
  8
EB-BASE-PARCELS
100
AcDbPolyline
 90
2
 70
0
 10
-333649.902
 20
-27672.313
 10
-333636.3400000001
 20
-27676.266
  0
LWPOLYLINE
  5
52D
330
17
100
AcDbEntity
  8
EB-BASE-PARCELS
100
AcDbPolyline
 90
2
 70
0
 10
-333654.067
 20
-27686.472
 10
-333651.417
 20
-27677.328
  0
LWPOLYLINE
  5
52E
330
17
100
AcDbEntity
  8
EB-BASE-PARCELS
100
AcDbPolyline
 90
3
 70
0
 10
-333671.36
 20
-27652.901
 10
-333679.193
 20
-27678.827
 10
-333675.1250000001
 20
-27680.091
  0
LWPOLYLINE
  5
52F
330
17
100
AcDbEntity
  8
EB-BASE-PARCELS
100
AcDbPolyline
 90
2
 70
0
 10
-333695.599
 20
-27844.846
 10
-333699.8400000001
 20
-27843.351
  0
LWPOLYLINE
  5
530
330
17
100
AcDbEntity
  8
EB-BASE-PARCELS
100
AcDbPolyline
 90
2
 70
0
 10
-333699.8400000001
 20
-27843.351
 10
-333708.455
 20
-27840.351
  0
LWPOLYLINE
  5
531
330
17
100
AcDbEntity
  8
EB-BASE-PARCELS
100
AcDbPolyline
 90
2
 70
0
 10
-333754.137
 20
-27883.162
 10
-333743.37
 20
-27888.294
  0
LWPOLYLINE
  5
532
330
17
100
AcDbEntity
  8
EB-BASE-PARCELS
100
AcDbPolyline
 90
2
 70
0
 10
-333762.486
 20
-27920.082
 10
-333765.974
 20
-27928.489
  0
LWPOLYLINE
  5
533
330
17
100
AcDbEntity
  8
EB-BASE-PARCELS
100
AcDbPolyline
 90
2
 70
0
 10
-333770.073
 20
-27906.874
 10
-333771.8460000001
 20
-27911.164
  0
LWPOLYLINE
  5
534
330
17
100
AcDbEntity
  8
EB-BASE-PARCELS
100
AcDbPolyline
 90
2
 70
0
 10
-333771.8460000001
 20
-27911.164
 10
-333776.418
 20
-27922.032
  0
LWPOLYLINE
  5
535
330
17
100
AcDbEntity
  8
EB-BASE-PARCELS
100
AcDbPolyline
 90
2
 70
0
 10
-333766.851
 20
-27927.946
 10
-333765.974
 20
-27928.489
  0
LWPOLYLINE
  5
536
330
17
100
AcDbEntity
  8
EB-BASE-PARCELS
100
AcDbPolyline
 90
3
 70
0
 10
-333776.418
 20
-27922.032
 10
-333773.0310000001
 20
-27924.126
 10
-333766.851
 20
-27927.946
  0
LWPOLYLINE
  5
537
330
17
100
AcDbEntity
  8
EB-BASE-PARCELS
100
AcDbPolyline
 90
2
 70
0
 10
-333788.416
 20
-27934.877
 10
-333787.171
 20
-27932.375
  0
LWPOLYLINE
  5
538
330
17
100
AcDbEntity
  8
EB-BASE-PARCELS
100
AcDbPolyline
 90
2
 70
0
 10
-333734.794
 20
-27929.399
 10
-333730.0680000001
 20
-27921.72
  0
LWPOLYLINE
  5
539
330
17
100
AcDbEntity
  8
EB-BASE-PARCELS
100
AcDbPolyline
 90
3
 70
0
 10
-333844.934
 20
-27990.862
 10
-333836.669
 20
-27995.661
 10
-333837.441
 20
-27996.829
  0
LWPOLYLINE
  5
53A
330
17
100
AcDbEntity
  8
EB-BASE-PARCELS
100
AcDbPolyline
 90
2
 70
0
 10
-333844.934
 20
-27990.862
 10
-333852.813
 20
-27986.194
  0
LWPOLYLINE
  5
53B
330
17
100
AcDbEntity
  8
EB-BASE-PARCELS
100
AcDbPolyline
 90
2
 70
0
 10
-333722.239
 20
-27988.681
 10
-333722.884
 20
-27990.357
  0
LWPOLYLINE
  5
53C
330
17
100
AcDbEntity
  8
EB-BASE-PARCELS
100
AcDbPolyline
 90
2
 70
0
 10
-333730.003
 20
-27994.908
 10
-333728.276
 20
-27995.458
  0
LWPOLYLINE
  5
53D
330
17
100
AcDbEntity
  8
EB-BASE-PARCELS
100
AcDbPolyline
 90
2
 70
0
 10
-334021.213
 20
-27927.8
 10
-333994.31
 20
-27944.994
  0
LWPOLYLINE
  5
53E
330
17
100
AcDbEntity
  8
EB-BASE-PARCELS
100
AcDbPolyline
 90
2
 70
0
 10
-333999.309
 20
-27971.57
 10
-333987.159
 20
-27979.189
  0
LWPOLYLINE
  5
53F
330
17
100
AcDbEntity
  8
EB-BASE-PARCELS
100
AcDbPolyline
 90
2
 70
0
 10
-333974.969
 20
-27958.638
 10
-333978.984
 20
-27955.878
  0
LWPOLYLINE
  5
540
330
17
100
AcDbEntity
  8
EB-BASE-PARCELS
100
AcDbPolyline
 90
3
 70
0
 10
-333974.969
 20
-27958.638
 10
-333970.2980000001
 20
-27961.8
 10
-333962.9820000001
 20
-27966.793
  0
LWPOLYLINE
  5
541
330
17
100
AcDbEntity
  8
EB-BASE-PARCELS
100
AcDbPolyline
 90
2
 70
0
 10
-333959.362
 20
-27969.183
 10
-333962.9820000001
 20
-27966.793
  0
LWPOLYLINE
  5
542
330
17
100
AcDbEntity
  8
EB-BASE-PARCELS
100
AcDbPolyline
 90
2
 70
0
 10
-333952.743
 20
-27973.607
 10
-333959.362
 20
-27969.183
  0
LWPOLYLINE
  5
543
330
17
100
AcDbEntity
  8
EB-BASE-PARCELS
100
AcDbPolyline
 90
2
 70
0
 10
-333778.0300000001
 20
-27992.962
 10
-333777.9750000001
 20
-27992.036
  0
LWPOLYLINE
  5
544
330
17
100
AcDbEntity
  8
EB-BASE-PARCELS
100
AcDbPolyline
 90
4
 70
0
 10
-333939.271
 20
-27928.389
 10
-333941.0520000001
 20
-27935.219
 10
-333943.912
 20
-27945.697
 10
-333944.864
 20
-27949.156
  0
LWPOLYLINE
  5
545
330
17
100
AcDbEntity
  8
EB-BASE-PARCELS
100
AcDbPolyline
 90
2
 70
0
 10
-333939.2590000001
 20
-27927.961
 10
-333939.271
 20
-27928.389
  0
LWPOLYLINE
  5
546
330
17
100
AcDbEntity
  8
EB-BASE-PARCELS
100
AcDbPolyline
 90
2
 70
0
 10
-333951.79
 20
-27923.759
 10
-333939.271
 20
-27928.389
  0
LWPOLYLINE
  5
547
330
17
100
AcDbEntity
  8
EB-BASE-PARCELS
100
AcDbPolyline
 90
2
 70
0
 10
-333783.469
 20
-27987.385
 10
-333789.311
 20
-27992.123
  0
LWPOLYLINE
  5
548
330
17
100
AcDbEntity
  8
EB-BASE-PARCELS
100
AcDbPolyline
 90
2
 70
0
 10
-333748.4000000001
 20
-27732.126
 10
-333748.662
 20
-27733.557
  0
LWPOLYLINE
  5
549
330
17
100
AcDbEntity
  8
EB-BASE-PARCELS
100
AcDbPolyline
 90
2
 70
0
 10
-333676.445
 20
-27570.978
 10
-333677.773
 20
-27572.28
  0
LWPOLYLINE
  5
54A
330
17
100
AcDbEntity
  8
EB-BASE-PARCELS
100
AcDbPolyline
 90
4
 70
0
 10
-333694.843
 20
-27582.959
 10
-333681.8880000001
 20
-27570.5
 10
-333676.299
 20
-27565.143
 10
-333674.4590000001
 20
-27563.321
  0
LWPOLYLINE
  5
54B
330
17
100
AcDbEntity
  8
EB-BASE-PARCELS
100
AcDbPolyline
 90
2
 70
0
 10
-333775.897
 20
-27533.062
 10
-333776.02
 20
-27538.988
  0
LWPOLYLINE
  5
54C
330
17
100
AcDbEntity
  8
EB-BASE-PARCELS
100
AcDbPolyline
 90
2
 70
0
 10
-333775.897
 20
-27533.062
 10
-333775.897
 20
-27532.87
  0
LWPOLYLINE
  5
54D
330
17
100
AcDbEntity
  8
EB-BASE-PARCELS
100
AcDbPolyline
 90
6
 70
0
 10
-333791.421
 20
-27526.397
 10
-333783.109
 20
-27529.97
 10
-333780.798
 20
-27530.96
 10
-333780.4650000001
 20
-27531.103
 10
-333779.3790000001
 20
-27531.569
 10
-333775.897
 20
-27533.062
  0
LWPOLYLINE
  5
54E
330
17
100
AcDbEntity
  8
EB-BASE-PARCELS
100
AcDbPolyline
 90
2
 70
0
 10
-333791.287
 20
-27526.207
 10
-333791.421
 20
-27526.397
  0
LWPOLYLINE
  5
54F
330
17
100
AcDbEntity
  8
EB-BASE-PARCELS
100
AcDbPolyline
 90
2
 70
0
 10
-333800.4400000001
 20
-27522.476
 10
-333791.421
 20
-27526.397
  0
LWPOLYLINE
  5
550
330
17
100
AcDbEntity
  8
EB-BASE-PARCELS
100
AcDbPolyline
 90
4
 70
0
 10
-333840.447
 20
-27632.375
 10
-333837.8200000001
 20
-27631.264
 10
-333823.2970000001
 20
-27625.298
 10
-333820.428
 20
-27624.065
  0
LWPOLYLINE
  5
551
330
17
100
AcDbEntity
  8
EB-BASE-PARCELS
100
AcDbPolyline
 90
5
 70
0
 10
-333795.953
 20
-27608.95
 10
-333795.0220000001
 20
-27606.248
 10
-333794.103
 20
-27602.383
 10
-333792.684
 20
-27595.626
 10
-333792.043
 20
-27592.596
  0
LWPOLYLINE
  5
552
330
17
100
AcDbEntity
  8
EB-BASE-PARCELS
100
AcDbPolyline
 90
2
 70
0
 10
-334031.152
 20
-27898.074
 10
-334033.2940000001
 20
-27901.35
  0
LWPOLYLINE
  5
553
330
17
100
AcDbEntity
  8
EB-BASE-PARCELS
100
AcDbPolyline
 90
2
 70
0
 10
-333825.074
 20
-27912.494
 10
-333828.644
 20
-27910.939
  0
LWPOLYLINE
  5
554
330
17
100
AcDbEntity
  8
EB-BASE-PARCELS
100
AcDbPolyline
 90
2
 70
0
 10
-333971.028
 20
-27878.671
 10
-333980.006
 20
-27874.53
  0
LWPOLYLINE
  5
555
330
17
100
AcDbEntity
  8
EB-BASE-PARCELS
100
AcDbPolyline
 90
2
 70
0
 10
-333974.285
 20
-27884.868
 10
-333971.028
 20
-27878.671
  0
LWPOLYLINE
  5
556
330
17
100
AcDbEntity
  8
EB-BASE-PARCELS
100
AcDbPolyline
 90
2
 70
0
 10
-333924.4890000001
 20
-27893.515
 10
-333930.376
 20
-27905.195
  0
LWPOLYLINE
  5
557
330
17
100
AcDbEntity
  8
EB-BASE-PARCELS
100
AcDbPolyline
 90
2
 70
0
 10
-333720.14
 20
-27520.518
 10
-333726.3700000001
 20
-27515.928
  0
LWPOLYLINE
  5
558
330
17
100
AcDbEntity
  8
EB-BASE-PARCELS
100
AcDbPolyline
 90
2
 70
0
 10
-333715.3530000001
 20
-27510.58200000001
 10
-333698.336
 20
-27502.627
  0
LWPOLYLINE
  5
559
330
17
100
AcDbEntity
  8
EB-BASE-PARCELS
100
AcDbPolyline
 90
15
 70
0
 10
-333721.838
 20
-27512.117
 10
-333723.8210000001
 20
-27513.315
 10
-333724.188
 20
-27513.437
 10
-333724.678
 20
-27513.511
 10
-333725.174
 20
-27513.346
 10
-333726.545
 20
-27512.366
 10
-333730.572
 20
-27509.339
 10
-333734.282
 20
-27506.594
 10
-333736.431
 20
-27504.971
 10
-333737.349
 20
-27504.432
 10
-333737.998
 20
-27504.309
 10
-333738.665
 20
-27504.316
 10
-333739.2770000001
 20
-27504.512
 10
-333740.792
 20
-27505.254
 10
-333740.828
 20
-27505.268
  0
LWPOLYLINE
  5
55A
330
17
100
AcDbEntity
  8
EB-BASE-PARCELS
100
AcDbPolyline
 90
8
 70
0
 10
-333738.796
 20
-27506.766
 10
-333738.11
 20
-27506.519
 10
-333737.739
 20
-27506.52
 10
-333737.1450000001
 20
-27506.67
 10
-333735.7580000001
 20
-27507.648
 10
-333729.963
 20
-27511.69
 10
-333726.196
 20
-27514.032
 10
-333724.485
 20
-27514.978
  0
LWPOLYLINE
  5
55B
330
17
100
AcDbEntity
  8
EB-BASE-PARCELS
100
AcDbPolyline
 90
3
 70
0
 10
-333492.76
 20
-28003.288
 10
-333490.374
 20
-27999.489
 10
-333488.2870000001
 20
-27996.166
  0
LWPOLYLINE
  5
55C
330
17
100
AcDbEntity
  8
EB-BASE-PARCELS
100
AcDbPolyline
 90
5
 70
0
 10
-333720.6440000001
 20
-27925.224
 10
-333721.38
 20
-27926.051
 10
-333721.957
 20
-27926.802
 10
-333722.529
 20
-27927.752
 10
-333727.8560000001
 20
-27938.409
  0
LWPOLYLINE
  5
55D
330
17
100
AcDbEntity
  8
EB-BASE-PARCELS
100
AcDbPolyline
 90
2
 70
0
 10
-333853.622
 20
-27851.931
 10
-333845.8120000001
 20
-27855.368
  0
LWPOLYLINE
  5
55E
330
17
100
AcDbEntity
  8
EB-BASE-PARCELS
100
AcDbPolyline
 90
4
 70
0
 10
-333740.811
 20
-27956.165
 10
-333742.708
 20
-27956.608
 10
-333743.321
 20
-27956.853
 10
-333745.514
 20
-27958.123
  0
LWPOLYLINE
  5
55F
330
17
100
AcDbEntity
  8
EB-BASE-PARCELS
100
AcDbPolyline
 90
5
 70
0
 10
-333486.441
 20
-27749.161
 10
-333485.7700000001
 20
-27748.524
 10
-333484.207
 20
-27747.293
 10
-333481.509
 20
-27745.3
 10
-333479.582
 20
-27743.949
  0
LWPOLYLINE
  5
560
330
17
100
AcDbEntity
  8
EB-BASE-PARCELS
100
AcDbPolyline
 90
3
 70
0
 10
-333488.801
 20
-27747.479
 10
-333488.2070000001
 20
-27746.886
 10
-333481.8520000001
 20
-27742.329
  0
LWPOLYLINE
  5
561
330
17
100
AcDbEntity
  8
EB-BASE-PARCELS
100
AcDbPolyline
 90
4
 70
0
 10
-333479.582
 20
-27743.949
 10
-333468.037
 20
-27735.425
 10
-333462.8840000001
 20
-27731.736
 10
-333456.909
 20
-27727.535
  0
LWPOLYLINE
  5
562
330
17
100
AcDbEntity
  8
EB-BASE-PARCELS
100
AcDbPolyline
 90
5
 70
0
 10
-333481.8520000001
 20
-27742.329
 10
-333474.195
 20
-27736.816
 10
-333465.2060000001
 20
-27730.405
 10
-333464.772
 20
-27730.096
 10
-333458.9320000001
 20
-27726.051
  0
LWPOLYLINE
  5
563
330
17
100
AcDbEntity
  8
EB-BASE-PARCELS
100
AcDbPolyline
 90
3
 70
0
 10
-333595.972
 20
-27651.631
 10
-333585.1940000001
 20
-27654.843
 10
-333582.0460000001
 20
-27655.676
  0
LWPOLYLINE
  5
564
330
17
100
AcDbEntity
  8
EB-BASE-PARCELS
100
AcDbPolyline
 90
3
 70
0
 10
-333684.219
 20
-27876.47600000001
 10
-333686.4830000001
 20
-27881.024
 10
-333687.8200000001
 20
-27883.052
  0
LWPOLYLINE
  5
565
330
17
100
AcDbEntity
  8
EB-BASE-PARCELS
100
AcDbPolyline
 90
4
 70
0
 10
-333671.137
 20
-27853.308
 10
-333673.651
 20
-27855.797
 10
-333674.727
 20
-27857.409
 10
-333675.745
 20
-27859.454
  0
LWPOLYLINE
  5
566
330
17
100
AcDbEntity
  8
EB-BASE-PARCELS
100
AcDbPolyline
 90
4
 70
0
 10
-333676.4340000001
 20
-27860.838
 10
-333679.618
 20
-27867.226
 10
-333681.2350000001
 20
-27870.47
 10
-333682.363
 20
-27872.749
  0
LWPOLYLINE
  5
567
330
17
100
AcDbEntity
  8
EB-BASE-PARCELS
100
AcDbPolyline
 90
10
 70
0
 10
-334007.643
 20
-27684.835
 10
-334007.944
 20
-27686.014
 10
-334007.985
 20
-27687.0
 10
-334007.711
 20
-27688.178
 10
-334007.109
 20
-27689.549
 10
-334005.617
 20
-27692.235
 10
-334004.1110000001
 20
-27695.167
 10
-334003.673
 20
-27695.88
 10
-334003.043
 20
-27696.592
 10
-334001.6460000001
 20
-27697.442
  0
LWPOLYLINE
  5
568
330
17
100
AcDbEntity
  8
EB-BASE-PARCELS
100
AcDbPolyline
 90
2
 70
0
 10
-333602.092
 20
-27769.038
 10
-333591.485
 20
-27772.651
  0
LWPOLYLINE
  5
56A
330
17
100
AcDbEntity
  8
EB-BASE-STRUCTURES
100
AcDbPolyline
 90
4
 70
0
 10
-333934.13
 20
-27903.397
 10
-333933.8270000001
 20
-27902.56
 10
-333935.265
 20
-27901.984
 10
-333935.599
 20
-27902.693
  0
LWPOLYLINE
  5
56B
330
17
100
AcDbEntity
  8
EB-BASE-STRUCTURES
100
AcDbPolyline
 90
8
 70
0
 10
-333972.971
 20
-27495.866
 10
-333972.313
 20
-27494.607
 10
-333974.2860000001
 20
-27493.662
 10
-333974.972
 20
-27494.979
 10
-333977.3460000001
 20
-27493.863
 10
-333980.42
 20
-27499.929
 10
-333975.6730000001
 20
-27502.333
 10
-333972.6560000001
 20
-27496.038
  0
LWPOLYLINE
  5
56C
330
17
100
AcDbEntity
  8
EB-BASE-STRUCTURES
100
AcDbPolyline
 90
2
 70
0
 10
-333961.641
 20
-27503.814
 10
-333959.99
 20
-27500.817
  0
LWPOLYLINE
  5
56D
330
17
100
AcDbEntity
  8
EB-BASE-STRUCTURES
100
AcDbPolyline
 90
4
 70
0
 10
-333959.99
 20
-27500.817
 10
-333963.535
 20
-27498.842
 10
-333965.222
 20
-27501.647
 10
-333961.641
 20
-27503.814
  0
LWPOLYLINE
  5
56E
330
17
100
AcDbEntity
  8
EB-BASE-STRUCTURES
100
AcDbPolyline
 90
2
 70
0
 10
-333982.1490000001
 20
-27502.133
 10
-333979.4040000001
 20
-27503.306
  0
LWPOLYLINE
  5
56F
330
17
100
AcDbEntity
  8
EB-BASE-STRUCTURES
100
AcDbPolyline
 90
8
 70
0
 10
-333979.4040000001
 20
-27503.306
 10
-333981.4060000001
 20
-27507.542
 10
-333982.75
 20
-27506.998
 10
-333983.436
 20
-27508.486
 10
-333984.2650000001
 20
-27508.171
 10
-333984.5800000001
 20
-27508.841
 10
-333985.313
 20
-27508.548
 10
-333982.1490000001
 20
-27502.133
  0
LWPOLYLINE
  5
570
330
17
100
AcDbEntity
  8
EB-BASE-STRUCTURES
100
AcDbPolyline
 90
2
 70
0
 10
-333976.659
 20
-27512.994
 10
-333977.6650000001
 20
-27514.84
  0
LWPOLYLINE
  5
571
330
17
100
AcDbEntity
  8
EB-BASE-STRUCTURES
100
AcDbPolyline
 90
6
 70
0
 10
-333977.6650000001
 20
-27514.84
 10
-333979.111
 20
-27514.106
 10
-333980.159
 20
-27515.91
 10
-333982.8410000001
 20
-27514.442
 10
-333980.808
 20
-27510.624
 10
-333976.659
 20
-27512.994
  0
LWPOLYLINE
  5
572
330
17
100
AcDbEntity
  8
EB-BASE-STRUCTURES
100
AcDbPolyline
 90
2
 70
0
 10
-333993.5370000001
 20
-27525.852
 10
-333989.25
 20
-27528.914
  0
LWPOLYLINE
  5
573
330
17
100
AcDbEntity
  8
EB-BASE-STRUCTURES
100
AcDbPolyline
 90
11
 70
0
 10
-333989.25
 20
-27528.914
 10
-333988.056
 20
-27527.026
 10
-333986.631
 20
-27527.97
 10
-333985.981
 20
-27526.711
 10
-333988.496
 20
-27524.886
 10
-333986.3790000001
 20
-27521.593
 10
-333985.5410000001
 20
-27522.138
 10
-333983.424
 20
-27518.866
 10
-333987.354
 20
-27516.077
 10
-333990.9700000001
 20
-27521.257
 10
-333993.5370000001
 20
-27525.852
  0
LWPOLYLINE
  5
574
330
17
100
AcDbEntity
  8
EB-BASE-STRUCTURES
100
AcDbPolyline
 90
2
 70
0
 10
-333992.054
 20
-27534.992
 10
-333993.449
 20
-27538.333
  0
LWPOLYLINE
  5
575
330
17
100
AcDbEntity
  8
EB-BASE-STRUCTURES
100
AcDbPolyline
 90
8
 70
0
 10
-333993.449
 20
-27538.333
 10
-333996.018
 20
-27537.401
 10
-333997.93
 20
-27541.855
 10
-334000.256
 20
-27540.803
 10
-333998.354
 20
-27536.45
 10
-333998.941
 20
-27536.126
 10
-333997.495
 20
-27532.847
 10
-333992.054
 20
-27534.992
  0
LWPOLYLINE
  5
576
330
17
100
AcDbEntity
  8
EB-BASE-STRUCTURES
100
AcDbPolyline
 90
2
 70
0
 10
-334002.4100000001
 20
-27544.124
 10
-334001.1560000001
 20
-27544.65
  0
LWPOLYLINE
  5
577
330
17
100
AcDbEntity
  8
EB-BASE-STRUCTURES
100
AcDbPolyline
 90
8
 70
0
 10
-334001.1560000001
 20
-27544.65
 10
-334000.518
 20
-27543.334
 10
-333998.738
 20
-27544.062
 10
-333999.285
 20
-27545.52
 10
-333999.6490000001
 20
-27545.399
 10
-334002.066
 20
-27551.027
 10
-334004.817
 20
-27549.893
 10
-334002.4100000001
 20
-27544.124
  0
LWPOLYLINE
  5
578
330
17
100
AcDbEntity
  8
EB-BASE-STRUCTURES
100
AcDbPolyline
 90
2
 70
0
 10
-333980.527
 20
-27638.232
 10
-333980.994
 20
-27640.298
  0
LWPOLYLINE
  5
579
330
17
100
AcDbEntity
  8
EB-BASE-STRUCTURES
100
AcDbPolyline
 90
6
 70
0
 10
-333980.994
 20
-27640.298
 10
-333983.99
 20
-27639.866
 10
-333984.4210000001
 20
-27641.911
 10
-333988.506
 20
-27641.32
 10
-333987.666
 20
-27636.868
 10
-333980.527
 20
-27638.232
  0
LWPOLYLINE
  5
57A
330
17
100
AcDbEntity
  8
EB-BASE-STRUCTURES
100
AcDbPolyline
 90
5
 70
0
 10
-333947.839
 20
-27645.306
 10
-333947.6360000001
 20
-27642.228
 10
-333962.885
 20
-27642.251
 10
-333962.987
 20
-27650.95
 10
-333958.643
 20
-27650.905
  0
LWPOLYLINE
  5
57B
330
17
100
AcDbEntity
  8
EB-BASE-STRUCTURES
100
AcDbPolyline
 90
2
 70
0
 10
-333947.9050000001
 20
-27649.511
 10
-333947.867
 20
-27646.637
  0
LWPOLYLINE
  5
57C
330
17
100
AcDbEntity
  8
EB-BASE-STRUCTURES
100
AcDbPolyline
 90
2
 70
0
 10
-333954.784
 20
-27650.878
 10
-333950.389
 20
-27650.872
  0
LWPOLYLINE
  5
57D
330
17
100
AcDbEntity
  8
EB-BASE-STRUCTURES
100
AcDbPolyline
 90
2
 70
0
 10
-334052.62
 20
-27628.9
 10
-334054.706
 20
-27633.153
  0
LWPOLYLINE
  5
57E
330
17
100
AcDbEntity
  8
EB-BASE-STRUCTURES
100
AcDbPolyline
 90
4
 70
0
 10
-334054.706
 20
-27633.153
 10
-334051.099
 20
-27634.753
 10
-334049.306
 20
-27630.129
 10
-334052.62
 20
-27628.9
  0
LWPOLYLINE
  5
57F
330
17
100
AcDbEntity
  8
EB-BASE-STRUCTURES
100
AcDbPolyline
 90
2
 70
0
 10
-334056.784
 20
-27678.533
 10
-334053.98
 20
-27679.461
  0
LWPOLYLINE
  5
580
330
17
100
AcDbEntity
  8
EB-BASE-STRUCTURES
100
AcDbPolyline
 90
4
 70
0
 10
-334053.98
 20
-27679.461
 10
-334055.636
 20
-27685.294
 10
-334058.572
 20
-27684.521
 10
-334056.784
 20
-27678.533
  0
LWPOLYLINE
  5
581
330
17
100
AcDbEntity
  8
EB-BASE-STRUCTURES
100
AcDbPolyline
 90
3
 70
0
 10
-334006.997
 20
-27682.957
 10
-334004.278
 20
-27683.068
 10
-334001.0680000001
 20
-27678.578
  0
LWPOLYLINE
  5
582
330
17
100
AcDbEntity
  8
EB-BASE-STRUCTURES
100
AcDbPolyline
 90
3
 70
0
 10
-333996.359
 20
-27676.106
 10
-333981.8000000001
 20
-27669.099
 10
-333967.931
 20
-27662.297
  0
LWPOLYLINE
  5
583
330
17
100
AcDbEntity
  8
EB-BASE-STRUCTURES
100
AcDbPolyline
 90
7
 70
0
 10
-333937.7070000001
 20
-27643.176
 10
-333938.333
 20
-27645.637
 10
-333940.1390000001
 20
-27645.147
 10
-333941.343
 20
-27650.893
 10
-333945.916
 20
-27650.836
 10
-333943.771
 20
-27641.079
 10
-333939.6120000001
 20
-27642.359
  0
LWPOLYLINE
  5
584
330
17
100
AcDbEntity
  8
EB-BASE-STRUCTURES
100
AcDbPolyline
 90
5
 70
0
 10
-333859.621
 20
-27581.573
 10
-333860.9160000001
 20
-27581.326
 10
-333861.376
 20
-27583.773
 10
-333861.817
 20
-27583.718
 10
-333862.5550000001
 20
-27587.788
  0
LWPOLYLINE
  5
585
330
17
100
AcDbEntity
  8
EB-BASE-STRUCTURES
100
AcDbPolyline
 90
8
 70
0
 10
-333861.198
 20
-27570.957
 10
-333862.18
 20
-27576.347
 10
-333870.64
 20
-27574.77
 10
-333871.4390000001
 20
-27579.261
 10
-333870.6130000001
 20
-27579.381
 10
-333870.998
 20
-27581.727
 10
-333871.896
 20
-27581.566
 10
-333872.612
 20
-27585.861
  0
LWPOLYLINE
  5
586
330
17
100
AcDbEntity
  8
EB-BASE-STRUCTURES
100
AcDbPolyline
 90
4
 70
0
 10
-333858.7540000001
 20
-27576.593
 10
-333855.9280000001
 20
-27577.122
 10
-333856.393
 20
-27579.985
 10
-333859.2590000001
 20
-27579.495
  0
LWPOLYLINE
  5
587
330
17
100
AcDbEntity
  8
EB-BASE-STRUCTURES
100
AcDbPolyline
 90
4
 70
0
 10
-333847.6630000001
 20
-27581.034
 10
-333848.871
 20
-27580.869
 10
-333849.37
 20
-27584.988
 10
-333847.86
 20
-27585.104
  0
LWPOLYLINE
  5
588
330
17
100
AcDbEntity
  8
EB-BASE-STRUCTURES
100
AcDbPolyline
 90
2
 70
0
 10
-333860.7630000001
 20
-27588.131
 10
-333848.0680000001
 20
-27589.387
  0
LWPOLYLINE
  5
589
330
17
100
AcDbEntity
  8
EB-BASE-STRUCTURES
100
AcDbPolyline
 90
3
 70
0
 10
-333861.9710000001
 20
-27603.142
 10
-333850.903
 20
-27605.318
 10
-333848.864
 20
-27602.916
  0
LWPOLYLINE
  5
58A
330
17
100
AcDbEntity
  8
EB-BASE-STRUCTURES
100
AcDbPolyline
 90
9
 70
0
 10
-333832.327
 20
-27594.484
 10
-333831.54
 20
-27591.585
 10
-333834.294
 20
-27590.988
 10
-333834.4480000001
 20
-27591.527
 10
-333835.566
 20
-27591.296
 10
-333835.508
 20
-27590.737
 10
-333838.3680000001
 20
-27590.101
 10
-333835.1820000001
 20
-27577.59
 10
-333827.344
 20
-27579.229
  0
LWPOLYLINE
  5
58B
330
17
100
AcDbEntity
  8
EB-BASE-STRUCTURES
100
AcDbPolyline
 90
5
 70
0
 10
-333826.4560000001
 20
-27592.687
 10
-333830.2630000001
 20
-27591.837
 10
-333830.7440000001
 20
-27593.514
 10
-333826.777
 20
-27594.401
 10
-333827.051
 20
-27595.576
  0
LWPOLYLINE
  5
58C
330
17
100
AcDbEntity
  8
EB-BASE-STRUCTURES
100
AcDbPolyline
 90
4
 70
0
 10
-333875.116
 20
-27623.735
 10
-333875.254
 20
-27617.659
 10
-333875.4050000001
 20
-27617.659
 10
-333875.542
 20
-27611.737
  0
LWPOLYLINE
  5
58D
330
17
100
AcDbEntity
  8
EB-BASE-STRUCTURES
100
AcDbPolyline
 90
10
 70
0
 10
-333879.9
 20
-27611.731
 10
-333880.0
 20
-27618.011
 10
-333881.002
 20
-27618.011
 10
-333881.0520000001
 20
-27615.529
 10
-333885.172
 20
-27615.503
 10
-333885.473
 20
-27623.1
 10
-333881.115
 20
-27623.275
 10
-333881.065
 20
-27621.17
 10
-333880.2380000001
 20
-27621.27
 10
-333880.104
 20
-27623.95
  0
LWPOLYLINE
  5
58E
330
17
100
AcDbEntity
  8
EB-BASE-STRUCTURES
100
AcDbPolyline
 90
2
 70
0
 10
-333871.434
 20
-27611.943
 10
-333864.947
 20
-27611.918
  0
LWPOLYLINE
  5
58F
330
17
100
AcDbEntity
  8
EB-BASE-STRUCTURES
100
AcDbPolyline
 90
10
 70
0
 10
-333864.947
 20
-27611.918
 10
-333864.997
 20
-27615.252
 10
-333861.0900000001
 20
-27615.327
 10
-333861.0650000001
 20
-27616.455
 10
-333863.92
 20
-27616.38
 10
-333864.045
 20
-27619.413
 10
-333865.0470000001
 20
-27619.388
 10
-333865.0470000001
 20
-27620.517
 10
-333871.635
 20
-27620.391
 10
-333871.434
 20
-27611.943
  0
LWPOLYLINE
  5
590
330
17
100
AcDbEntity
  8
EB-BASE-STRUCTURES
100
AcDbPolyline
 90
12
 70
0
 10
-333880.104
 20
-27623.95
 10
-333880.139
 20
-27634.883
 10
-333876.056
 20
-27634.808
 10
-333874.904
 20
-27639.973
 10
-333868.0410000001
 20
-27638.645
 10
-333867.44
 20
-27638.068
 10
-333867.064
 20
-27637.617
 10
-333866.876
 20
-27636.614
 10
-333868.078
 20
-27630.547
 10
-333866.6000000001
 20
-27630.321
 10
-333867.8020000001
 20
-27624.481
 10
-333875.016
 20
-27625.96
  0
LWPOLYLINE
  5
591
330
17
100
AcDbEntity
  8
EB-BASE-STRUCTURES
100
AcDbPolyline
 90
2
 70
0
 10
-333875.016
 20
-27625.96
 10
-333875.116
 20
-27623.735
  0
LWPOLYLINE
  5
592
330
17
100
AcDbEntity
  8
EB-BASE-STRUCTURES
100
AcDbPolyline
 90
2
 70
0
 10
-333875.016
 20
-27625.96
 10
-333874.913
 20
-27633.338
  0
LWPOLYLINE
  5
593
330
17
100
AcDbEntity
  8
EB-BASE-STRUCTURES
100
AcDbPolyline
 90
3
 70
0
 10
-333874.913
 20
-27633.338
 10
-333873.578
 20
-27633.195
 10
-333875.016
 20
-27625.96
  0
LWPOLYLINE
  5
594
330
17
100
AcDbEntity
  8
EB-BASE-STRUCTURES
100
AcDbPolyline
 90
2
 70
0
 10
-333860.2640000001
 20
-27621.592
 10
-333861.664
 20
-27635.701
  0
LWPOLYLINE
  5
595
330
17
100
AcDbEntity
  8
EB-BASE-STRUCTURES
100
AcDbPolyline
 90
4
 70
0
 10
-333861.664
 20
-27635.701
 10
-333852.257
 20
-27636.99
 10
-333850.268
 20
-27622.758
 10
-333860.2640000001
 20
-27621.592
  0
LWPOLYLINE
  5
596
330
17
100
AcDbEntity
  8
EB-BASE-STRUCTURES
100
AcDbPolyline
 90
7
 70
0
 10
-333824.566
 20
-27649.727
 10
-333836.851
 20
-27644.134
 10
-333836.395
 20
-27643.342
 10
-333839.597
 20
-27642.07
 10
-333841.348
 20
-27640.51
 10
-333841.636
 20
-27637.917
 10
-333840.5310000001
 20
-27632.768
  0
LWPOLYLINE
  5
597
330
17
100
AcDbEntity
  8
EB-BASE-STRUCTURES
100
AcDbPolyline
 90
5
 70
0
 10
-333820.184
 20
-27624.402
 10
-333819.582
 20
-27625.235
 10
-333820.469
 20
-27627.851
 10
-333812.11
 20
-27630.517
 10
-333824.566
 20
-27649.727
  0
LWPOLYLINE
  5
598
330
17
100
AcDbEntity
  8
EB-BASE-STRUCTURES
100
AcDbPolyline
 90
13
 70
0
 10
-333799.411
 20
-27615.513
 10
-333795.4000000001
 20
-27618.657
 10
-333815.9930000001
 20
-27644.579
 10
-333812.984
 20
-27646.938
 10
-333814.008
 20
-27648.304
 10
-333809.836
 20
-27651.626
 10
-333810.7040000001
 20
-27652.806
 10
-333809.495
 20
-27653.799
 10
-333807.479
 20
-27651.254
 10
-333796.237
 20
-27660.224
 10
-333754.385
 20
-27609.035
 10
-333787.586
 20
-27582.246
 10
-333790.576
 20
-27585.657
  0
LWPOLYLINE
  5
599
330
17
100
AcDbEntity
  8
EB-BASE-STRUCTURES
100
AcDbPolyline
 90
2
 70
0
 10
-333798.6580000001
 20
-27600.472
 10
-333797.402
 20
-27596.128
  0
LWPOLYLINE
  5
59A
330
17
100
AcDbEntity
  8
EB-BASE-STRUCTURES
100
AcDbPolyline
 90
12
 70
0
 10
-333797.402
 20
-27596.128
 10
-333796.5430000001
 20
-27596.348
 10
-333795.628
 20
-27593.37
 10
-333796.51
 20
-27593.15
 10
-333795.463
 20
-27589.202
 10
-333794.471
 20
-27589.489
 10
-333793.898
 20
-27587.526
 10
-333796.134
 20
-27586.932
 10
-333796.663
 20
-27588.872
 10
-333804.0320000001
 20
-27586.933
 10
-333807.127
 20
-27598.378
 10
-333798.6580000001
 20
-27600.472
  0
LWPOLYLINE
  5
59B
330
17
100
AcDbEntity
  8
EB-BASE-STRUCTURES
100
AcDbPolyline
 90
7
 70
0
 10
-333809.557
 20
-27576.848
 10
-333809.9210000001
 20
-27578.277
 10
-333806.343
 20
-27579.195
 10
-333811.0550000001
 20
-27597.791
 10
-333818.6240000001
 20
-27596.069
 10
-333817.385
 20
-27591.06500000001
 10
-333820.77
 20
-27590.154
  0
LWPOLYLINE
  5
59C
330
17
100
AcDbEntity
  8
EB-BASE-STRUCTURES
100
AcDbPolyline
 90
3
 70
0
 10
-333818.545
 20
-27581.705
 10
-333815.1600000001
 20
-27582.48
 10
-333813.595
 20
-27576.026
  0
LWPOLYLINE
  5
59D
330
17
100
AcDbEntity
  8
EB-BASE-STRUCTURES
100
AcDbPolyline
 90
4
 70
0
 10
-333819.322
 20
-27584.654
 10
-333818.314
 20
-27584.935
 10
-333818.887
 20
-27587.116
 10
-333819.915
 20
-27586.905
  0
LWPOLYLINE
  5
59E
330
17
100
AcDbEntity
  8
EB-BASE-STRUCTURES
100
AcDbPolyline
 90
4
 70
0
 10
-333792.6110000001
 20
-27580.031
 10
-333794.164
 20
-27584.948
 10
-333802.647
 20
-27582.875
 10
-333800.757
 20
-27576.249
  0
LWPOLYLINE
  5
59F
330
17
100
AcDbEntity
  8
EB-BASE-STRUCTURES
100
AcDbPolyline
 90
2
 70
0
 10
-333805.563
 20
-27571.231
 10
-333801.824
 20
-27572.769
  0
LWPOLYLINE
  5
5A0
330
17
100
AcDbEntity
  8
EB-BASE-STRUCTURES
100
AcDbPolyline
 90
4
 70
0
 10
-333801.824
 20
-27572.769
 10
-333798.04
 20
-27563.242
 10
-333801.744
 20
-27561.865
 10
-333805.563
 20
-27571.231
  0
LWPOLYLINE
  5
5A1
330
17
100
AcDbEntity
  8
EB-BASE-STRUCTURES
100
AcDbPolyline
 90
2
 70
0
 10
-333841.698
 20
-27677.742
 10
-333835.1280000001
 20
-27678.005
  0
LWPOLYLINE
  5
5A2
330
17
100
AcDbEntity
  8
EB-BASE-STRUCTURES
100
AcDbPolyline
 90
5
 70
0
 10
-333835.1280000001
 20
-27678.005
 10
-333833.816
 20
-27662.148
 10
-333832.0510000001
 20
-27657.376
 10
-333839.729
 20
-27654.106
 10
-333841.698
 20
-27677.742
  0
LWPOLYLINE
  5
5A3
330
17
100
AcDbEntity
  8
EB-BASE-STRUCTURES
100
AcDbPolyline
 90
2
 70
0
 10
-333834.135
 20
-27690.778
 10
-333754.4320000001
 20
-27724.564
  0
LWPOLYLINE
  5
5A4
330
17
100
AcDbEntity
  8
EB-BASE-STRUCTURES
100
AcDbPolyline
 90
8
 70
0
 10
-333754.4320000001
 20
-27724.564
 10
-333751.315
 20
-27717.387
 10
-333747.223
 20
-27719.19
 10
-333741.1230000001
 20
-27704.311
 10
-333745.253
 20
-27702.583
 10
-333742.343
 20
-27695.556
 10
-333821.839
 20
-27661.769
 10
-333834.135
 20
-27690.778
  0
LWPOLYLINE
  5
5A5
330
17
100
AcDbEntity
  8
EB-BASE-STRUCTURES
100
AcDbPolyline
 90
12
 70
0
 10
-333886.0620000001
 20
-27664.544
 10
-333866.8720000001
 20
-27671.066
 10
-333881.6340000001
 20
-27713.329
 10
-333858.154
 20
-27721.292
 10
-333862.332
 20
-27733.009
 10
-333884.646
 20
-27725.338
 10
-333881.3560000001
 20
-27716.132
 10
-333882.509
 20
-27715.699
 10
-333886.259
 20
-27726.597
 10
-333898.8050000001
 20
-27722.05
 10
-333893.6220000001
 20
-27707.048
 10
-333900.153
 20
-27704.904
  0
LWPOLYLINE
  5
5A6
330
17
100
AcDbEntity
  8
EB-BASE-STRUCTURES
100
AcDbPolyline
 90
2
 70
0
 10
-333853.5870000001
 20
-27675.948
 10
-333853.4000000001
 20
-27679.192
  0
LWPOLYLINE
  5
5A7
330
17
100
AcDbEntity
  8
EB-BASE-STRUCTURES
100
AcDbPolyline
 90
4
 70
0
 10
-333853.4000000001
 20
-27679.192
 10
-333862.347
 20
-27676.001
 10
-333861.49
 20
-27673.239
 10
-333853.5870000001
 20
-27675.948
  0
LWPOLYLINE
  5
5A8
330
17
100
AcDbEntity
  8
EB-BASE-STRUCTURES
100
AcDbPolyline
 90
9
 70
0
 10
-334054.809
 20
-27749.874
 10
-334054.299
 20
-27748.349
 10
-334052.1070000001
 20
-27749.076
 10
-334051.1340000001
 20
-27746.323
 10
-334048.993
 20
-27747.074
 10
-334048.1130000001
 20
-27744.642
 10
-334045.454
 20
-27745.539
 10
-334044.6000000001
 20
-27743.038
 10
-334029.774
 20
-27747.891
  0
LWPOLYLINE
  5
5A9
330
17
100
AcDbEntity
  8
EB-BASE-STRUCTURES
100
AcDbPolyline
 90
2
 70
0
 10
-334007.1610000001
 20
-27749.147
 10
-333965.338
 20
-27762.925
  0
LWPOLYLINE
  5
5AA
330
17
100
AcDbEntity
  8
EB-BASE-STRUCTURES
100
AcDbPolyline
 90
8
 70
0
 10
-334005.415
 20
-27813.194
 10
-334000.6020000001
 20
-27814.791
 10
-334000.1690000001
 20
-27813.433
 10
-333998.1770000001
 20
-27814.126
 10
-333998.726
 20
-27815.888
 10
-333995.0030000001
 20
-27817.015
 10
-333994.469
 20
-27815.282
 10
-333984.349
 20
-27818.591
  0
LWPOLYLINE
  5
5AB
330
17
100
AcDbEntity
  8
EB-BASE-STRUCTURES
100
AcDbPolyline
 90
6
 70
0
 10
-333978.615
 20
-27802.004
 10
-333979.622
 20
-27801.591
 10
-333974.095
 20
-27785.445
 10
-333992.9830000001
 20
-27779.09
 10
-333998.5240000001
 20
-27795.323
 10
-333999.146
 20
-27795.087
  0
LWPOLYLINE
  5
5AC
330
17
100
AcDbEntity
  8
EB-BASE-STRUCTURES
100
AcDbPolyline
 90
12
 70
0
 10
-333966.957
 20
-27767.718
 10
-333966.0960000001
 20
-27769.215
 10
-333966.3230000001
 20
-27769.912
 10
-333962.336
 20
-27771.066
 10
-333963.4650000001
 20
-27775.153
 10
-333959.442
 20
-27776.235
 10
-333958.338
 20
-27772.172
 10
-333953.282
 20
-27773.518
 10
-333950.915
 20
-27764.431
 10
-333963.7320000001
 20
-27761.523
 10
-333963.892
 20
-27762.13
 10
-333965.338
 20
-27762.925
  0
LWPOLYLINE
  5
5AD
330
17
100
AcDbEntity
  8
EB-BASE-STRUCTURES
100
AcDbPolyline
 90
8
 70
0
 10
-333970.1340000001
 20
-27777.103
 10
-333969.0860000001
 20
-27777.292
 10
-333968.75
 20
-27775.417
 10
-333964.572
 20
-27776.234
 10
-333965.977
 20
-27782.966
 10
-333970.0360000001
 20
-27782.172
 10
-333969.315
 20
-27778.206
 10
-333970.4130000001
 20
-27777.927
  0
LWPOLYLINE
  5
5AE
330
17
100
AcDbEntity
  8
EB-BASE-STRUCTURES
100
AcDbPolyline
 90
4
 70
0
 10
-333845.8120000001
 20
-27855.368
 10
-333844.5530000001
 20
-27851.632
 10
-333852.627
 20
-27848.986
 10
-333853.622
 20
-27851.931
  0
LWPOLYLINE
  5
5AF
330
17
100
AcDbEntity
  8
EB-BASE-STRUCTURES
100
AcDbPolyline
 90
2
 70
0
 10
-333831.094
 20
-27868.999
 10
-333836.8420000001
 20
-27882.387
  0
LWPOLYLINE
  5
5B0
330
17
100
AcDbEntity
  8
EB-BASE-STRUCTURES
100
AcDbPolyline
 90
4
 70
0
 10
-333836.8420000001
 20
-27882.387
 10
-333810.969
 20
-27893.649
 10
-333805.201
 20
-27880.302
 10
-333831.094
 20
-27868.999
  0
LWPOLYLINE
  5
5B1
330
17
100
AcDbEntity
  8
EB-BASE-STRUCTURES
100
AcDbPolyline
 90
2
 70
0
 10
-333866.335
 20
-27869.368
 10
-333840.4840000001
 20
-27880.789
  0
LWPOLYLINE
  5
5B2
330
17
100
AcDbEntity
  8
EB-BASE-STRUCTURES
100
AcDbPolyline
 90
4
 70
0
 10
-333840.4840000001
 20
-27880.789
 10
-333834.5310000001
 20
-27867.441
 10
-333860.5060000001
 20
-27856.141
 10
-333866.335
 20
-27869.368
  0
LWPOLYLINE
  5
5B3
330
17
100
AcDbEntity
  8
EB-BASE-STRUCTURES
100
AcDbPolyline
 90
2
 70
0
 10
-333869.874
 20
-27867.731
 10
-333899.0800000001
 20
-27855.08
  0
LWPOLYLINE
  5
5B4
330
17
100
AcDbEntity
  8
EB-BASE-STRUCTURES
100
AcDbPolyline
 90
6
 70
0
 10
-333899.0800000001
 20
-27855.08
 10
-333894.866
 20
-27845.459
 10
-333888.526
 20
-27848.325
 10
-333886.767
 20
-27844.517
 10
-333863.942
 20
-27854.546
 10
-333869.874
 20
-27867.731
  0
LWPOLYLINE
  5
5B5
330
17
100
AcDbEntity
  8
EB-BASE-STRUCTURES
100
AcDbPolyline
 90
5
 70
0
 10
-333964.6870000001
 20
-27863.321
 10
-333955.1370000001
 20
-27866.348
 10
-333949.9480000001
 20
-27848.987
 10
-333982.079
 20
-27839.307
 10
-333987.251
 20
-27856.327
  0
LWPOLYLINE
  5
5B6
330
17
100
AcDbEntity
  8
EB-BASE-STRUCTURES
100
AcDbPolyline
 90
2
 70
0
 10
-333986.806
 20
-27856.851
 10
-333964.6870000001
 20
-27863.321
  0
LWPOLYLINE
  5
5B7
330
17
100
AcDbEntity
  8
EB-BASE-STRUCTURES
100
AcDbPolyline
 90
2
 70
0
 10
-333920.0810000001
 20
-27876.941
 10
-333914.762
 20
-27859.656
  0
LWPOLYLINE
  5
5B8
330
17
100
AcDbEntity
  8
EB-BASE-STRUCTURES
100
AcDbPolyline
 90
4
 70
0
 10
-333914.762
 20
-27859.656
 10
-333946.7920000001
 20
-27849.975
 10
-333952.0350000001
 20
-27867.235
 10
-333920.0810000001
 20
-27876.941
  0
LWPOLYLINE
  5
5B9
330
17
100
AcDbEntity
  8
EB-BASE-STRUCTURES
100
AcDbPolyline
 90
24
 70
0
 10
-333863.1400000001
 20
-27973.583
 10
-333931.397
 20
-27930.71
 10
-333929.4870000001
 20
-27927.386
 10
-333929.909
 20
-27927.133
 10
-333928.123
 20
-27923.835
 10
-333928.4480000001
 20
-27923.474
 10
-333926.517
 20
-27920.094
 10
-333927.007
 20
-27919.83
 10
-333925.193
 20
-27916.542
 10
-333925.5620000001
 20
-27916.222
 10
-333923.7710000001
 20
-27912.991
 10
-333924.068
 20
-27912.825
 10
-333922.099
 20
-27909.337
 10
-333922.583
 20
-27909.018
 10
-333920.678
 20
-27905.828
 10
-333921.029
 20
-27905.457
 10
-333919.324
 20
-27902.502
 10
-333919.539
 20
-27902.267
 10
-333917.706
 20
-27898.884
 10
-333918.018
 20
-27898.485
 10
-333916.323
 20
-27895.28
 10
-333916.539
 20
-27894.93
 10
-333914.8230000001
 20
-27891.747
 10
-333915.393
 20
-27891.469
  0
LWPOLYLINE
  5
5BA
330
17
100
AcDbEntity
  8
EB-BASE-STRUCTURES
100
AcDbPolyline
 90
11
 70
0
 10
-333824.174
 20
-27904.104
 10
-333828.575
 20
-27901.908
 10
-333829.795
 20
-27903.825
 10
-333843.376
 20
-27897.182
 10
-333842.903
 20
-27895.922
 10
-333841.7490000001
 20
-27896.395
 10
-333839.7550000001
 20
-27892.509
 10
-333845.5800000001
 20
-27889.831
 10
-333845.947
 20
-27890.671
 10
-333851.458
 20
-27888.203
 10
-333860.089
 20
-27906.177
  0
LWPOLYLINE
  5
5BB
330
17
100
AcDbEntity
  8
EB-BASE-STRUCTURES
100
AcDbPolyline
 90
6
 70
0
 10
-333828.644
 20
-27910.939
 10
-333830.261
 20
-27913.965
 10
-333840.3320000001
 20
-27908.893
 10
-333841.885
 20
-27911.688
 10
-333849.23
 20
-27907.974
 10
-333850.3350000001
 20
-27910.484
  0
LWPOLYLINE
  5
5BC
330
17
100
AcDbEntity
  8
EB-BASE-STRUCTURES
100
AcDbPolyline
 90
9
 70
0
 10
-333825.724
 20
-27906.473
 10
-333824.4920000001
 20
-27907.414
 10
-333821.378
 20
-27903.475
 10
-333816.023
 20
-27907.522
 10
-333816.8980000001
 20
-27908.786
 10
-333813.8290000001
 20
-27910.991
 10
-333817.501
 20
-27915.526
 10
-333823.8840000001
 20
-27910.847
 10
-333825.074
 20
-27912.494
  0
LWPOLYLINE
  5
5BD
330
17
100
AcDbEntity
  8
EB-BASE-STRUCTURES
100
AcDbPolyline
 90
3
 70
0
 10
-333819.582
 20
-27901.889
 10
-333820.3840000001
 20
-27903.401
 10
-333822.788
 20
-27901.984
  0
LWPOLYLINE
  5
5BE
330
17
100
AcDbEntity
  8
EB-BASE-STRUCTURES
100
AcDbPolyline
 90
4
 70
0
 10
-333839.648
 20
-27888.884
 10
-333840.596
 20
-27890.634
 10
-333837.2260000001
 20
-27892.568
 10
-333836.028
 20
-27890.457
  0
LWPOLYLINE
  5
5BF
330
17
100
AcDbEntity
  8
EB-BASE-STRUCTURES
100
AcDbPolyline
 90
4
 70
0
 10
-333836.028
 20
-27890.457
 10
-333835.508
 20
-27889.538
 10
-333838.9650000001
 20
-27887.712
 10
-333839.648
 20
-27888.884
  0
LWPOLYLINE
  5
5C0
330
17
100
AcDbEntity
  8
EB-BASE-STRUCTURES
100
AcDbPolyline
 90
2
 70
0
 10
-333817.2630000001
 20
-27898.68
 10
-333815.6440000001
 20
-27896.599
  0
LWPOLYLINE
  5
5C1
330
17
100
AcDbEntity
  8
EB-BASE-STRUCTURES
100
AcDbPolyline
 90
4
 70
0
 10
-333815.6440000001
 20
-27896.599
 10
-333817.909
 20
-27895.068
 10
-333819.631
 20
-27897.328
 10
-333817.2630000001
 20
-27898.68
  0
LWPOLYLINE
  5
5C2
330
17
100
AcDbEntity
  8
EB-BASE-STRUCTURES
100
AcDbPolyline
 90
4
 70
0
 10
-333813.691
 20
-27900.182
 10
-333811.904
 20
-27896.976
 10
-333809.0740000001
 20
-27898.412
 10
-333810.681
 20
-27901.448
  0
LWPOLYLINE
  5
5C3
330
17
100
AcDbEntity
  8
EB-BASE-STRUCTURES
100
AcDbPolyline
 90
4
 70
0
 10
-333810.681
 20
-27901.448
 10
-333811.704
 20
-27903.219
 10
-333814.494
 20
-27901.624
 10
-333813.691
 20
-27900.182
  0
LWPOLYLINE
  5
5C4
330
17
100
AcDbEntity
  8
EB-BASE-STRUCTURES
100
AcDbPolyline
 90
2
 70
0
 10
-333898.2340000001
 20
-27994.466
 10
-333891.007
 20
-27982.916
  0
LWPOLYLINE
  5
5C5
330
17
100
AcDbEntity
  8
EB-BASE-STRUCTURES
100
AcDbPolyline
 90
4
 70
0
 10
-333885.615
 20
-27985.226
 10
-333886.219
 20
-27986.055
 10
-333879.348
 20
-27990.479
 10
-333884.946
 20
-27999.88
  0
LWPOLYLINE
  5
5C6
330
17
100
AcDbEntity
  8
EB-BASE-STRUCTURES
100
AcDbPolyline
 90
4
 70
0
 10
-333891.007
 20
-27982.916
 10
-333887.7650000001
 20
-27985.069
 10
-333887.16
 20
-27984.127
 10
-333885.615
 20
-27985.226
  0
LWPOLYLINE
  5
5C7
330
17
100
AcDbEntity
  8
EB-BASE-STRUCTURES
100
AcDbPolyline
 90
2
 70
0
 10
-333896.006
 20
-27958.81
 10
-333881.79
 20
-27968.551
  0
LWPOLYLINE
  5
5C8
330
17
100
AcDbEntity
  8
EB-BASE-STRUCTURES
100
AcDbPolyline
 90
4
 70
0
 10
-333918.5620000001
 20
-27977.81500000001
 10
-333901.12
 20
-27989.852
 10
-333899.336
 20
-27987.334
 10
-333895.849
 20
-27989.782
  0
LWPOLYLINE
  5
5C9
330
17
100
AcDbEntity
  8
EB-BASE-STRUCTURES
100
AcDbPolyline
 90
4
 70
0
 10
-333933.219
 20
-27935.345
 10
-333940.1220000001
 20
-27952.047
 10
-333938.6060000001
 20
-27952.943
 10
-333944.9920000001
 20
-27962.211
  0
LWPOLYLINE
  5
5CA
330
17
100
AcDbEntity
  8
EB-BASE-STRUCTURES
100
AcDbPolyline
 90
3
 70
0
 10
-333955.422
 20
-27935.815
 10
-333955.067
 20
-27936.306
 10
-333963.0080000001
 20
-27949.702
  0
LWPOLYLINE
  5
5CB
330
17
100
AcDbEntity
  8
EB-BASE-STRUCTURES
100
AcDbPolyline
 90
3
 70
0
 10
-333945.7390000001
 20
-27952.188
 10
-333946.211
 20
-27951.872
 10
-333944.864
 20
-27949.156
  0
LWPOLYLINE
  5
5CC
330
17
100
AcDbEntity
  8
EB-BASE-STRUCTURES
100
AcDbPolyline
 90
8
 70
0
 10
-333962.576
 20
-27932.642
 10
-333960.5080000001
 20
-27933.694
 10
-333960.73
 20
-27934.426
 10
-333958.822
 20
-27935.89
 10
-333957.804
 20
-27933.567
 10
-333956.723
 20
-27930.288
 10
-333954.083
 20
-27930.861
 10
-333956.433
 20
-27937.519
  0
LWPOLYLINE
  5
5CD
330
17
100
AcDbEntity
  8
EB-BASE-STRUCTURES
100
AcDbPolyline
 90
3
 70
0
 10
-333956.433
 20
-27937.519
 10
-333957.088
 20
-27937.196
 10
-333964.311
 20
-27948.877
  0
LWPOLYLINE
  5
5CE
330
17
100
AcDbEntity
  8
EB-BASE-STRUCTURES
100
AcDbPolyline
 90
4
 70
0
 10
-333965.862
 20
-27939.672
 10
-333965.53
 20
-27939.806
 10
-333964.512
 20
-27937.928
 10
-333964.939
 20
-27937.697
  0
LWPOLYLINE
  5
5CF
330
17
100
AcDbEntity
  8
EB-BASE-STRUCTURES
100
AcDbPolyline
 90
2
 70
0
 10
-333973.4920000001
 20
-27925.0
 10
-333961.777
 20
-27930.933
  0
LWPOLYLINE
  5
5D0
330
17
100
AcDbEntity
  8
EB-BASE-STRUCTURES
100
AcDbPolyline
 90
2
 70
0
 10
-333966.409
 20
-27910.015
 10
-333954.528
 20
-27915.483
  0
LWPOLYLINE
  5
5D1
330
17
100
AcDbEntity
  8
EB-BASE-STRUCTURES
100
AcDbPolyline
 90
6
 70
0
 10
-333970.1340000001
 20
-27917.87
 10
-333969.1980000001
 20
-27918.255
 10
-333971.0470000001
 20
-27922.411
 10
-333960.942
 20
-27927.12
 10
-333959.125
 20
-27922.931
 10
-333958.159
 20
-27923.286
  0
LWPOLYLINE
  5
5D2
330
17
100
AcDbEntity
  8
EB-BASE-STRUCTURES
100
AcDbPolyline
 90
5
 70
0
 10
-333936.245
 20
-27918.349
 10
-333947.6130000001
 20
-27915.075
 10
-333950.681
 20
-27923.192
 10
-333946.547
 20
-27924.784
 10
-333946.719
 20
-27925.329
  0
LWPOLYLINE
  5
5D3
330
17
100
AcDbEntity
  8
EB-BASE-STRUCTURES
100
AcDbPolyline
 90
3
 70
0
 10
-333942.6490000001
 20
-27926.765
 10
-333942.508
 20
-27926.216
 10
-333939.243
 20
-27927.338
  0
LWPOLYLINE
  5
5D4
330
17
100
AcDbEntity
  8
EB-BASE-STRUCTURES
100
AcDbPolyline
 90
3
 70
0
 10
-333973.4920000001
 20
-27925.0
 10
-333978.492
 20
-27922.602
 10
-333976.9110000001
 20
-27919.64
  0
LWPOLYLINE
  5
5D5
330
17
100
AcDbEntity
  8
EB-BASE-STRUCTURES
100
AcDbPolyline
 90
10
 70
0
 10
-333961.805
 20
-27907.868
 10
-333958.281
 20
-27909.77900000001
 10
-333957.016
 20
-27907.279
 10
-333954.2590000001
 20
-27908.61
 10
-333952.992
 20
-27905.605
 10
-333952.559
 20
-27905.804
 10
-333952.0870000001
 20
-27904.558
 10
-333953.052
 20
-27904.122
 10
-333953.545
 20
-27905.039
 10
-333955.4730000001
 20
-27904.027
  0
LWPOLYLINE
  5
5D6
330
17
100
AcDbEntity
  8
EB-BASE-STRUCTURES
100
AcDbPolyline
 90
2
 70
0
 10
-333944.088
 20
-27901.094
 10
-333948.966
 20
-27899.566
  0
LWPOLYLINE
  5
5D7
330
17
100
AcDbEntity
  8
EB-BASE-STRUCTURES
100
AcDbPolyline
 90
4
 70
0
 10
-333948.538
 20
-27907.999
 10
-333949.294
 20
-27909.941
 10
-333951.727
 20
-27908.772
 10
-333953.327
 20
-27912.334
  0
LWPOLYLINE
  5
5D8
330
17
100
AcDbEntity
  8
EB-BASE-STRUCTURES
100
AcDbPolyline
 90
2
 70
0
 10
-333943.052
 20
-27901.589
 10
-333947.1080000001
 20
-27910.846
  0
LWPOLYLINE
  5
5D9
330
17
100
AcDbEntity
  8
EB-BASE-STRUCTURES
100
AcDbPolyline
 90
5
 70
0
 10
-333947.0300000001
 20
-27915.047
 10
-333946.515
 20
-27914.017
 10
-333947.672
 20
-27913.528
 10
-333947.184
 20
-27912.653
 10
-333945.45
 20
-27913.406
  0
LWPOLYLINE
  5
5DA
330
17
100
AcDbEntity
  8
EB-BASE-STRUCTURES
100
AcDbPolyline
 90
4
 70
0
 10
-333961.7480000001
 20
-27900.771
 10
-333960.791
 20
-27898.686
 10
-333968.377
 20
-27895.24
 10
-333966.566
 20
-27891.101
  0
LWPOLYLINE
  5
5DB
330
17
100
AcDbEntity
  8
EB-BASE-STRUCTURES
100
AcDbPolyline
 90
2
 70
0
 10
-333955.8890000001
 20
-27878.14
 10
-333959.3730000001
 20
-27884.255
  0
LWPOLYLINE
  5
5DC
330
17
100
AcDbEntity
  8
EB-BASE-STRUCTURES
100
AcDbPolyline
 90
2
 70
0
 10
-333961.153
 20
-27883.389
 10
-333964.377
 20
-27889.783
  0
LWPOLYLINE
  5
5DD
330
17
100
AcDbEntity
  8
EB-BASE-STRUCTURES
100
AcDbPolyline
 90
2
 70
0
 10
-333939.352
 20
-27893.21
 10
-333942.3780000001
 20
-27899.644
  0
LWPOLYLINE
  5
5DE
330
17
100
AcDbEntity
  8
EB-BASE-STRUCTURES
100
AcDbPolyline
 90
5
 70
0
 10
-333945.354
 20
-27892.21
 10
-333943.829
 20
-27892.973
 10
-333944.406
 20
-27894.008
 10
-333945.1990000001
 20
-27893.719
 10
-333947.227
 20
-27897.528
  0
LWPOLYLINE
  5
5DF
330
17
100
AcDbEntity
  8
EB-BASE-STRUCTURES
100
AcDbPolyline
 90
2
 70
0
 10
-333935.061
 20
-27895.286
 10
-333932.0900000001
 20
-27888.969
  0
LWPOLYLINE
  5
5E0
330
17
100
AcDbEntity
  8
EB-BASE-STRUCTURES
100
AcDbPolyline
 90
2
 70
0
 10
-333929.8380000001
 20
-27890.977
 10
-333924.4890000001
 20
-27893.515
  0
LWPOLYLINE
  5
5E1
330
17
100
AcDbEntity
  8
EB-BASE-STRUCTURES
100
AcDbPolyline
 90
7
 70
0
 10
-333932.087
 20
-27904.376
 10
-333929.966
 20
-27900.011
 10
-333933.54
 20
-27898.49
 10
-333933.745
 20
-27898.901
 10
-333934.361
 20
-27898.737
 10
-333935.4710000001
 20
-27901.532
 10
-333936.104
 20
-27901.284
  0
LWPOLYLINE
  5
5E2
330
17
100
AcDbEntity
  8
EB-BASE-STRUCTURES
100
AcDbPolyline
 90
2
 70
0
 10
-333998.5560000001
 20
-27906.761
 10
-333994.466
 20
-27908.395
  0
LWPOLYLINE
  5
5E3
330
17
100
AcDbEntity
  8
EB-BASE-STRUCTURES
100
AcDbPolyline
 90
4
 70
0
 10
-334002.63
 20
-27916.56
 10
-334001.229
 20
-27917.115
 10
-333997.946
 20
-27909.549
 10
-333998.9720000001
 20
-27909.154
  0
LWPOLYLINE
  5
5E4
330
17
100
AcDbEntity
  8
EB-BASE-STRUCTURES
100
AcDbPolyline
 90
2
 70
0
 10
-334002.0510000001
 20
-27913.139
 10
-334008.442
 20
-27909.911
  0
LWPOLYLINE
  5
5E5
330
17
100
AcDbEntity
  8
EB-BASE-STRUCTURES
100
AcDbPolyline
 90
4
 70
0
 10
-334020.7810000001
 20
-27909.866
 10
-334015.1930000001
 20
-27901.638
 10
-334007.476
 20
-27906.931
 10
-334011.847
 20
-27915.917
  0
LWPOLYLINE
  5
5E6
330
17
100
AcDbEntity
  8
EB-BASE-STRUCTURES
100
AcDbPolyline
 90
8
 70
0
 10
-334030.81
 20
-27898.371
 10
-334030.159
 20
-27897.588
 10
-334027.0580000001
 20
-27899.743
 10
-334026.3400000001
 20
-27898.764
 10
-334022.7330000001
 20
-27901.311
 10
-334023.321
 20
-27902.291
 10
-334020.22
 20
-27904.479
 10
-334023.0050000001
 20
-27908.401
  0
LWPOLYLINE
  5
5E7
330
17
100
AcDbEntity
  8
EB-BASE-STRUCTURES
100
AcDbPolyline
 90
5
 70
0
 10
-333982.297
 20
-27890.551
 10
-333984.257
 20
-27894.183
 10
-333983.907
 20
-27894.446
 10
-333985.396
 20
-27897.28
 10
-333981.5470000001
 20
-27898.869
  0
LWPOLYLINE
  5
5E8
330
17
100
AcDbEntity
  8
EB-BASE-STRUCTURES
100
AcDbPolyline
 90
3
 70
0
 10
-333988.4770000001
 20
-27891.459
 10
-333985.7170000001
 20
-27892.869
 10
-333984.0200000001
 20
-27889.645
  0
LWPOLYLINE
  5
5E9
330
17
100
AcDbEntity
  8
EB-BASE-STRUCTURES
100
AcDbPolyline
 90
14
 70
0
 10
-333977.694
 20
-27869.306
 10
-333981.172
 20
-27867.554
 10
-333983.508
 20
-27872.433
 10
-333984.2100000001
 20
-27872.047
 10
-333982.805
 20
-27867.282
 10
-333986.806
 20
-27865.761
 10
-333988.858
 20
-27872.433
 10
-333984.4590000001
 20
-27874.475
 10
-333984.697
 20
-27874.952
 10
-333988.778
 20
-27872.909
 10
-333997.0320000001
 20
-27888.114
 10
-333989.787
 20
-27891.926
 10
-333981.599
 20
-27876.449
 10
-333981.011
 20
-27876.686
  0
LWPOLYLINE
  5
5EA
330
17
100
AcDbEntity
  8
EB-BASE-STRUCTURES
100
AcDbPolyline
 90
5
 70
0
 10
-334049.351
 20
-27868.813
 10
-334049.514
 20
-27869.103
 10
-334023.127
 20
-27884.977
 10
-334031.415
 20
-27897.847
 10
-334031.152
 20
-27898.074
  0
LWPOLYLINE
  5
5EB
330
17
100
AcDbEntity
  8
EB-BASE-STRUCTURES
100
AcDbPolyline
 90
3
 70
0
 10
-334034.1720000001
 20
-27900.773
 10
-334033.5520000001
 20
-27899.873
 10
-334062.351
 20
-27882.248
  0
LWPOLYLINE
  5
5EC
330
17
100
AcDbEntity
  8
EB-BASE-STRUCTURES
100
AcDbPolyline
 90
2
 70
0
 10
-333995.183
 20
-27875.77
 10
-333999.219
 20
-27873.954
  0
LWPOLYLINE
  5
5ED
330
17
100
AcDbEntity
  8
EB-BASE-STRUCTURES
100
AcDbPolyline
 90
4
 70
0
 10
-333999.219
 20
-27873.954
 10
-334000.987
 20
-27878.243
 10
-333997.1780000001
 20
-27880.445
 10
-333995.183
 20
-27875.77
  0
LWPOLYLINE
  5
5EE
330
17
100
AcDbEntity
  8
EB-BASE-STRUCTURES
100
AcDbPolyline
 90
7
 70
0
 10
-334013.063
 20
-27850.604
 10
-334013.685
 20
-27850.402
 10
-334019.719
 20
-27867.466
 10
-334013.369
 20
-27871.137
 10
-334008.401
 20
-27856.919
 10
-334001.012
 20
-27859.001
 10
-333999.602
 20
-27854.479
  0
LWPOLYLINE
  5
5EF
330
17
100
AcDbEntity
  8
EB-BASE-STRUCTURES
100
AcDbPolyline
 90
6
 70
0
 10
-333993.3790000001
 20
-27845.573
 10
-333994.16
 20
-27849.161
 10
-334008.153
 20
-27846.142
 10
-334008.661
 20
-27848.563
 10
-334009.975
 20
-27848.294
 10
-334009.077
 20
-27843.29
  0
LWPOLYLINE
  5
5F0
330
17
100
AcDbEntity
  8
EB-BASE-STRUCTURES
100
AcDbPolyline
 90
6
 70
0
 10
-334006.0430000001
 20
-27835.888
 10
-334005.625
 20
-27833.84
 10
-334003.9110000001
 20
-27834.213
 10
-334004.3
 20
-27836.246
 10
-333991.934
 20
-27838.936
 10
-333992.6120000001
 20
-27842.05
  0
LWPOLYLINE
  5
5F1
330
17
100
AcDbEntity
  8
EB-BASE-STRUCTURES
100
AcDbPolyline
 90
7
 70
0
 10
-333987.284
 20
-27832.007
 10
-333986.3730000001
 20
-27828.801
 10
-333984.195
 20
-27824.266
 10
-333990.6300000001
 20
-27821.579
 10
-333990.14
 20
-27820.424
 10
-333995.3190000001
 20
-27818.113
 10
-333999.0
 20
-27827.132
  0
LWPOLYLINE
  5
5F2
330
17
100
AcDbEntity
  8
EB-BASE-STRUCTURES
100
AcDbPolyline
 90
2
 70
0
 10
-334028.8620000001
 20
-27862.115
 10
-334025.111
 20
-27856.098
  0
LWPOLYLINE
  5
5F3
330
17
100
AcDbEntity
  8
EB-BASE-STRUCTURES
100
AcDbPolyline
 90
6
 70
0
 10
-334025.111
 20
-27856.098
 10
-334026.049
 20
-27855.573
 10
-334026.628
 20
-27856.484
 10
-334040.954
 20
-27847.763
 10
-334043.904
 20
-27852.924
 10
-334028.8620000001
 20
-27862.115
  0
LWPOLYLINE
  5
5F4
330
17
100
AcDbEntity
  8
EB-BASE-STRUCTURES
100
AcDbPolyline
 90
8
 70
0
 10
-334066.799
 20
-27879.755
 10
-334066.5050000001
 20
-27879.435
 10
-334065.47
 20
-27879.906
 10
-334061.833
 20
-27872.626
 10
-334062.868
 20
-27872.186
 10
-334057.883
 20
-27862.269
 10
-334067.2420000001
 20
-27857.657
 10
-334067.342
 20
-27857.853
  0
LWPOLYLINE
  5
5F5
330
17
100
AcDbEntity
  8
EB-BASE-STRUCTURES
100
AcDbPolyline
 90
3
 70
0
 10
-334066.5190000001
 20
-27820.413
 10
-334052.7040000001
 20
-27824.013
 10
-334054.136
 20
-27829.558
  0
LWPOLYLINE
  5
5F6
330
17
100
AcDbEntity
  8
EB-BASE-STRUCTURES
100
AcDbPolyline
 90
2
 70
0
 10
-334055.6280000001
 20
-27835.249
 10
-334057.127
 20
-27840.809
  0
LWPOLYLINE
  5
5F7
330
17
100
AcDbEntity
  8
EB-BASE-STRUCTURES
100
AcDbPolyline
 90
3
 70
0
 10
-334002.891
 20
-27805.903
 10
-334022.612
 20
-27799.417
 10
-334013.179
 20
-27771.515
  0
LWPOLYLINE
  5
5F8
330
17
100
AcDbEntity
  8
EB-BASE-STRUCTURES
100
AcDbPolyline
 90
7
 70
0
 10
-334025.168
 20
-27767.479
 10
-334033.397
 20
-27792.036
 10
-334036.245
 20
-27790.958
 10
-334037.4660000001
 20
-27794.431
 10
-334042.36
 20
-27792.826
 10
-334041.3310000001
 20
-27789.808
 10
-334043.532
 20
-27788.966
  0
LWPOLYLINE
  5
5F9
330
17
100
AcDbEntity
  8
EB-BASE-STRUCTURES
100
AcDbPolyline
 90
2
 70
0
 10
-333748.3260000001
 20
-27731.74
 10
-333748.683
 20
-27731.595
  0
LWPOLYLINE
  5
5FA
330
17
100
AcDbEntity
  8
EB-BASE-STRUCTURES
100
AcDbPolyline
 90
2
 70
0
 10
-333827.344
 20
-27579.229
 10
-333823.261
 20
-27580.096
  0
LWPOLYLINE
  5
5FB
330
17
100
AcDbEntity
  8
EB-BASE-STRUCTURES
100
AcDbPolyline
 90
2
 70
0
 10
-333916.7420000001
 20
-27975.099
 10
-333929.3270000001
 20
-27966.776
  0
LWPOLYLINE
  5
5FC
330
17
100
AcDbEntity
  8
EB-BASE-STRUCTURES
100
AcDbPolyline
 90
2
 70
0
 10
-333906.5440000001
 20
-27959.647
 10
-333919.045
 20
-27951.291
  0
LWPOLYLINE
  5
5FD
330
17
100
AcDbEntity
  8
EB-BASE-STRUCTURES
100
AcDbPolyline
 90
4
 70
0
 10
-333766.8750000001
 20
-27576.104
 10
-333770.036
 20
-27580.38
 10
-333772.9250000001
 20
-27578.645
 10
-333769.786
 20
-27574.356
  0
LWPOLYLINE
  5
5FE
330
17
100
AcDbEntity
  8
EB-BASE-STRUCTURES
100
AcDbPolyline
 90
4
 70
0
 10
-333991.909
 20
-27845.867
 10
-333992.393
 20
-27848.11
 10
-333991.4
 20
-27848.352
 10
-333990.353
 20
-27843.999
  0
LWPOLYLINE
  5
5FF
330
17
100
AcDbEntity
  8
EB-BASE-STRUCTURES
100
AcDbPolyline
 90
2
 70
0
 10
-333903.6500000001
 20
-27714.817
 10
-333934.3030000001
 20
-27704.53
  0
LWPOLYLINE
  5
600
330
17
100
AcDbEntity
  8
EB-BASE-STRUCTURES
100
AcDbPolyline
 90
2
 70
0
 10
-333887.354
 20
-27668.335
 10
-333919.8990000001
 20
-27657.54
  0
LWPOLYLINE
  5
601
330
17
100
AcDbEntity
  8
EB-BASE-STRUCTURES
100
AcDbPolyline
 90
6
 70
0
 10
-333863.423
 20
-27610.893
 10
-333860.671
 20
-27611.387
 10
-333860.2820000001
 20
-27609.416
 10
-333855.063
 20
-27610.36
 10
-333854.3360000001
 20
-27606.559
 10
-333862.364
 20
-27605.117
  0
LWPOLYLINE
  5
602
330
17
100
AcDbEntity
  8
EB-BASE-STRUCTURES
100
AcDbPolyline
 90
12
 70
0
 10
-333979.9450000001
 20
-27918.107
 10
-333978.2090000001
 20
-27914.306
 10
-333976.313
 20
-27915.139
 10
-333977.2470000001
 20
-27917.312
 10
-333975.1070000001
 20
-27918.34
 10
-333975.39
 20
-27918.922
 10
-333978.805
 20
-27917.236
 10
-333979.2040000001
 20
-27918.104
 10
-333974.666
 20
-27920.455
 10
-333973.006
 20
-27916.72
 10
-333970.5390000001
 20
-27917.945
 10
-333968.397
 20
-27913.256
  0
LWPOLYLINE
  5
603
330
17
100
AcDbEntity
  8
EB-BASE-STRUCTURES
100
AcDbPolyline
 90
2
 70
0
 10
-333823.706
 20
-27590.995
 10
-333824.629
 20
-27590.873
  0
LWPOLYLINE
  5
604
330
17
100
AcDbEntity
  8
EB-BASE-STRUCTURES
100
AcDbPolyline
 90
3
 70
0
 10
-333824.205
 20
-27589.196
 10
-333821.2
 20
-27589.639
 10
-333821.393
 20
-27591.278
  0
LWPOLYLINE
  5
605
330
17
100
AcDbEntity
  8
EB-BASE-STRUCTURES
100
AcDbPolyline
 90
5
 70
0
 10
-333723.268
 20
-27526.314
 10
-333725.702
 20
-27524.62
 10
-333727.0070000001
 20
-27526.382
 10
-333746.425
 20
-27512.356
 10
-333748.4100000001
 20
-27510.478
  0
LWPOLYLINE
  5
606
330
17
100
AcDbEntity
  8
EB-BASE-STRUCTURES
100
AcDbPolyline
 90
10
 70
0
 10
-333851.5570000001
 20
-27496.761
 10
-333847.7440000001
 20
-27499.466
 10
-333856.609
 20
-27512.304
 10
-333838.95
 20
-27520.419
 10
-333837.508
 20
-27520.514
 10
-333835.529
 20
-27520.24
 10
-333833.04
 20
-27519.11
 10
-333832.262
 20
-27518.529
 10
-333831.496
 20
-27517.673
 10
-333819.9590000001
 20
-27501.022
  0
LWPOLYLINE
  5
607
330
17
100
AcDbEntity
  8
EB-BASE-STRUCTURES
100
AcDbPolyline
 90
2
 70
0
 10
-333647.0480000001
 20
-27551.543
 10
-333635.739
 20
-27563.307
  0
LWPOLYLINE
  5
608
330
17
100
AcDbEntity
  8
EB-BASE-STRUCTURES
100
AcDbPolyline
 90
4
 70
0
 10
-333635.739
 20
-27563.307
 10
-333607.0460000001
 20
-27534.62
 10
-333618.376
 20
-27523.116
 10
-333647.0480000001
 20
-27551.543
  0
LWPOLYLINE
  5
609
330
17
100
AcDbEntity
  8
EB-BASE-STRUCTURES
100
AcDbPolyline
 90
2
 70
0
 10
-333627.6080000001
 20
-27577.821
 10
-333636.0240000001
 20
-27586.362
  0
LWPOLYLINE
  5
60A
330
17
100
AcDbEntity
  8
EB-BASE-STRUCTURES
100
AcDbPolyline
 90
7
 70
0
 10
-333636.0240000001
 20
-27586.362
 10
-333655.2630000001
 20
-27566.998
 10
-333660.07
 20
-27569.867
 10
-333662.852
 20
-27567.111
 10
-333658.939
 20
-27562.973
 10
-333650.467
 20
-27554.912
 10
-333627.6080000001
 20
-27577.821
  0
LWPOLYLINE
  5
60B
330
17
100
AcDbEntity
  8
EB-BASE-STRUCTURES
100
AcDbPolyline
 90
4
 70
0
 10
-333470.8840000001
 20
-27696.461
 10
-333490.035
 20
-27683.351
 10
-333484.5940000001
 20
-27675.215
 10
-333465.81
 20
-27687.514
  0
LWPOLYLINE
  5
60C
330
17
100
AcDbEntity
  8
EB-BASE-STRUCTURES
100
AcDbPolyline
 90
2
 70
0
 10
-333564.191
 20
-27611.874
 10
-333604.129
 20
-27591.059
  0
LWPOLYLINE
  5
60D
330
17
100
AcDbEntity
  8
EB-BASE-STRUCTURES
100
AcDbPolyline
 90
4
 70
0
 10
-333604.129
 20
-27591.059
 10
-333611.583
 20
-27604.525
 10
-333571.054
 20
-27625.445
 10
-333564.191
 20
-27611.874
  0
LWPOLYLINE
  5
60E
330
17
100
AcDbEntity
  8
EB-BASE-STRUCTURES
100
AcDbPolyline
 90
2
 70
0
 10
-333596.537
 20
-27517.722
 10
-333601.556
 20
-27518.205
  0
LWPOLYLINE
  5
60F
330
17
100
AcDbEntity
  8
EB-BASE-STRUCTURES
100
AcDbPolyline
 90
12
 70
0
 10
-333601.556
 20
-27518.205
 10
-333603.3420000001
 20
-27501.553
 10
-333598.178
 20
-27501.094
 10
-333598.202
 20
-27500.574
 10
-333593.087
 20
-27499.922
 10
-333592.942
 20
-27501.214
 10
-333589.2740000001
 20
-27500.901
 10
-333588.864
 20
-27504.935
 10
-333592.966
 20
-27505.335
 10
-333592.435
 20
-27511.784
 10
-333597.0680000001
 20
-27512.232
 10
-333596.537
 20
-27517.722
  0
LWPOLYLINE
  5
610
330
17
100
AcDbEntity
  8
EB-BASE-STRUCTURES
100
AcDbPolyline
 90
3
 70
0
 10
-333638.113
 20
-27508.397
 10
-333650.805
 20
-27517.191
 10
-333642.893
 20
-27527.248
  0
LWPOLYLINE
  5
611
330
17
100
AcDbEntity
  8
EB-BASE-STRUCTURES
100
AcDbPolyline
 90
5
 70
0
 10
-333712.7470000001
 20
-27525.959
 10
-333708.072
 20
-27529.018
 10
-333705.869
 20
-27528.452
 10
-333704.438
 20
-27527.199
 10
-333697.364
 20
-27519.913
  0
LWPOLYLINE
  5
612
330
17
100
AcDbEntity
  8
EB-BASE-STRUCTURES
100
AcDbPolyline
 90
8
 70
0
 10
-333740.828
 20
-27505.268
 10
-333751.745
 20
-27497.22
 10
-333754.611
 20
-27492.882
 10
-333756.201
 20
-27493.991
 10
-333771.184
 20
-27482.832
 10
-333750.614
 20
-27468.926
 10
-333741.172
 20
-27483.292
 10
-333740.9860000001
 20
-27483.174
  0
LWPOLYLINE
  5
613
330
17
100
AcDbEntity
  8
EB-BASE-STRUCTURES
100
AcDbPolyline
 90
4
 70
0
 10
-333697.99
 20
-27488.049
 10
-333721.8400000001
 20
-27503.751
 10
-333752.733
 20
-27456.312
 10
-333728.93
 20
-27440.604
  0
LWPOLYLINE
  5
614
330
17
100
AcDbEntity
  8
EB-BASE-STRUCTURES
100
AcDbPolyline
 90
4
 70
0
 10
-333776.233
 20
-27507.261
 10
-333776.953
 20
-27506.735
 10
-333778.9880000001
 20
-27509.469
 10
-333778.3400000001
 20
-27509.997
  0
LWPOLYLINE
  5
615
330
17
100
AcDbEntity
  8
EB-BASE-STRUCTURES
100
AcDbPolyline
 90
4
 70
0
 10
-333780.338
 20
-27499.207
 10
-333782.811
 20
-27502.609
 10
-333779.294
 20
-27505.201
 10
-333776.816
 20
-27501.747
  0
LWPOLYLINE
  5
616
330
17
100
AcDbEntity
  8
EB-BASE-STRUCTURES
100
AcDbPolyline
 90
4
 70
0
 10
-333786.126
 20
-27500.26
 10
-333785.267
 20
-27500.963
 10
-333787.5240000001
 20
-27503.781
 10
-333788.374
 20
-27503.1
  0
LWPOLYLINE
  5
617
330
17
100
AcDbEntity
  8
EB-BASE-STRUCTURES
100
AcDbPolyline
 90
3
 70
0
 10
-333774.3130000001
 20
-27518.58
 10
-333769.946
 20
-27512.648
 10
-333776.3300000001
 20
-27507.387
  0
LWPOLYLINE
  5
618
330
17
100
AcDbEntity
  8
EB-BASE-STRUCTURES
100
AcDbPolyline
 90
5
 70
0
 10
-333816.153
 20
-27531.156
 10
-333813.813
 20
-27527.138
 10
-333807.4670000001
 20
-27530.016
 10
-333805.9260000001
 20
-27526.989
 10
-333817.7690000001
 20
-27518.22600000001
  0
LWPOLYLINE
  5
619
330
17
100
AcDbEntity
  8
EB-BASE-STRUCTURES
100
AcDbPolyline
 90
6
 70
0
 10
-333801.9110000001
 20
-27521.477
 10
-333802.8990000001
 20
-27523.56
 10
-333809.994
 20
-27518.638
 10
-333809.3790000001
 20
-27517.843
 10
-333807.784
 20
-27518.984
 10
-333806.8790000001
 20
-27517.778
  0
LWPOLYLINE
  5
61A
330
17
100
AcDbEntity
  8
EB-BASE-STRUCTURES
100
AcDbPolyline
 90
6
 70
0
 10
-333814.664
 20
-27514.022
 10
-333813.499
 20
-27514.819
 10
-333813.75
 20
-27515.197
 10
-333812.088
 20
-27516.348
 10
-333812.532
 20
-27516.91
 10
-333815.396
 20
-27515.007
  0
LWPOLYLINE
  5
61B
330
17
100
AcDbEntity
  8
EB-BASE-STRUCTURES
100
AcDbPolyline
 90
7
 70
0
 10
-333779.375
 20
-27531.357
 10
-333779.249
 20
-27525.382
 10
-333781.538
 20
-27524.488
 10
-333781.113
 20
-27521.815
 10
-333778.925
 20
-27522.91
 10
-333778.914
 20
-27524.461
 10
-333775.904
 20
-27525.066
  0
LWPOLYLINE
  5
61C
330
17
100
AcDbEntity
  8
EB-BASE-STRUCTURES
100
AcDbPolyline
 90
4
 70
0
 10
-333780.791
 20
-27530.741
 10
-333780.709
 20
-27528.249
 10
-333782.641
 20
-27527.602
 10
-333783.066
 20
-27529.751
  0
LWPOLYLINE
  5
61D
330
17
100
AcDbEntity
  8
EB-BASE-STRUCTURES
100
AcDbPolyline
 90
3
 70
0
 10
-333782.835
 20
-27519.943
 10
-333786.653
 20
-27525.905
 10
-333789.722
 20
-27523.994
  0
LWPOLYLINE
  5
61E
330
17
100
AcDbEntity
  8
EB-BASE-STRUCTURES
100
AcDbPolyline
 90
4
 70
0
 10
-333747.768
 20
-27550.514
 10
-333747.405
 20
-27550.756
 10
-333749.3360000001
 20
-27554.671
 10
-333750.209
 20
-27554.052
  0
LWPOLYLINE
  5
61F
330
17
100
AcDbEntity
  8
EB-BASE-STRUCTURES
100
AcDbPolyline
 90
8
 70
0
 10
-333723.777
 20
-27540.009
 10
-333723.9610000001
 20
-27540.25
 10
-333726.235
 20
-27538.534
 10
-333728.592
 20
-27541.799
 10
-333725.33
 20
-27544.111
 10
-333724.651
 20
-27543.247
 10
-333722.544
 20
-27544.778
 10
-333720.614
 20
-27542.311
  0
LWPOLYLINE
  5
620
330
17
100
AcDbEntity
  8
EB-BASE-STRUCTURES
100
AcDbPolyline
 90
4
 70
0
 10
-333733.6350000001
 20
-27542.191
 10
-333733.075
 20
-27542.614
 10
-333731.123
 20
-27539.91
 10
-333731.695
 20
-27539.467
  0
LWPOLYLINE
  5
621
330
17
100
AcDbEntity
  8
EB-BASE-STRUCTURES
100
AcDbPolyline
 90
2
 70
0
 10
-333721.686
 20
-27537.151
 10
-333723.777
 20
-27540.009
  0
LWPOLYLINE
  5
622
330
17
100
AcDbEntity
  8
EB-BASE-STRUCTURES
100
AcDbPolyline
 90
4
 70
0
 10
-333726.082
 20
-27538.311
 10
-333722.267
 20
-27532.999
 10
-333719.8410000001
 20
-27534.63
 10
-333720.529
 20
-27535.57
  0
LWPOLYLINE
  5
623
330
17
100
AcDbEntity
  8
EB-BASE-STRUCTURES
100
AcDbPolyline
 90
2
 70
0
 10
-333675.1020000001
 20
-27560.821
 10
-333674.4590000001
 20
-27563.321
  0
LWPOLYLINE
  5
624
330
17
100
AcDbEntity
  8
EB-BASE-STRUCTURES
100
AcDbPolyline
 90
2
 70
0
 10
-333492.4340000001
 20
-27659.915
 10
-333495.039
 20
-27658.367
  0
LWPOLYLINE
  5
625
330
17
100
AcDbEntity
  8
EB-BASE-STRUCTURES
100
AcDbPolyline
 90
14
 70
0
 10
-333495.039
 20
-27658.367
 10
-333497.1820000001
 20
-27662.019
 10
-333502.895
 20
-27658.407
 10
-333501.654
 20
-27656.293
 10
-333504.749
 20
-27654.342
 10
-333506.0390000001
 20
-27656.423
 10
-333508.039
 20
-27655.197
 10
-333514.298
 20
-27665.931
 10
-333500.5810000001
 20
-27673.964
 10
-333502.7590000001
 20
-27677.714
 10
-333495.572
 20
-27681.839
 10
-333482.67
 20
-27659.516
 10
-333489.761
 20
-27655.35100000001
 10
-333492.4340000001
 20
-27659.915
  0
LWPOLYLINE
  5
626
330
17
100
AcDbEntity
  8
EB-BASE-STRUCTURES
100
AcDbPolyline
 90
4
 70
0
 10
-333506.723
 20
-27682.254
 10
-333505.1180000001
 20
-27680.142
 10
-333507.115
 20
-27678.447
 10
-333508.825
 20
-27680.648
  0
LWPOLYLINE
  5
627
330
17
100
AcDbEntity
  8
EB-BASE-STRUCTURES
100
AcDbPolyline
 90
2
 70
0
 10
-333520.203
 20
-27640.602
 10
-333524.268
 20
-27640.673
  0
LWPOLYLINE
  5
628
330
17
100
AcDbEntity
  8
EB-BASE-STRUCTURES
100
AcDbPolyline
 90
4
 70
0
 10
-333524.268
 20
-27640.673
 10
-333524.39
 20
-27635.765
 10
-333520.309
 20
-27635.421
 10
-333520.203
 20
-27640.602
  0
LWPOLYLINE
  5
629
330
17
100
AcDbEntity
  8
EB-BASE-STRUCTURES
100
AcDbPolyline
 90
2
 70
0
 10
-333532.772
 20
-27640.759
 10
-333529.556
 20
-27640.726
  0
LWPOLYLINE
  5
62A
330
17
100
AcDbEntity
  8
EB-BASE-STRUCTURES
100
AcDbPolyline
 90
4
 70
0
 10
-333529.556
 20
-27640.726
 10
-333529.3700000001
 20
-27644.054
 10
-333532.7390000001
 20
-27643.879
 10
-333532.772
 20
-27640.759
  0
LWPOLYLINE
  5
62B
330
17
100
AcDbEntity
  8
EB-BASE-STRUCTURES
100
AcDbPolyline
 90
2
 70
0
 10
-333851.5570000001
 20
-27496.761
 10
-333860.9980000001
 20
-27510.287
  0
LWPOLYLINE
  5
62C
330
17
100
AcDbEntity
  8
EB-BASE-STRUCTURES
100
AcDbPolyline
 90
4
 70
0
 10
-333860.9980000001
 20
-27510.287
 10
-333876.1880000001
 20
-27503.307
 10
-333865.545
 20
-27486.402
 10
-333851.5570000001
 20
-27496.761
  0
LWPOLYLINE
  5
62D
330
17
100
AcDbEntity
  8
EB-BASE-STRUCTURES
100
AcDbPolyline
 90
2
 70
0
 10
-333552.109
 20
-27520.114
 10
-333543.323
 20
-27535.064
  0
LWPOLYLINE
  5
62E
330
17
100
AcDbEntity
  8
EB-BASE-STRUCTURES
100
AcDbPolyline
 90
10
 70
0
 10
-333543.323
 20
-27535.064
 10
-333577.697
 20
-27555.507
 10
-333552.1720000001
 20
-27602.329
 10
-333491.592
 20
-27565.528
 10
-333473.32
 20
-27596.188
 10
-333432.32
 20
-27571.337
 10
-333450.4700000001
 20
-27541.171
 10
-333442.1930000001
 20
-27536.144
 10
-333478.0130000001
 20
-27476.359
 10
-333552.109
 20
-27520.114
  0
LWPOLYLINE
  5
62F
330
17
100
AcDbEntity
  8
EB-BASE-STRUCTURES
100
AcDbPolyline
 90
5
 70
0
 10
-333675.1250000001
 20
-27680.091
 10
-333673.9510000001
 20
-27676.041
 10
-333665.485
 20
-27678.55
 10
-333664.0900000001
 20
-27673.635
 10
-333651.417
 20
-27677.328
  0
LWPOLYLINE
  5
630
330
17
100
AcDbEntity
  8
EB-BASE-STRUCTURES
100
AcDbPolyline
 90
2
 70
0
 10
-333632.8620000001
 20
-27663.992
 10
-333671.36
 20
-27652.901
  0
LWPOLYLINE
  5
631
330
17
100
AcDbEntity
  8
EB-BASE-STRUCTURES
100
AcDbPolyline
 90
4
 70
0
 10
-333595.972
 20
-27651.631
 10
-333597.163
 20
-27655.85
 10
-333583.322
 20
-27659.983
 10
-333582.0460000001
 20
-27655.676
  0
LWPOLYLINE
  5
632
330
17
100
AcDbEntity
  8
EB-BASE-STRUCTURES
100
AcDbPolyline
 90
15
 70
0
 10
-333632.0050000001
 20
-27708.251
 10
-333630.118
 20
-27702.169
 10
-333633.768
 20
-27701.047
 10
-333629.4700000001
 20
-27686.637
 10
-333633.799
 20
-27685.342
 10
-333633.321
 20
-27683.627
 10
-333629.0120000001
 20
-27684.923
 10
-333628.3950000001
 20
-27682.969
 10
-333632.683
 20
-27681.674
 10
-333631.549
 20
-27677.748
 10
-333629.2800000001
 20
-27678.426
 10
-333630.0470000001
 20
-27681.456
 10
-333628.0960000001
 20
-27682.134
 10
-333623.48
 20
-27666.687
 10
-333632.8620000001
 20
-27663.992
  0
LWPOLYLINE
  5
633
330
17
100
AcDbEntity
  8
EB-BASE-STRUCTURES
100
AcDbPolyline
 90
10
 70
0
 10
-333623.2900000001
 20
-27710.88
 10
-333630.398
 20
-27734.291
 10
-333630.936
 20
-27734.274
 10
-333632.159
 20
-27738.473
 10
-333635.659
 20
-27737.493
 10
-333638.1390000001
 20
-27745.725
 10
-333721.375
 20
-27721.155
 10
-333717.4430000001
 20
-27709.05
 10
-333704.5740000001
 20
-27712.971
 10
-333701.7750000001
 20
-27703.763
  0
LWPOLYLINE
  5
634
330
17
100
AcDbEntity
  8
EB-BASE-STRUCTURES
100
AcDbPolyline
 90
4
 70
0
 10
-333636.5410000001
 20
-27722.717
 10
-333639.2590000001
 20
-27731.766
 10
-333647.234
 20
-27729.345
 10
-333644.475
 20
-27720.344
  0
LWPOLYLINE
  5
635
330
17
100
AcDbEntity
  8
EB-BASE-STRUCTURES
100
AcDbPolyline
 90
2
 70
0
 10
-333681.701
 20
-27734.502
 10
-333678.148
 20
-27735.501
  0
LWPOLYLINE
  5
636
330
17
100
AcDbEntity
  8
EB-BASE-STRUCTURES
100
AcDbPolyline
 90
4
 70
0
 10
-333678.148
 20
-27735.501
 10
-333680.133
 20
-27742.094
 10
-333683.675
 20
-27741.03
 10
-333681.701
 20
-27734.502
  0
LWPOLYLINE
  5
637
330
17
100
AcDbEntity
  8
EB-BASE-STRUCTURES
100
AcDbPolyline
 90
2
 70
0
 10
-333611.076
 20
-27778.538
 10
-333611.8540000001
 20
-27768.303
  0
LWPOLYLINE
  5
638
330
17
100
AcDbEntity
  8
EB-BASE-STRUCTURES
100
AcDbPolyline
 90
4
 70
0
 10
-333611.8540000001
 20
-27768.303
 10
-333606.7110000001
 20
-27767.951
 10
-333606.0140000001
 20
-27778.417
 10
-333611.076
 20
-27778.538
  0
LWPOLYLINE
  5
639
330
17
100
AcDbEntity
  8
EB-BASE-STRUCTURES
100
AcDbPolyline
 90
2
 70
0
 10
-333566.789
 20
-27718.897
 10
-333563.5960000001
 20
-27718.533
  0
LWPOLYLINE
  5
63A
330
17
100
AcDbEntity
  8
EB-BASE-STRUCTURES
100
AcDbPolyline
 90
6
 70
0
 10
-333563.5960000001
 20
-27718.533
 10
-333563.475
 20
-27726.927
 10
-333555.8240000001
 20
-27726.18
 10
-333555.441
 20
-27731.375
 10
-333565.609
 20
-27732.192
 10
-333566.789
 20
-27718.897
  0
LWPOLYLINE
  5
63B
330
17
100
AcDbEntity
  8
EB-BASE-STRUCTURES
100
AcDbPolyline
 90
20
 70
0
 10
-333591.485
 20
-27772.651
 10
-333591.509
 20
-27772.208
 10
-333557.009
 20
-27769.877
 10
-333556.9820000001
 20
-27770.485
 10
-333545.8420000001
 20
-27769.863
 10
-333545.87
 20
-27769.186
 10
-333514.388
 20
-27767.168
 10
-333515.298
 20
-27751.823
 10
-333510.086
 20
-27751.256
 10
-333510.6440000001
 20
-27746.197
 10
-333530.7240000001
 20
-27747.759
 10
-333531.551
 20
-27737.184
 10
-333565.19
 20
-27739.972
 10
-333564.444
 20
-27749.608
 10
-333573.277
 20
-27750.079
 10
-333573.733
 20
-27744.883
 10
-333588.846
 20
-27746.015
 10
-333588.455
 20
-27751.09
 10
-333603.347
 20
-27752.238
 10
-333602.092
 20
-27769.038
  0
LWPOLYLINE
  5
63C
330
17
100
AcDbEntity
  8
EB-BASE-STRUCTURES
100
AcDbPolyline
 90
2
 70
0
 10
-333557.8990000001
 20
-27822.661
 10
-333507.518
 20
-27854.321
  0
LWPOLYLINE
  5
63D
330
17
100
AcDbEntity
  8
EB-BASE-STRUCTURES
100
AcDbPolyline
 90
6
 70
0
 10
-333507.518
 20
-27854.321
 10
-333465.89
 20
-27788.247
 10
-333499.441
 20
-27767.014
 10
-333508.8800000001
 20
-27781.955
 10
-333535.501
 20
-27786.874
 10
-333557.8990000001
 20
-27822.661
  0
LWPOLYLINE
  5
63E
330
17
100
AcDbEntity
  8
EB-BASE-STRUCTURES
100
AcDbPolyline
 90
7
 70
0
 10
-333460.021
 20
-27854.804
 10
-333481.637
 20
-27841.566
 10
-333493.7930000001
 20
-27861.231
 10
-333476.7360000001
 20
-27866.708
 10
-333471.364
 20
-27861.623
 10
-333469.1280000001
 20
-27857.978
 10
-333465.268
 20
-27860.684
  0
LWPOLYLINE
  5
63F
330
17
100
AcDbEntity
  8
EB-BASE-STRUCTURES
100
AcDbPolyline
 90
3
 70
0
 10
-333470.767
 20
-27922.42
 10
-333500.824
 20
-27911.956
 10
-333501.659
 20
-27912.726
  0
LWPOLYLINE
  5
640
330
17
100
AcDbEntity
  8
EB-BASE-STRUCTURES
100
AcDbPolyline
 90
2
 70
0
 10
-333507.436
 20
-27919.898
 10
-333489.8510000001
 20
-27926.034
  0
LWPOLYLINE
  5
641
330
17
100
AcDbEntity
  8
EB-BASE-STRUCTURES
100
AcDbPolyline
 90
3
 70
0
 10
-333525.399
 20
-27956.492
 10
-333528.0700000001
 20
-27963.869
 10
-333529.354
 20
-27963.426
  0
LWPOLYLINE
  5
642
330
17
100
AcDbEntity
  8
EB-BASE-STRUCTURES
100
AcDbPolyline
 90
2
 70
0
 10
-333562.077
 20
-27964.796
 10
-333561.386
 20
-27966.109
  0
LWPOLYLINE
  5
643
330
17
100
AcDbEntity
  8
EB-BASE-STRUCTURES
100
AcDbPolyline
 90
2
 70
0
 10
-333709.072
 20
-27857.949
 10
-333705.198
 20
-27860.037
  0
LWPOLYLINE
  5
644
330
17
100
AcDbEntity
  8
EB-BASE-STRUCTURES
100
AcDbPolyline
 90
5
 70
0
 10
-333708.455
 20
-27840.351
 10
-333710.6690000001
 20
-27845.982
 10
-333703.843
 20
-27848.652
 10
-333709.3380000001
 20
-27857.816
 10
-333709.072
 20
-27857.949
  0
LWPOLYLINE
  5
645
330
17
100
AcDbEntity
  8
EB-BASE-STRUCTURES
100
AcDbPolyline
 90
5
 70
0
 10
-333457.589
 20
-27760.082
 10
-333468.946
 20
-27775.555
 10
-333489.615
 20
-27760.385
 10
-333483.122
 20
-27751.539
 10
-333486.441
 20
-27749.161
  0
LWPOLYLINE
  5
646
330
17
100
AcDbEntity
  8
EB-BASE-STRUCTURES
100
AcDbPolyline
 90
2
 70
0
 10
-333507.436
 20
-27919.898
 10
-333529.4260000001
 20
-27912.66
  0
LWPOLYLINE
  5
647
330
17
100
AcDbEntity
  8
EB-BASE-STRUCTURES
100
AcDbPolyline
 90
2
 70
0
 10
-333670.13
 20
-27863.695
 10
-333673.4860000001
 20
-27861.566
  0
LWPOLYLINE
  5
648
330
17
100
AcDbEntity
  8
EB-BASE-STRUCTURES
100
AcDbPolyline
 90
6
 70
0
 10
-333673.4860000001
 20
-27861.566
 10
-333677.6610000001
 20
-27868.428
 10
-333674.8410000001
 20
-27870.173
 10
-333672.727
 20
-27866.712
 10
-333672.294
 20
-27866.958
 10
-333670.13
 20
-27863.695
  0
LWPOLYLINE
  5
649
330
17
100
AcDbEntity
  8
EB-BASE-STRUCTURES
100
AcDbPolyline
 90
3
 70
0
 10
-333529.354
 20
-27963.426
 10
-333531.575
 20
-27962.645
 10
-333528.839
 20
-27955.275
  0
LWPOLYLINE
  5
64A
330
17
100
AcDbEntity
  8
EB-BASE-STRUCTURES
100
AcDbPolyline
 90
2
 70
0
 10
-333723.176
 20
-27845.736
 10
-333743.2370000001
 20
-27838.398
  0
LWPOLYLINE
  5
64B
330
17
100
AcDbEntity
  8
EB-BASE-STRUCTURES
100
AcDbPolyline
 90
4
 70
0
 10
-333746.4970000001
 20
-27847.944
 10
-333743.5350000001
 20
-27848.747
 10
-333748.0840000001
 20
-27861.702
 10
-333734.376
 20
-27866.757
  0
LWPOLYLINE
  5
64C
330
17
100
AcDbEntity
  8
EB-BASE-STRUCTURES
100
AcDbPolyline
 90
2
 70
0
 10
-333776.826
 20
-27669.519
 10
-333749.63
 20
-27681.15
  0
LWPOLYLINE
  5
64D
330
17
100
AcDbEntity
  8
EB-BASE-STRUCTURES
100
AcDbPolyline
 90
3
 70
0
 10
-333749.63
 20
-27681.15
 10
-333729.074
 20
-27690.135
 10
-333718.887
 20
-27669.182
  0
LWPOLYLINE
  5
64E
330
17
100
AcDbEntity
  8
EB-BASE-STRUCTURES
100
AcDbPolyline
 90
2
 70
0
 10
-333683.667
 20
-27709.081
 10
-333675.1250000001
 20
-27680.091
  0
LWPOLYLINE
  5
64F
330
17
100
AcDbEntity
  8
EB-BASE-STRUCTURES
100
AcDbPolyline
 90
5
 70
0
 10
-333670.047
 20
-27648.554
 10
-333692.164
 20
-27641.935
 10
-333694.821
 20
-27650.743
 10
-333690.7630000001
 20
-27651.975
 10
-333706.222
 20
-27702.451
  0
LWPOLYLINE
  5
650
330
17
100
AcDbEntity
  8
EB-BASE-STRUCTURES
100
AcDbPolyline
 90
9
 70
0
 10
-333723.03
 20
-27691.401
 10
-333720.7590000001
 20
-27691.289
 10
-333719.44
 20
-27690.814
 10
-333719.01
 20
-27690.992
 10
-333719.262
 20
-27691.526
 10
-333719.0250000001
 20
-27692.283
 10
-333719.5140000001
 20
-27692.729
 10
-333720.0620000001
 20
-27693.664
 10
-333723.2530000001
 20
-27691.776
  0
LWPOLYLINE
  5
651
330
17
100
AcDbEntity
  8
EB-BASE-STRUCTURES
100
AcDbPolyline
 90
3
 70
0
 10
-333710.0260000001
 20
-27669.826
 10
-333707.491
 20
-27670.271
 10
-333707.347
 20
-27672.072
  0
LWPOLYLINE
  5
652
330
17
100
AcDbEntity
  8
EB-BASE-STRUCTURES
100
AcDbPolyline
 90
4
 70
0
 10
-333707.5900000001
 20
-27672.727
 10
-333708.766
 20
-27673.784
 10
-333709.452
 20
-27671.74
 10
-333710.279
 20
-27670.246
  0
LWPOLYLINE
  5
653
330
17
100
AcDbEntity
  8
EB-BASE-STRUCTURES
100
AcDbPolyline
 90
8
 70
0
 10
-333683.537
 20
-27875.107
 10
-333677.3450000001
 20
-27878.213
 10
-333680.2090000001
 20
-27883.597
 10
-333677.876
 20
-27884.87
 10
-333679.064
 20
-27887.248
 10
-333685.146
 20
-27883.995
 10
-333685.376
 20
-27884.37
 10
-333687.8200000001
 20
-27883.052
  0
LWPOLYLINE
  5
654
330
17
100
AcDbEntity
  8
EB-BASE-STRUCTURES
100
AcDbPolyline
 90
3
 70
0
 10
-333707.5900000001
 20
-27672.727
 10
-333707.267
 20
-27672.442
 10
-333707.347
 20
-27672.072
  0
LWPOLYLINE
  5
655
330
17
100
AcDbEntity
  8
EB-BASE-STRUCTURES
100
AcDbPolyline
 90
2
 70
0
 10
-333760.243
 20
-27841.334
 10
-333753.115
 20
-27845.146
  0
LWPOLYLINE
  5
656
330
17
100
AcDbEntity
  8
EB-BASE-STRUCTURES
100
AcDbPolyline
 90
8
 70
0
 10
-333753.115
 20
-27845.146
 10
-333757.621
 20
-27854.093
 10
-333761.962
 20
-27851.937
 10
-333762.2870000001
 20
-27852.524
 10
-333763.5090000001
 20
-27851.874
 10
-333762.12
 20
-27849.102
 10
-333763.7580000001
 20
-27848.208
 10
-333760.243
 20
-27841.334
  0
LWPOLYLINE
  5
657
330
17
100
AcDbEntity
  8
EB-BASE-STRUCTURES
100
AcDbPolyline
 90
3
 70
0
 10
-333767.059
 20
-27876.743
 10
-333766.501
 20
-27875.786
 10
-333759.1130000001
 20
-27879.705
  0
LWPOLYLINE
  5
658
330
17
100
AcDbEntity
  8
EB-BASE-STRUCTURES
100
AcDbPolyline
 90
2
 70
0
 10
-333748.604
 20
-27880.488
 10
-333746.484
 20
-27876.577
  0
LWPOLYLINE
  5
659
330
17
100
AcDbEntity
  8
EB-BASE-STRUCTURES
100
AcDbPolyline
 90
4
 70
0
 10
-333746.484
 20
-27876.577
 10
-333741.116
 20
-27879.364
 10
-333743.0910000001
 20
-27883.268
 10
-333748.604
 20
-27880.488
  0
LWPOLYLINE
  5
65A
330
17
100
AcDbEntity
  8
EB-BASE-STRUCTURES
100
AcDbPolyline
 90
2
 70
0
 10
-333751.9670000001
 20
-27889.163
 10
-333753.928
 20
-27888.186
  0
LWPOLYLINE
  5
65B
330
17
100
AcDbEntity
  8
EB-BASE-STRUCTURES
100
AcDbPolyline
 90
2
 70
0
 10
-333744.989
 20
-27891.198
 10
-333747.616
 20
-27889.845
  0
LWPOLYLINE
  5
65C
330
17
100
AcDbEntity
  8
EB-BASE-STRUCTURES
100
AcDbPolyline
 90
4
 70
0
 10
-333739.8940000001
 20
-27890.007
 10
-333740.34
 20
-27890.817
 10
-333736.813
 20
-27892.58
 10
-333736.3590000001
 20
-27891.78
  0
LWPOLYLINE
  5
65D
330
17
100
AcDbEntity
  8
EB-BASE-STRUCTURES
100
AcDbPolyline
 90
3
 70
0
 10
-333748.547
 20
-27897.579
 10
-333747.7260000001
 20
-27897.981
 10
-333742.634
 20
-27888.663
  0
LWPOLYLINE
  5
65E
330
17
100
AcDbEntity
  8
EB-BASE-STRUCTURES
100
AcDbPolyline
 90
8
 70
0
 10
-333737.993
 20
-27878.518
 10
-333736.467
 20
-27879.46
 10
-333737.9520000001
 20
-27881.886
 10
-333735.384
 20
-27883.462
 10
-333736.523
 20
-27885.278
 10
-333739.051
 20
-27883.735
 10
-333740.287
 20
-27885.729
 10
-333741.548
 20
-27884.975
  0
LWPOLYLINE
  5
65F
330
17
100
AcDbEntity
  8
EB-BASE-STRUCTURES
100
AcDbPolyline
 90
9
 70
0
 10
-333528.445
 20
-27989.846
 10
-333520.2500000001
 20
-27994.306
 10
-333519.429
 20
-27994.912
 10
-333518.7800000001
 20
-27995.562
 10
-333517.7750000001
 20
-27996.969
 10
-333516.9870000001
 20
-27998.809
 10
-333516.738
 20
-28000.107
 10
-333516.727
 20
-28001.428
 10
-333516.7480000001
 20
-28002.191
  0
LWPOLYLINE
  5
660
330
17
100
AcDbEntity
  8
EB-BASE-STRUCTURES
100
AcDbPolyline
 90
3
 70
0
 10
-333728.525
 20
-27990.994
 10
-333727.0500000001
 20
-27987.075
 10
-333722.239
 20
-27988.681
  0
LWPOLYLINE
  5
661
330
17
100
AcDbEntity
  8
EB-BASE-STRUCTURES
100
AcDbPolyline
 90
3
 70
0
 10
-333725.7490000001
 20
-27991.777
 10
-333724.982
 20
-27989.844
 10
-333722.884
 20
-27990.357
  0
LWPOLYLINE
  5
662
330
17
100
AcDbEntity
  8
EB-BASE-STRUCTURES
100
AcDbPolyline
 90
5
 70
0
 10
-333746.4370000001
 20
-27989.664
 10
-333747.1710000001
 20
-27991.763
 10
-333743.991
 20
-27992.692
 10
-333743.5050000001
 20
-27991.409
 10
-333742.502
 20
-27991.73
  0
LWPOLYLINE
  5
663
330
17
100
AcDbEntity
  8
EB-BASE-STRUCTURES
100
AcDbPolyline
 90
2
 70
0
 10
-333754.747
 20
-27999.815
 10
-333750.672
 20
-27988.565
  0
LWPOLYLINE
  5
664
330
17
100
AcDbEntity
  8
EB-BASE-STRUCTURES
100
AcDbPolyline
 90
2
 70
0
 10
-333776.402
 20
-27983.977
 10
-333777.703
 20
-27987.457
  0
LWPOLYLINE
  5
665
330
17
100
AcDbEntity
  8
EB-BASE-STRUCTURES
100
AcDbPolyline
 90
3
 70
0
 10
-333777.703
 20
-27987.457
 10
-333776.5920000001
 20
-27987.877
 10
-333777.9750000001
 20
-27992.036
  0
LWPOLYLINE
  5
666
330
17
100
AcDbEntity
  8
EB-BASE-STRUCTURES
100
AcDbPolyline
 90
3
 70
0
 10
-333778.0300000001
 20
-27992.962
 10
-333773.462
 20
-27994.292
 10
-333773.564
 20
-27994.666
  0
LWPOLYLINE
  5
667
330
17
100
AcDbEntity
  8
EB-BASE-STRUCTURES
100
AcDbPolyline
 90
5
 70
0
 10
-333783.469
 20
-27987.385
 10
-333783.45
 20
-27989.62
 10
-333778.386
 20
-27990.046
 10
-333779.8210000001
 20
-28011.565
 10
-333779.3700000001
 20
-28011.676
  0
LWPOLYLINE
  5
668
330
17
100
AcDbEntity
  8
EB-BASE-STRUCTURES
100
AcDbPolyline
 90
2
 70
0
 10
-333790.041
 20
-28003.016
 10
-333789.311
 20
-27992.123
  0
LWPOLYLINE
  5
669
330
17
100
AcDbEntity
  8
EB-BASE-STRUCTURES
100
AcDbPolyline
 90
3
 70
0
 10
-333771.8460000001
 20
-27911.164
 10
-333770.358
 20
-27911.668
 10
-333768.483
 20
-27907.455
  0
LWPOLYLINE
  5
66A
330
17
100
AcDbEntity
  8
EB-BASE-STRUCTURES
100
AcDbPolyline
 90
2
 70
0
 10
-333758.388
 20
-27933.188
 10
-333750.044
 20
-27920.656
  0
LWPOLYLINE
  5
66B
330
17
100
AcDbEntity
  8
EB-BASE-STRUCTURES
100
AcDbPolyline
 90
2
 70
0
 10
-333749.3850000001
 20
-27914.619
 10
-333748.025
 20
-27917.5
  0
LWPOLYLINE
  5
66C
330
17
100
AcDbEntity
  8
EB-BASE-STRUCTURES
100
AcDbPolyline
 90
7
 70
0
 10
-333766.851
 20
-27927.946
 10
-333768.3420000001
 20
-27930.426
 10
-333771.528
 20
-27928.455
 10
-333771.065
 20
-27927.664
 10
-333774.028
 20
-27925.746
 10
-333774.5380000001
 20
-27926.577
 10
-333777.867
 20
-27924.495
  0
LWPOLYLINE
  5
66D
330
17
100
AcDbEntity
  8
EB-BASE-STRUCTURES
100
AcDbPolyline
 90
3
 70
0
 10
-333800.941
 20
-27923.843
 10
-333803.69
 20
-27929.044
 10
-333796.159
 20
-27933.571
  0
LWPOLYLINE
  5
66E
330
17
100
AcDbEntity
  8
EB-BASE-STRUCTURES
100
AcDbPolyline
 90
7
 70
0
 10
-333797.4670000001
 20
-27936.163
 10
-333806.006
 20
-27932.111
 10
-333812.468
 20
-27940.932
 10
-333789.975
 20
-27952.839
 10
-333783.8410000001
 20
-27944.66
 10
-333772.4830000001
 20
-27952.493
 10
-333766.9980000001
 20
-27944.824
  0
LWPOLYLINE
  5
66F
330
17
100
AcDbEntity
  8
EB-BASE-STRUCTURES
100
AcDbPolyline
 90
9
 70
0
 10
-333790.071
 20
-27930.551
 10
-333792.088
 20
-27934.553
 10
-333789.462
 20
-27935.833
 10
-333791.418
 20
-27939.717
 10
-333793.958
 20
-27938.132
 10
-333795.9340000001
 20
-27941.888
 10
-333799.112
 20
-27940.033
 10
-333797.098
 20
-27936.142
 10
-333797.379
 20
-27935.988
  0
LWPOLYLINE
  5
670
330
17
100
AcDbEntity
  8
EB-BASE-STRUCTURES
100
AcDbPolyline
 90
3
 70
0
 10
-333796.245
 20
-27944.201
 10
-333795.1080000001
 20
-27941.841
 10
-333792.7
 20
-27943.307
  0
LWPOLYLINE
  5
671
330
17
100
AcDbEntity
  8
EB-BASE-STRUCTURES
100
AcDbPolyline
 90
2
 70
0
 10
-333814.463
 20
-27994.334
 10
-333807.6190000001
 20
-27998.783
  0
LWPOLYLINE
  5
672
330
17
100
AcDbEntity
  8
EB-BASE-STRUCTURES
100
AcDbPolyline
 90
4
 70
0
 10
-333807.6190000001
 20
-27998.783
 10
-333774.23
 20
-27954.855
 10
-333781.156
 20
-27950.371
 10
-333814.463
 20
-27994.334
  0
LWPOLYLINE
  5
673
330
17
100
AcDbEntity
  8
EB-BASE-STRUCTURES
100
AcDbPolyline
 90
4
 70
0
 10
-333852.813
 20
-27986.194
 10
-333848.4260000001
 20
-27979.608
 10
-333809.2700000001
 20
-28004.526
 10
-333812.8450000001
 20
-28010.579
  0
LWPOLYLINE
  5
674
330
17
100
AcDbEntity
  8
EB-BASE-STRUCTURES
100
AcDbPolyline
 90
4
 70
0
 10
-333756.531
 20
-27951.287
 10
-333755.614
 20
-27949.917
 10
-333752.967
 20
-27951.645
 10
-333753.875
 20
-27952.935
  0
LWPOLYLINE
  5
675
330
17
100
AcDbEntity
  8
EB-BASE-STRUCTURES
100
AcDbPolyline
 90
2
 70
0
 10
-333740.811
 20
-27956.165
 10
-333737.24
 20
-27950.462
  0
LWPOLYLINE
  5
676
330
17
100
AcDbEntity
  8
EB-BASE-STRUCTURES
100
AcDbPolyline
 90
2
 70
0
 10
-333737.24
 20
-27950.462
 10
-333731.393
 20
-27941.331
  0
LWPOLYLINE
  5
677
330
17
100
AcDbEntity
  8
EB-BASE-STRUCTURES
100
AcDbPolyline
 90
6
 70
0
 10
-333734.794
 20
-27929.399
 10
-333736.2730000001
 20
-27928.46
 10
-333738.711
 20
-27932.148
 10
-333739.358
 20
-27931.701
 10
-333737.366
 20
-27928.633
 10
-333744.8250000001
 20
-27923.559
  0
LWPOLYLINE
  5
678
330
17
100
AcDbEntity
  8
EB-BASE-STRUCTURES
100
AcDbPolyline
 90
2
 70
0
 10
-333727.8560000001
 20
-27938.409
 10
-333733.407
 20
-27935.229
  0
LWPOLYLINE
  5
679
330
17
100
AcDbEntity
  8
EB-BASE-STRUCTURES
100
AcDbPolyline
 90
13
 70
0
 10
-333978.9420000001
 20
-27996.963
 10
-333982.9260000001
 20
-27994.689
 10
-333983.627
 20
-27995.776
 10
-333990.396
 20
-27991.357
 10
-333992.78
 20
-27994.97
 10
-334005.1000000001
 20
-27986.902
 10
-334003.067
 20
-27983.851
 10
-334001.4200000001
 20
-27984.903
 10
-333997.3020000001
 20
-27978.59
 10
-333992.9370000001
 20
-27981.361
 10
-333995.32
 20
-27985.008
 10
-333991.851
 20
-27987.146
 10
-333987.159
 20
-27979.189
  0
LWPOLYLINE
  5
67A
330
17
100
AcDbEntity
  8
EB-BASE-STRUCTURES
100
AcDbPolyline
 90
2
 70
0
 10
-333986.596
 20
-28013.67200000001
 10
-334019.538
 20
-27992.019
  0
LWPOLYLINE
  5
67B
330
17
100
AcDbEntity
  8
EB-BASE-STRUCTURES
100
AcDbPolyline
 90
2
 70
0
 10
-333993.5360000001
 20
-27952.88600000001
 10
-333981.6250000001
 20
-27960.714
  0
LWPOLYLINE
  5
67C
330
17
100
AcDbEntity
  8
EB-BASE-STRUCTURES
100
AcDbPolyline
 90
3
 70
0
 10
-333978.984
 20
-27955.878
 10
-333980.669
 20
-27961.222
 10
-333981.6250000001
 20
-27960.714
  0
LWPOLYLINE
  5
67D
330
17
100
AcDbEntity
  8
EB-BASE-STRUCTURES
100
AcDbPolyline
 90
4
 70
0
 10
-333979.969
 20
-27976.266
 10
-333984.027
 20
-27975.007
 10
-333983.743
 20
-27973.874
 10
-333985.2480000001
 20
-27973.295
  0
LWPOLYLINE
  5
67E
330
17
100
AcDbEntity
  8
EB-BASE-STRUCTURES
100
AcDbPolyline
 90
5
 70
0
 10
-333979.6300000001
 20
-27975.088
 10
-333974.5680000001
 20
-27976.732
 10
-333970.3290000001
 20
-27978.072
 10
-333970.381
 20
-27978.304
 10
-333966.7160000001
 20
-27979.406
  0
LWPOLYLINE
  5
67F
330
17
100
AcDbEntity
  8
EB-BASE-STRUCTURES
100
AcDbPolyline
 90
4
 70
0
 10
-333965.2630000001
 20
-27974.49
 10
-333962.4480000001
 20
-27975.545
 10
-333962.732
 20
-27976.885
 10
-333961.6620000001
 20
-27977.238
  0
LWPOLYLINE
  5
680
330
17
100
AcDbEntity
  8
EB-BASE-STRUCTURES
100
AcDbPolyline
 90
2
 70
0
 10
-333953.7360000001
 20
-27986.131
 10
-333963.319
 20
-27982.964
  0
LWPOLYLINE
  5
681
330
17
100
AcDbEntity
  8
EB-BASE-STRUCTURES
100
AcDbPolyline
 90
5
 70
0
 10
-333981.2220000001
 20
-27980.624
 10
-333976.0790000001
 20
-27981.981
 10
-333969.2250000001
 20
-27983.707
 10
-333970.497
 20
-27988.164
 10
-333969.412
 20
-27988.558
  0
LWPOLYLINE
  5
682
330
17
100
AcDbEntity
  8
EB-BASE-STRUCTURES
100
AcDbPolyline
 90
7
 70
0
 10
-333971.274
 20
-27994.861
 10
-333974.802
 20
-27994.009
 10
-333974.745
 20
-27993.59
 10
-333978.902
 20
-27991.976
 10
-333980.7150000001
 20
-27991.149
 10
-333980.534
 20
-27990.526
 10
-333983.7310000001
 20
-27989.346
  0
LWPOLYLINE
  5
683
330
17
100
AcDbEntity
  8
EB-BASE-STRUCTURES
100
AcDbPolyline
 90
2
 70
0
 10
-334039.93
 20
-27920.824
 10
-334053.8720000001
 20
-27941.846
  0
LWPOLYLINE
  5
684
330
17
100
AcDbEntity
  8
EB-BASE-STRUCTURES
100
AcDbPolyline
 90
7
 70
0
 10
-334030.7740000001
 20
-27927.166
 10
-334030.0130000001
 20
-27928.653
 10
-334029.735
 20
-27929.608
 10
-334029.7120000001
 20
-27930.723
 10
-334029.9310000001
 20
-27931.714
 10
-334030.464
 20
-27932.769
 10
-334041.8340000001
 20
-27949.837
  0
LWPOLYLINE
  5
685
330
17
100
AcDbEntity
  8
EB-BASE-STRUCTURES
100
AcDbPolyline
 90
2
 70
0
 10
-334044.891
 20
-27917.377
 10
-334058.727
 20
-27938.626
  0
LWPOLYLINE
  5
686
330
17
100
AcDbEntity
  8
EB-BASE-STRUCTURES
100
AcDbPolyline
 90
6
 70
0
 10
-334060.149
 20
-27923.728
 10
-334058.5090000001
 20
-27924.82
 10
-334056.782
 20
-27922.286
 10
-334055.09
 20
-27923.453
 10
-334053.7860000001
 20
-27921.43900000001
 10
-334059.2100000001
 20
-27917.623
  0
LWPOLYLINE
  5
687
330
17
100
AcDbEntity
  8
EB-BASE-STRUCTURES
100
AcDbPolyline
 90
4
 70
0
 10
-334000.19
 20
-27948.608
 10
-334009.021
 20
-27942.918
 10
-334012.2470000001
 20
-27948.319
 10
-334027.674
 20
-27937.531
  0
LWPOLYLINE
  5
688
330
17
100
AcDbEntity
  8
EB-BASE-STRUCTURES
100
AcDbPolyline
 90
7
 70
0
 10
-334022.02
 20
-27995.741
 10
-334017.3200000001
 20
-27998.914
 10
-334019.192
 20
-28001.803
 10
-334015.2200000001
 20
-28004.478
 10
-334019.192
 20
-28010.363
 10
-334016.426
 20
-28012.127
 10
-334019.5360000001
 20
-28016.721
  0
LWPOLYLINE
  5
689
330
17
100
AcDbEntity
  8
EB-BASE-STRUCTURES
100
AcDbPolyline
 90
3
 70
0
 10
-333943.7200000001
 20
-27980.054
 10
-333947.6400000001
 20
-27994.433
 10
-333951.938
 20
-28009.905
  0
LWPOLYLINE
  5
68A
330
17
100
AcDbEntity
  8
EB-BASE-STRUCTURES
100
AcDbPolyline
 90
3
 70
0
 10
-334030.172
 20
-27993.84
 10
-334046.7580000001
 20
-27982.831
 10
-334051.927
 20
-27989.969
  0
LWPOLYLINE
  5
68B
330
17
100
AcDbEntity
  8
EB-BASE-STRUCTURES
100
AcDbPolyline
 90
4
 70
0
 10
-333988.561
 20
-27985.825
 10
-333989.691
 20
-27987.629
 10
-333982.856
 20
-27991.997
 10
-333981.827
 20
-27990.57
  0
LWPOLYLINE
  5
68C
330
17
100
AcDbEntity
  8
EB-BASE-STRUCTURES
100
AcDbPolyline
 90
9
 70
0
 10
-333953.844
 20
-27986.521
 10
-333954.424
 20
-27986.329
 10
-333954.627
 20
-27987.102
 10
-333958.3960000001
 20
-27985.777
 10
-333958.882
 20
-27988.038
 10
-333962.3190000001
 20
-27987.047
 10
-333963.31
 20
-27990.603
 10
-333959.679
 20
-27991.38
 10
-333962.841
 20
-28003.311
  0
LWPOLYLINE
  5
68D
330
17
100
AcDbEntity
  8
EB-BASE-STRUCTURES
100
AcDbPolyline
 90
6
 70
0
 10
-333974.678
 20
-27995.253
 10
-333983.9050000001
 20
-28008.939
 10
-333985.397
 20
-28011.593
 10
-333986.286
 20
-28013.919
 10
-333986.778
 20
-28016.109
 10
-333987.636
 20
-28015.935
  0
LWPOLYLINE
  5
68E
330
17
100
AcDbEntity
  8
EB-BASE-STRUCTURES
100
AcDbPolyline
 90
2
 70
0
 10
-333923.1610000001
 20
-28000.646
 10
-333940.3400000001
 20
-27989.295
  0
LWPOLYLINE
  5
68F
330
17
100
AcDbEntity
  8
EB-BASE-STRUCTURES
100
AcDbPolyline
 90
2
 70
0
 10
-334026.269
 20
-27987.994
 10
-334046.332
 20
-27975.286
  0
LWPOLYLINE
  5
690
330
17
100
AcDbEntity
  8
EB-BASE-STRUCTURES
100
AcDbPolyline
 90
10
 70
0
 10
-333491.737
 20
-28003.492
 10
-333481.048
 20
-28008.668
 10
-333480.4490000001
 20
-28007.752
 10
-333490.05
 20
-28002.073
 10
-333487.371
 20
-27996.614
 10
-333480.197
 20
-28000.81
 10
-333480.008
 20
-28000.495
 10
-333476.761
 20
-28002.356
 10
-333476.54
 20
-28001.915
 10
-333465.066
 20
-28007.266
  0
LWPOLYLINE
  5
691
330
17
100
AcDbEntity
  8
EB-BASE-STRUCTURES
100
AcDbPolyline
 90
2
 70
0
 10
-333488.2870000001
 20
-27996.166
 10
-333497.342
 20
-27990.463
  0
LWPOLYLINE
  5
692
330
17
100
AcDbEntity
  8
EB-BASE-STRUCTURES
100
AcDbPolyline
 90
3
 70
0
 10
-333468.87
 20
-27990.338
 10
-333472.5950000001
 20
-27997.72
 10
-333494.9610000001
 20
-27986.045
  0
LWPOLYLINE
  5
693
330
17
100
AcDbEntity
  8
EB-BASE-STRUCTURES
100
AcDbPolyline
 90
3
 70
0
 10
-333674.4590000001
 20
-27563.321
 10
-333673.772
 20
-27566.045
 10
-333676.445
 20
-27570.978
  0
LWPOLYLINE
  5
694
330
17
100
AcDbEntity
  8
EB-BASE-STRUCTURES
100
AcDbPolyline
 90
3
 70
0
 10
-333825.074
 20
-27912.494
 10
-333825.401
 20
-27913.015
 10
-333828.644
 20
-27910.939
  0
LWPOLYLINE
  5
695
330
17
100
AcDbEntity
  8
EB-BASE-STRUCTURES
100
AcDbPolyline
 90
3
 70
0
 10
-334007.643
 20
-27684.835
 10
-334010.945
 20
-27694.133
 10
-334001.6460000001
 20
-27697.442
  0
LWPOLYLINE
  5
696
330
17
100
AcDbEntity
  8
EB-BASE-STRUCTURES
100
AcDbPolyline
 90
4
 70
0
 10
-333840.447
 20
-27632.375
 10
-333840.408
 20
-27631.913
 10
-333820.833
 20
-27623.722
 10
-333820.428
 20
-27624.065
  0
LWPOLYLINE
  5
697
330
17
100
AcDbEntity
  8
EB-BASE-STRUCTURES
100
AcDbPolyline
 90
3
 70
0
 10
-333748.662
 20
-27733.557
 10
-333747.973
 20
-27731.884
 10
-333748.3260000001
 20
-27731.74
  0
LWPOLYLINE
  5
698
330
17
100
AcDbEntity
  8
EB-BASE-STRUCTURES
100
AcDbPolyline
 90
2
 70
0
 10
-333795.953
 20
-27608.95
 10
-333792.043
 20
-27592.596
  0
LWPOLYLINE
  5
699
330
17
100
AcDbEntity
  8
EB-BASE-STRUCTURES
100
AcDbPolyline
 90
3
 70
0
 10
-333853.622
 20
-27851.931
 10
-333853.934
 20
-27852.853
 10
-333845.8120000001
 20
-27855.368
  0
LWPOLYLINE
  5
69A
330
17
100
AcDbEntity
  8
EB-BASE-STRUCTURES
100
AcDbPolyline
 90
2
 70
0
 10
-334031.152
 20
-27898.074
 10
-334030.81
 20
-27898.371
  0
LWPOLYLINE
  5
69B
330
17
100
AcDbEntity
  8
EB-BASE-STRUCTURES
100
AcDbPolyline
 90
2
 70
0
 10
-334030.81
 20
-27898.371
 10
-334033.04
 20
-27901.524
  0
LWPOLYLINE
  5
69C
330
17
100
AcDbEntity
  8
EB-BASE-STRUCTURES
100
AcDbPolyline
 90
2
 70
0
 10
-333971.028
 20
-27878.671
 10
-333980.114
 20
-27874.76100000001
  0
LWPOLYLINE
  5
69D
330
17
100
AcDbEntity
  8
EB-BASE-STRUCTURES
100
AcDbPolyline
 90
4
 70
0
 10
-333971.028
 20
-27878.671
 10
-333970.7800000001
 20
-27878.854
 10
-333974.022
 20
-27885.024
 10
-333974.285
 20
-27884.868
  0
LWPOLYLINE
  5
69E
330
17
100
AcDbEntity
  8
EB-BASE-STRUCTURES
100
AcDbPolyline
 90
5
 70
0
 10
-333944.864
 20
-27949.156
 10
-333944.048
 20
-27947.511
 10
-333943.476
 20
-27947.893
 10
-333938.342
 20
-27928.285
 10
-333939.2590000001
 20
-27927.961
  0
LWPOLYLINE
  5
69F
330
17
100
AcDbEntity
  8
EB-BASE-STRUCTURES
100
AcDbPolyline
 90
2
 70
0
 10
-333946.719
 20
-27925.329
 10
-333951.7160000001
 20
-27923.566
  0
LWPOLYLINE
  5
6A0
330
17
100
AcDbEntity
  8
EB-BASE-STRUCTURES
100
AcDbPolyline
 90
2
 70
0
 10
-333939.2590000001
 20
-27927.961
 10
-333942.6490000001
 20
-27926.765
  0
LWPOLYLINE
  5
6A1
330
17
100
AcDbEntity
  8
EB-BASE-STRUCTURES
100
AcDbPolyline
 90
2
 70
0
 10
-333942.6490000001
 20
-27926.765
 10
-333946.719
 20
-27925.329
  0
LWPOLYLINE
  5
6A2
330
17
100
AcDbEntity
  8
EB-BASE-STRUCTURES
100
AcDbPolyline
 90
4
 70
0
 10
-333924.4890000001
 20
-27893.515
 10
-333923.689
 20
-27893.895
 10
-333929.447
 20
-27905.603
 10
-333930.376
 20
-27905.195
  0
LWPOLYLINE
  5
6A3
330
17
100
AcDbEntity
  8
EB-BASE-STRUCTURES
100
AcDbPolyline
 90
2
 70
0
 10
-333676.445
 20
-27570.978
 10
-333677.324
 20
-27572.543
  0
LWPOLYLINE
  5
6A4
330
17
100
AcDbEntity
  8
EB-BASE-STRUCTURES
100
AcDbPolyline
 90
4
 70
0
 10
-333698.336
 20
-27502.627
 10
-333698.966
 20
-27502.133
 10
-333711.181
 20
-27508.356
 10
-333715.3530000001
 20
-27510.58200000001
  0
LWPOLYLINE
  5
6A5
330
17
100
AcDbEntity
  8
EB-BASE-STRUCTURES
100
AcDbPolyline
 90
3
 70
0
 10
-333726.3700000001
 20
-27515.928
 10
-333726.591
 20
-27516.209
 10
-333720.14
 20
-27520.518
  0
LWPOLYLINE
  5
6A6
330
17
100
AcDbEntity
  8
EB-BASE-STRUCTURES
100
AcDbPolyline
 90
2
 70
0
 10
-333740.828
 20
-27505.268
 10
-333738.796
 20
-27506.766
  0
LWPOLYLINE
  5
6A7
330
17
100
AcDbEntity
  8
EB-BASE-STRUCTURES
100
AcDbPolyline
 90
2
 70
0
 10
-333721.838
 20
-27512.117
 10
-333720.98
 20
-27513.291
  0
LWPOLYLINE
  5
6A8
330
17
100
AcDbEntity
  8
EB-BASE-STRUCTURES
100
AcDbPolyline
 90
2
 70
0
 10
-333726.3700000001
 20
-27515.928
 10
-333738.796
 20
-27506.766
  0
LWPOLYLINE
  5
6A9
330
17
100
AcDbEntity
  8
EB-BASE-STRUCTURES
100
AcDbPolyline
 90
2
 70
0
 10
-333800.4400000001
 20
-27522.476
 10
-333791.287
 20
-27526.207
  0
LWPOLYLINE
  5
6AA
330
17
100
AcDbEntity
  8
EB-BASE-STRUCTURES
100
AcDbPolyline
 90
3
 70
0
 10
-333791.287
 20
-27526.207
 10
-333790.04
 20
-27526.716
 10
-333783.066
 20
-27529.751
  0
LWPOLYLINE
  5
6AB
330
17
100
AcDbEntity
  8
EB-BASE-STRUCTURES
100
AcDbPolyline
 90
2
 70
0
 10
-333780.791
 20
-27530.741
 10
-333779.375
 20
-27531.357
  0
LWPOLYLINE
  5
6AC
330
17
100
AcDbEntity
  8
EB-BASE-STRUCTURES
100
AcDbPolyline
 90
2
 70
0
 10
-333779.375
 20
-27531.357
 10
-333775.897
 20
-27532.87
  0
LWPOLYLINE
  5
6AD
330
17
100
AcDbEntity
  8
EB-BASE-STRUCTURES
100
AcDbPolyline
 90
2
 70
0
 10
-333783.066
 20
-27529.751
 10
-333780.791
 20
-27530.741
  0
LWPOLYLINE
  5
6AE
330
17
100
AcDbEntity
  8
EB-BASE-STRUCTURES
100
AcDbPolyline
 90
3
 70
0
 10
-333775.897
 20
-27532.87
 10
-333775.636
 20
-27532.984
 10
-333776.02
 20
-27538.988
  0
LWPOLYLINE
  5
6AF
330
17
100
AcDbEntity
  8
EB-BASE-STRUCTURES
100
AcDbPolyline
 90
3
 70
0
 10
-333582.0460000001
 20
-27655.676
 10
-333581.816
 20
-27654.875
 10
-333595.756
 20
-27650.875
  0
LWPOLYLINE
  5
6B0
330
17
100
AcDbEntity
  8
EB-BASE-STRUCTURES
100
AcDbPolyline
 90
4
 70
0
 10
-333602.092
 20
-27769.038
 10
-333601.4710000001
 20
-27777.962
 10
-333591.179
 20
-27777.201
 10
-333591.485
 20
-27772.651
  0
LWPOLYLINE
  5
6B1
330
17
100
AcDbEntity
  8
EB-BASE-STRUCTURES
100
AcDbPolyline
 90
2
 70
0
 10
-333481.8520000001
 20
-27742.329
 10
-333482.97
 20
-27741.571
  0
LWPOLYLINE
  5
6B2
330
17
100
AcDbEntity
  8
EB-BASE-STRUCTURES
100
AcDbPolyline
 90
2
 70
0
 10
-333489.8180000001
 20
-27746.741
 10
-333482.97
 20
-27741.571
  0
LWPOLYLINE
  5
6B3
330
17
100
AcDbEntity
  8
EB-BASE-STRUCTURES
100
AcDbPolyline
 90
3
 70
0
 10
-333482.97
 20
-27741.571
 10
-333467.205
 20
-27729.262
 10
-333461.0840000001
 20
-27724.483
  0
LWPOLYLINE
  5
6B4
330
17
100
AcDbEntity
  8
EB-BASE-STRUCTURES
100
AcDbPolyline
 90
2
 70
0
 10
-333479.582
 20
-27743.949
 10
-333481.8520000001
 20
-27742.329
  0
LWPOLYLINE
  5
6B5
330
17
100
AcDbEntity
  8
EB-BASE-STRUCTURES
100
AcDbPolyline
 90
2
 70
0
 10
-333688.4600000001
 20
-27874.384
 10
-333684.219
 20
-27876.47600000001
  0
LWPOLYLINE
  5
6B6
330
17
100
AcDbEntity
  8
EB-BASE-STRUCTURES
100
AcDbPolyline
 90
6
 70
0
 10
-333687.8200000001
 20
-27883.052
 10
-333688.011
 20
-27882.931
 10
-333687.594
 20
-27882.16
 10
-333691.229
 20
-27879.99
 10
-333688.7150000001
 20
-27874.9
 10
-333688.4600000001
 20
-27874.384
  0
LWPOLYLINE
  5
6B7
330
17
100
AcDbEntity
  8
EB-BASE-STRUCTURES
100
AcDbPolyline
 90
2
 70
0
 10
-333743.114
 20
-27959.631
 10
-333740.811
 20
-27956.165
  0
LWPOLYLINE
  5
6B8
330
17
100
AcDbEntity
  8
EB-BASE-STRUCTURES
100
AcDbPolyline
 90
3
 70
0
 10
-333778.0300000001
 20
-27992.962
 10
-333778.32
 20
-27992.861
 10
-333777.9750000001
 20
-27992.036
  0
LWPOLYLINE
  5
6B9
330
17
100
AcDbEntity
  8
EB-BASE-STRUCTURES
100
AcDbPolyline
 90
2
 70
0
 10
-333720.6440000001
 20
-27925.224
 10
-333727.8560000001
 20
-27938.409
  0
LWPOLYLINE
  5
6BA
330
17
100
AcDbEntity
  8
EB-BASE-STRUCTURES
100
AcDbPolyline
 90
4
 70
0
 10
-333488.2870000001
 20
-27996.166
 10
-333487.543
 20
-27996.645
 10
-333489.582
 20
-27999.974
 10
-333491.737
 20
-28003.492
  0
LWPOLYLINE
  5
6BB
330
17
100
AcDbEntity
  8
EB-BASE-STRUCTURES
100
AcDbPolyline
 90
2
 70
0
 10
-333820.428
 20
-27624.065
 10
-333820.184
 20
-27624.402
  0
LWPOLYLINE
  5
6BC
330
17
100
AcDbEntity
  8
EB-BASE-STRUCTURES
100
AcDbPolyline
 90
2
 70
0
 10
-333840.5310000001
 20
-27632.768
 10
-333840.447
 20
-27632.375
  0
LWPOLYLINE
  5
6BD
330
17
100
AcDbEntity
  8
EB-BASE-STRUCTURES
100
AcDbPolyline
 90
2
 70
0
 10
-334004.665
 20
-27920.927
 10
-334002.63
 20
-27916.56
  0
LWPOLYLINE
  5
6BE
330
17
100
AcDbEntity
  8
EB-BASE-STRUCTURES
100
AcDbPolyline
 90
2
 70
0
 10
-333998.9720000001
 20
-27909.154
 10
-333999.5980000001
 20
-27908.912
  0
LWPOLYLINE
  5
6BF
330
17
100
AcDbEntity
  8
EB-BASE-STRUCTURES
100
AcDbPolyline
 90
2
 70
0
 10
-334005.6290000001
 20
-27920.26
 10
-334002.0510000001
 20
-27913.139
  0
LWPOLYLINE
  5
6C0
330
17
100
AcDbEntity
  8
EB-BASE-STRUCTURES
100
AcDbPolyline
 90
2
 70
0
 10
-334054.136
 20
-27829.558
 10
-334055.6280000001
 20
-27835.249
  0
LWPOLYLINE
  5
6C1
330
17
100
AcDbEntity
  8
EB-BASE-STRUCTURES
100
AcDbPolyline
 90
2
 70
0
 10
-334057.127
 20
-27840.809
 10
-334061.871
 20
-27839.591
  0
LWPOLYLINE
  5
6C2
330
17
100
AcDbEntity
  8
EB-BASE-STRUCTURES
100
AcDbPolyline
 90
2
 70
0
 10
-333992.6120000001
 20
-27842.05
 10
-333993.3790000001
 20
-27845.573
  0
LWPOLYLINE
  5
6C3
330
17
100
AcDbEntity
  8
EB-BASE-STRUCTURES
100
AcDbPolyline
 90
3
 70
0
 10
-333990.353
 20
-27843.999
 10
-333991.453
 20
-27843.757
 10
-333991.909
 20
-27845.867
  0
LWPOLYLINE
  5
6C4
330
17
100
AcDbEntity
  8
EB-BASE-STRUCTURES
100
AcDbPolyline
 90
3
 70
0
 10
-334009.077
 20
-27843.29
 10
-334007.6130000001
 20
-27843.592
 10
-334006.0430000001
 20
-27835.888
  0
LWPOLYLINE
  5
6C5
330
17
100
AcDbEntity
  8
EB-BASE-STRUCTURES
100
AcDbPolyline
 90
3
 70
0
 10
-333955.4730000001
 20
-27904.027
 10
-333956.359
 20
-27905.726
 10
-333959.701
 20
-27903.953
  0
LWPOLYLINE
  5
6C6
330
17
100
AcDbEntity
  8
EB-BASE-STRUCTURES
100
AcDbPolyline
 90
4
 70
0
 10
-333945.45
 20
-27913.406
 10
-333944.934
 20
-27912.372
 10
-333943.61
 20
-27912.981
 10
-333939.297
 20
-27903.259
  0
LWPOLYLINE
  5
6C7
330
17
100
AcDbEntity
  8
EB-BASE-STRUCTURES
100
AcDbPolyline
 90
4
 70
0
 10
-333958.643
 20
-27650.905
 10
-333958.646
 20
-27648.096
 10
-333954.745
 20
-27648.07
 10
-333954.784
 20
-27650.878
  0
LWPOLYLINE
  5
6C8
330
17
100
AcDbEntity
  8
EB-BASE-STRUCTURES
100
AcDbPolyline
 90
3
 70
0
 10
-333950.389
 20
-27650.872
 10
-333950.3670000001
 20
-27649.443
 10
-333947.9050000001
 20
-27649.511
  0
LWPOLYLINE
  5
6C9
330
17
100
AcDbEntity
  8
EB-BASE-STRUCTURES
100
AcDbPolyline
 90
4
 70
0
 10
-333947.867
 20
-27646.637
 10
-333950.227
 20
-27646.664
 10
-333950.254
 20
-27645.306
 10
-333947.839
 20
-27645.306
  0
LWPOLYLINE
  5
6CA
330
17
100
AcDbEntity
  8
EB-BASE-STRUCTURES
100
AcDbPolyline
 90
2
 70
0
 10
-333826.4560000001
 20
-27592.687
 10
-333823.261
 20
-27580.096
  0
LWPOLYLINE
  5
6CB
330
17
100
AcDbEntity
  8
EB-BASE-STRUCTURES
100
AcDbPolyline
 90
2
 70
0
 10
-333824.629
 20
-27590.873
 10
-333824.205
 20
-27589.196
  0
LWPOLYLINE
  5
6CC
330
17
100
AcDbEntity
  8
EB-BASE-STRUCTURES
100
AcDbPolyline
 90
3
 70
0
 10
-333821.393
 20
-27591.278
 10
-333822.365
 20
-27591.173
 10
-333823.706
 20
-27590.995
  0
LWPOLYLINE
  5
6CD
330
17
100
AcDbEntity
  8
EB-BASE-STRUCTURES
100
AcDbPolyline
 90
2
 70
0
 10
-334056.153
 20
-27753.895
 10
-334054.809
 20
-27749.874
  0
LWPOLYLINE
  5
6CE
330
17
100
AcDbEntity
  8
EB-BASE-STRUCTURES
100
AcDbPolyline
 90
2
 70
0
 10
-333720.529
 20
-27535.57
 10
-333721.686
 20
-27537.151
  0
LWPOLYLINE
  5
6CF
330
17
100
AcDbEntity
  8
EB-BASE-STRUCTURES
100
AcDbPolyline
 90
3
 70
0
 10
-333733.407
 20
-27935.229
 10
-333731.654
 20
-27932.279
 10
-333735.3830000001
 20
-27930.356
  0
LWPOLYLINE
  5
6D0
330
17
100
AcDbEntity
  8
EB-BASE-STRUCTURES
100
AcDbPolyline
 90
3
 70
0
 10
-333753.928
 20
-27888.186
 10
-333754.844
 20
-27890.057
 10
-333756.999
 20
-27889.02
  0
LWPOLYLINE
  5
6D1
330
17
100
AcDbEntity
  8
EB-BASE-STRUCTURES
100
AcDbPolyline
 90
3
 70
0
 10
-333747.616
 20
-27889.845
 10
-333748.251
 20
-27891.014
 10
-333751.9670000001
 20
-27889.163
  0
LWPOLYLINE
  5
6D2
330
17
100
AcDbEntity
  8
EB-BASE-STRUCTURES
100
AcDbPolyline
 90
3
 70
0
 10
-333677.324
 20
-27572.543
 10
-333677.663
 20
-27572.344
 10
-333677.773
 20
-27572.28
  0
LWPOLYLINE
  5
6D3
330
17
100
AcDbEntity
  8
EB-BASE-STRUCTURES
100
AcDbPolyline
 90
8
 70
0
 10
-333677.773
 20
-27572.28
 10
-333680.135
 20
-27570.618
 10
-333687.793
 20
-27581.004
 10
-333688.866
 20
-27581.874
 10
-333689.863
 20
-27582.428
 10
-333691.564
 20
-27583.062
 10
-333694.227
 20
-27582.978
 10
-333694.843
 20
-27582.959
  0
LWPOLYLINE
  5
6D4
330
17
100
AcDbEntity
  8
EB-BASE-STRUCTURES
100
AcDbPolyline
 90
2
 70
0
 10
-333595.756
 20
-27650.875
 10
-333595.972
 20
-27651.631
  0
LWPOLYLINE
  5
6D5
330
17
100
AcDbEntity
  8
EB-BASE-STRUCTURES
100
AcDbPolyline
 90
2
 70
0
 10
-333488.801
 20
-27747.479
 10
-333489.8180000001
 20
-27746.741
  0
LWPOLYLINE
  5
6D6
330
17
100
AcDbEntity
  8
EB-BASE-STRUCTURES
100
AcDbPolyline
 90
2
 70
0
 10
-333486.441
 20
-27749.161
 10
-333488.801
 20
-27747.479
  0
LWPOLYLINE
  5
6D7
330
17
100
AcDbEntity
  8
EB-BASE-STRUCTURES
100
AcDbPolyline
 90
6
 70
0
 10
-333789.311
 20
-27992.123
 10
-333789.1190000001
 20
-27988.34
 10
-333787.6400000001
 20
-27988.407
 10
-333787.483
 20
-27986.814
 10
-333783.484
 20
-27987.128
 10
-333783.469
 20
-27987.385
  0
LWPOLYLINE
  5
6D9
330
17
100
AcDbEntity
  8
EB-BASE-EASEMENTS
100
AcDbPolyline
 90
3
 70
0
 10
-333869.12
 20
-27976.037
 10
-333878.257
 20
-27989.724
 10
-333885.615
 20
-27985.226
  0
LWPOLYLINE
  5
6DA
330
17
100
AcDbEntity
  8
EB-BASE-EASEMENTS
100
AcDbPolyline
 90
2
 70
0
 10
-333881.217
 20
-27968.382
 10
-333891.007
 20
-27982.916
  0
LWPOLYLINE
  5
6DB
330
17
100
AcDbEntity
  8
EB-BASE-EASEMENTS
100
AcDbPolyline
 90
2
 70
0
 10
-333873.2960000001
 20
-27547.596
 10
-333879.0260000001
 20
-27559.736
  0
LWPOLYLINE
  5
6DC
330
17
100
AcDbEntity
  8
EB-BASE-EASEMENTS
100
AcDbPolyline
 90
11
 70
0
 10
-333879.0260000001
 20
-27559.736
 10
-333866.523
 20
-27565.611
 10
-333866.2810000001
 20
-27565.045
 10
-333858.654
 20
-27568.479
 10
-333858.4920000001
 20
-27568.075
 10
-333850.9660000001
 20
-27571.428
 10
-333849.2710000001
 20
-27567.631
 10
-333848.8880000001
 20
-27563.511
 10
-333850.1390000001
 20
-27559.35
 10
-333853.5810000001
 20
-27556.774
 10
-333873.2960000001
 20
-27547.596
  0
LWPOLYLINE
  5
6DD
330
17
100
AcDbEntity
  8
EB-BASE-EASEMENTS
100
AcDbPolyline
 90
4
 70
0
 10
-333827.344
 20
-27579.229
 10
-333826.351
 20
-27575.336
 10
-333822.414
 20
-27576.19
 10
-333823.261
 20
-27580.096
  0
LWPOLYLINE
  5
6DE
330
17
100
AcDbEntity
  8
EB-BASE-EASEMENTS
100
AcDbPolyline
 90
2
 70
0
 10
-333846.6670000001
 20
-27977.034
 10
-333818.741
 20
-27994.859
  0
LWPOLYLINE
  5
6DF
330
17
100
AcDbEntity
  8
EB-BASE-EASEMENTS
100
AcDbPolyline
 90
4
 70
0
 10
-333818.741
 20
-27994.859
 10
-333789.5060000001
 20
-27956.365
 10
-333821.349
 20
-27939.34
 10
-333846.6670000001
 20
-27977.034
  0
LWPOLYLINE
  5
6E0
330
17
100
AcDbEntity
  8
EB-BASE-EASEMENTS
100
AcDbPolyline
 90
10
 70
0
 10
-334008.179
 20
-27534.415
 10
-334007.7190000001
 20
-27535.059
 10
-334007.3630000001
 20
-27536.009
 10
-334007.5410000001
 20
-27536.841
 10
-334008.1940000001
 20
-27538.386
 10
-334008.6690000001
 20
-27539.159
 10
-334010.094
 20
-27541.951
 10
-334011.282
 20
-27543.615
 10
-334012.528
 20
-27544.804
 10
-334013.625
 20
-27545.744
  0
LWPOLYLINE
  5
6E1
330
17
100
AcDbEntity
  8
EB-BASE-EASEMENTS
100
AcDbPolyline
 90
6
 70
0
 10
-334014.636
 20
-27547.83
 10
-334013.299
 20
-27548.725
 10
-334012.8840000001
 20
-27549.082
 10
-334013.0620000001
 20
-27549.498
 10
-334014.131
 20
-27550.568
 10
-334017.529
 20
-27553.71
  0
LWPOLYLINE
  5
6E2
330
17
100
AcDbEntity
  8
EB-BASE-EASEMENTS
100
AcDbPolyline
 90
8
 70
0
 10
-334019.124
 20
-27556.953
 10
-334018.762
 20
-27557.817
 10
-334017.9900000001
 20
-27558.47
 10
-334018.049
 20
-27558.946
 10
-334018.643
 20
-27559.54
 10
-334019.296
 20
-27559.956
 10
-334020.0380000001
 20
-27560.253
 10
-334020.84
 20
-27560.441
  0
LWPOLYLINE
  5
6E3
330
17
100
AcDbEntity
  8
EB-BASE-EASEMENTS
100
AcDbPolyline
 90
12
 70
0
 10
-334028.608
 20
-27576.495
 10
-334027.515
 20
-27576.238
 10
-334026.269
 20
-27576.475
 10
-334025.9720000001
 20
-27576.713
 10
-334026.15
 20
-27577.426
 10
-334027.04
 20
-27579.446
 10
-334028.168
 20
-27581.17
 10
-334029.059
 20
-27582.536
 10
-334030.0680000001
 20
-27583.487
 10
-334030.603
 20
-27583.665
 10
-334031.1960000001
 20
-27583.843
 10
-334032.049
 20
-27583.575
  0
LWPOLYLINE
  5
6E4
330
17
100
AcDbEntity
  8
EB-BASE-EASEMENTS
100
AcDbPolyline
 90
14
 70
0
 10
-334035.9480000001
 20
-27591.603
 10
-334034.9230000001
 20
-27592.58
 10
-334034.032
 20
-27593.828
 10
-334033.676
 20
-27594.897
 10
-334033.973
 20
-27595.967
 10
-334035.1010000001
 20
-27598.938
 10
-334035.695
 20
-27599.592
 10
-334036.17
 20
-27599.354
 10
-334037.417
 20
-27599.235
 10
-334038.426
 20
-27599.295
 10
-334038.8410000001
 20
-27599.532
 10
-334039.0790000001
 20
-27599.829
 10
-334039.0790000001
 20
-27600.424
 10
-334039.135
 20
-27600.875
  0
LWPOLYLINE
  5
6E5
330
17
100
AcDbEntity
  8
EB-BASE-EASEMENTS
100
AcDbPolyline
 90
11
 70
0
 10
-334039.135
 20
-27600.875
 10
-334039.1980000001
 20
-27601.374
 10
-334040.088
 20
-27602.682
 10
-334039.969
 20
-27603.335
 10
-334039.376
 20
-27604.048
 10
-334039.1380000001
 20
-27605.058
 10
-334038.99
 20
-27605.89
 10
-334039.465
 20
-27606.603
 10
-334040.0
 20
-27606.96
 10
-334041.425
 20
-27607.138
 10
-334043.62
 20
-27607.089
  0
LWPOLYLINE
  5
6E6
330
17
100
AcDbEntity
  8
EB-BASE-EASEMENTS
100
AcDbPolyline
 90
10
 70
0
 10
-334046.5250000001
 20
-27612.841
 10
-334046.214
 20
-27613.662
 10
-334046.04
 20
-27614.473
 10
-334045.953
 20
-27615.401
 10
-334046.098
 20
-27616.502
 10
-334046.3010000001
 20
-27617.285
 10
-334046.59
 20
-27617.603
 10
-334046.851
 20
-27617.574
 10
-334047.459
 20
-27617.14
 10
-334048.289
 20
-27616.769
  0
LWPOLYLINE
  5
6E7
330
17
100
AcDbEntity
  8
EB-BASE-EASEMENTS
100
AcDbPolyline
 90
3
 70
0
 10
-333862.5190000001
 20
-27638.043
 10
-333859.1880000001
 20
-27637.429
 10
-333851.749
 20
-27636.974
  0
LWPOLYLINE
  5
6E8
330
17
100
AcDbEntity
  8
EB-BASE-EASEMENTS
100
AcDbPolyline
 90
2
 70
0
 10
-333866.628
 20
-27638.712
 10
-333862.5190000001
 20
-27638.043
  0
LWPOLYLINE
  5
6E9
330
17
100
AcDbEntity
  8
EB-BASE-EASEMENTS
100
AcDbPolyline
 90
3
 70
0
 10
-333888.082
 20
-27643.054
 10
-333881.221
 20
-27641.682
 10
-333866.628
 20
-27638.712
  0
LWPOLYLINE
  5
6EA
330
17
100
AcDbEntity
  8
EB-BASE-EASEMENTS
100
AcDbPolyline
 90
12
 70
0
 10
-333820.184
 20
-27624.402
 10
-333808.58
 20
-27619.513
 10
-333802.412
 20
-27616.895
 10
-333800.443
 20
-27615.893
 10
-333799.6850000001
 20
-27615.457
 10
-333798.99
 20
-27614.391
 10
-333797.9890000001
 20
-27612.468
 10
-333795.9710000001
 20
-27607.412
 10
-333795.0040000001
 20
-27604.308
 10
-333794.4870000001
 20
-27602.111
 10
-333793.359
 20
-27597.133
 10
-333791.31
 20
-27589.126
  0
LWPOLYLINE
  5
6EB
330
17
100
AcDbEntity
  8
EB-BASE-EASEMENTS
100
AcDbPolyline
 90
4
 70
0
 10
-333848.0280000001
 20
-27635.74
 10
-333847.931
 20
-27635.895
 10
-333845.316
 20
-27634.845
 10
-333840.5310000001
 20
-27632.768
  0
LWPOLYLINE
  5
6EC
330
17
100
AcDbEntity
  8
EB-BASE-EASEMENTS
100
AcDbPolyline
 90
9
 70
0
 10
-333788.496
 20
-27563.746
 10
-333795.006
 20
-27560.559
 10
-333810.1330000001
 20
-27553.254
 10
-333823.946
 20
-27546.529
 10
-333826.504
 20
-27545.371
 10
-333834.512
 20
-27542.521
 10
-333842.5410000001
 20
-27539.537
 10
-333848.615
 20
-27537.354
 10
-333848.0130000001
 20
-27535.255
  0
LWPOLYLINE
  5
6ED
330
17
100
AcDbEntity
  8
EB-BASE-EASEMENTS
100
AcDbPolyline
 90
2
 70
0
 10
-333848.732
 20
-27534.984
 10
-333849.594
 20
-27537.579
  0
LWPOLYLINE
  5
6EE
330
17
100
AcDbEntity
  8
EB-BASE-EASEMENTS
100
AcDbPolyline
 90
3
 70
0
 10
-333811.859
 20
-27912.117
 10
-333814.208
 20
-27915.095
 10
-333815.4940000001
 20
-27916.478
  0
LWPOLYLINE
  5
6EF
330
17
100
AcDbEntity
  8
EB-BASE-EASEMENTS
100
AcDbPolyline
 90
14
 70
0
 10
-333740.755
 20
-27690.017
 10
-333743.695
 20
-27689.603
 10
-333747.9350000001
 20
-27689.062
 10
-333750.093
 20
-27688.329
 10
-333756.838
 20
-27685.821
 10
-333770.02
 20
-27681.036
 10
-333777.497
 20
-27678.335
 10
-333776.803
 20
-27679.3
 10
-333769.518
 20
-27681.77
 10
-333754.332
 20
-27687.326
 10
-333751.442
 20
-27689.024
 10
-333749.553
 20
-27690.452
 10
-333748.05
 20
-27690.799
 10
-333738.7250000001
 20
-27690.867
  0
LWPOLYLINE
  5
6F0
330
17
100
AcDbEntity
  8
EB-BASE-EASEMENTS
100
AcDbPolyline
 90
2
 70
0
 10
-333998.9720000001
 20
-27909.154
 10
-334002.63
 20
-27916.56
  0
LWPOLYLINE
  5
6F1
330
17
100
AcDbEntity
  8
EB-BASE-EASEMENTS
100
AcDbPolyline
 90
3
 70
0
 10
-333999.5980000001
 20
-27908.912
 10
-334000.18
 20
-27908.599
 10
-334002.0510000001
 20
-27913.139
  0
LWPOLYLINE
  5
6F2
330
17
100
AcDbEntity
  8
EB-BASE-EASEMENTS
100
AcDbPolyline
 90
4
 70
0
 10
-334055.6280000001
 20
-27835.249
 10
-334053.097
 20
-27835.752
 10
-334051.734
 20
-27830.196
 10
-334054.136
 20
-27829.558
  0
LWPOLYLINE
  5
6F3
330
17
100
AcDbEntity
  8
EB-BASE-EASEMENTS
100
AcDbPolyline
 90
4
 70
0
 10
-334061.871
 20
-27839.591
 10
-334062.42
 20
-27842.07
 10
-334057.701
 20
-27843.156
 10
-334057.127
 20
-27840.809
  0
LWPOLYLINE
  5
6F4
330
17
100
AcDbEntity
  8
EB-BASE-EASEMENTS
100
AcDbPolyline
 90
2
 70
0
 10
-333991.909
 20
-27845.867
 10
-333993.3790000001
 20
-27845.573
  0
LWPOLYLINE
  5
6F5
330
17
100
AcDbEntity
  8
EB-BASE-EASEMENTS
100
AcDbPolyline
 90
3
 70
0
 10
-333990.353
 20
-27843.999
 10
-333990.0
 20
-27842.535
 10
-333992.6120000001
 20
-27842.05
  0
LWPOLYLINE
  5
6F6
330
17
100
AcDbEntity
  8
EB-BASE-EASEMENTS
100
AcDbPolyline
 90
4
 70
0
 10
-334006.0430000001
 20
-27835.888
 10
-334007.958
 20
-27835.461
 10
-334009.539
 20
-27843.19
 10
-334009.077
 20
-27843.29
  0
LWPOLYLINE
  5
6F7
330
17
100
AcDbEntity
  8
EB-BASE-EASEMENTS
100
AcDbPolyline
 90
2
 70
0
 10
-333955.4730000001
 20
-27904.027
 10
-333958.745
 20
-27902.174
  0
LWPOLYLINE
  5
6F8
330
17
100
AcDbEntity
  8
EB-BASE-EASEMENTS
100
AcDbPolyline
 90
3
 70
0
 10
-333945.45
 20
-27913.406
 10
-333943.152
 20
-27914.425
 10
-333938.3740000001
 20
-27903.67
  0
LWPOLYLINE
  5
6F9
330
17
100
AcDbEntity
  8
EB-BASE-EASEMENTS
100
AcDbPolyline
 90
6
 70
0
 10
-333954.784
 20
-27650.878
 10
-333956.042
 20
-27650.898
 10
-333956.0200000001
 20
-27652.113
 10
-333957.485
 20
-27652.085
 10
-333957.477
 20
-27650.866
 10
-333958.643
 20
-27650.905
  0
LWPOLYLINE
  5
6FA
330
17
100
AcDbEntity
  8
EB-BASE-EASEMENTS
100
AcDbPolyline
 90
3
 70
0
 10
-333950.389
 20
-27650.872
 10
-333947.9710000001
 20
-27650.849
 10
-333947.9050000001
 20
-27649.511
  0
LWPOLYLINE
  5
6FB
330
17
100
AcDbEntity
  8
EB-BASE-EASEMENTS
100
AcDbPolyline
 90
2
 70
0
 10
-333947.867
 20
-27646.637
 10
-333947.839
 20
-27645.306
  0
LWPOLYLINE
  5
6FC
330
17
100
AcDbEntity
  8
EB-BASE-EASEMENTS
100
AcDbPolyline
 90
31
 70
0
 10
-334046.099
 20
-27682.621
 10
-334046.7470000001
 20
-27681.182
 10
-334046.7310000001
 20
-27680.851
 10
-334046.516
 20
-27680.452
 10
-334046.133
 20
-27679.959
 10
-334044.681
 20
-27678.33
 10
-334042.15
 20
-27675.269
 10
-334038.246
 20
-27670.631
 10
-334037.229
 20
-27669.335
 10
-334037.0530000001
 20
-27669.006
 10
-334036.021
 20
-27667.177
 10
-334035.636
 20
-27666.465
 10
-334033.894
 20
-27663.533
 10
-334031.139
 20
-27659.011
 10
-334029.8960000001
 20
-27657.137
 10
-334028.996
 20
-27655.709
 10
-334027.1470000001
 20
-27652.4
 10
-334026.471
 20
-27651.2
 10
-334025.409
 20
-27649.207
 10
-334024.398
 20
-27647.511
 10
-334023.773
 20
-27646.643
 10
-334022.2160000001
 20
-27644.602
 10
-334019.1820000001
 20
-27640.812
 10
-334016.887
 20
-27637.4
 10
-334016.0460000001
 20
-27635.67
 10
-334014.717
 20
-27632.522
 10
-334012.969
 20
-27628.376
 10
-334011.422
 20
-27623.974
 10
-334009.7940000001
 20
-27618.577
 10
-334008.989
 20
-27615.561
 10
-334008.434
 20
-27613.464
  0
LWPOLYLINE
  5
6FD
330
17
100
AcDbEntity
  8
EB-BASE-EASEMENTS
100
AcDbPolyline
 90
30
 70
0
 10
-334008.158
 20
-27613.579
 10
-334009.4920000001
 20
-27618.875
 10
-334010.621
 20
-27622.742
 10
-334012.37
 20
-27627.968
 10
-334013.916
 20
-27631.711
 10
-334015.3840000001
 20
-27635.244
 10
-334016.665
 20
-27637.802
 10
-334017.173
 20
-27638.502
 10
-334018.355
 20
-27640.205
 10
-334019.391
 20
-27641.664
 10
-334020.8910000001
 20
-27643.546
 10
-334023.083
 20
-27646.253
 10
-334024.083
 20
-27647.574
 10
-334024.806
 20
-27648.825
 10
-334025.9930000001
 20
-27651.004
 10
-334028.185
 20
-27655.1
 10
-334029.082
 20
-27656.791
 10
-334029.679
 20
-27657.543
 10
-334030.7370000001
 20
-27659.137
 10
-334032.568
 20
-27661.974
 10
-334033.854
 20
-27664.272
 10
-334035.94
 20
-27668.039
 10
-334036.577
 20
-27669.211
 10
-334037.779
 20
-27670.697
 10
-334040.035
 20
-27673.352
 10
-334044.1890000001
 20
-27678.25
 10
-334046.3500000001
 20
-27680.8
 10
-334046.4110000001
 20
-27681.044
 10
-334046.3420000001
 20
-27681.238
 10
-334045.6990000001
 20
-27682.708
  0
LWPOLYLINE
  5
6FE
330
17
100
AcDbEntity
  8
EB-BASE-EASEMENTS
100
AcDbPolyline
 90
3
 70
0
 10
-333823.261
 20
-27580.096
 10
-333821.99
 20
-27580.366
 10
-333824.205
 20
-27589.196
  0
LWPOLYLINE
  5
6FF
330
17
100
AcDbEntity
  8
EB-BASE-EASEMENTS
100
AcDbPolyline
 90
3
 70
0
 10
-333824.629
 20
-27590.873
 10
-333825.1680000001
 20
-27592.974
 10
-333826.4560000001
 20
-27592.687
  0
LWPOLYLINE
  5
700
330
17
100
AcDbEntity
  8
EB-BASE-EASEMENTS
100
AcDbPolyline
 90
4
 70
0
 10
-333823.706
 20
-27590.995
 10
-333824.1200000001
 20
-27593.019
 10
-333821.9100000001
 20
-27593.318
 10
-333821.393
 20
-27591.278
  0
LWPOLYLINE
  5
701
330
17
100
AcDbEntity
  8
EB-BASE-EASEMENTS
100
AcDbPolyline
 90
2
 70
0
 10
-334054.809
 20
-27749.874
 10
-334062.012
 20
-27747.4
  0
LWPOLYLINE
  5
702
330
17
100
AcDbEntity
  8
EB-BASE-EASEMENTS
100
AcDbPolyline
 90
4
 70
0
 10
-333720.529
 20
-27535.57
 10
-333721.593
 20
-27534.852
 10
-333722.714
 20
-27536.449
 10
-333721.686
 20
-27537.151
  0
LWPOLYLINE
  5
703
330
17
100
AcDbEntity
  8
EB-BASE-EASEMENTS
100
AcDbPolyline
 90
2
 70
0
 10
-333667.076
 20
-27713.868
 10
-333658.506
 20
-27685.131
  0
LWPOLYLINE
  5
704
330
17
100
AcDbEntity
  8
EB-BASE-EASEMENTS
100
AcDbPolyline
 90
3
 70
0
 10
-333510.0420000001
 20
-27866.377
 10
-333544.006
 20
-27854.707
 10
-333602.6390000001
 20
-27834.679
  0
LWPOLYLINE
  5
705
330
17
100
AcDbEntity
  8
EB-BASE-EASEMENTS
100
AcDbPolyline
 90
2
 70
0
 10
-333480.968
 20
-27874.906
 10
-333502.0930000001
 20
-27868.754
  0
LWPOLYLINE
  5
706
330
17
100
AcDbEntity
  8
EB-BASE-EASEMENTS
100
AcDbPolyline
 90
2
 70
0
 10
-333711.8800000001
 20
-27862.388
 10
-333727.789
 20
-27854.42
  0
LWPOLYLINE
  5
707
330
17
100
AcDbEntity
  8
EB-BASE-EASEMENTS
100
AcDbPolyline
 90
2
 70
0
 10
-333728.317
 20
-27855.414
 10
-333712.45
 20
-27863.284
  0
LWPOLYLINE
  5
708
330
17
100
AcDbEntity
  8
EB-BASE-EASEMENTS
100
AcDbPolyline
 90
4
 70
0
 10
-333688.342
 20
-27874.151
 10
-333695.5680000001
 20
-27870.503
 10
-333703.468
 20
-27866.46
 10
-333707.88
 20
-27864.279
  0
LWPOLYLINE
  5
709
330
17
100
AcDbEntity
  8
EB-BASE-EASEMENTS
100
AcDbPolyline
 90
3
 70
0
 10
-333708.451
 20
-27865.182
 10
-333699.3190000001
 20
-27869.61
 10
-333688.705
 20
-27874.851
  0
LWPOLYLINE
  5
70A
330
17
100
AcDbEntity
  8
EB-BASE-EASEMENTS
100
AcDbPolyline
 90
3
 70
0
 10
-333703.6660000001
 20
-27896.575
 10
-333710.6610000001
 20
-27891.913
 10
-333721.005
 20
-27885.036
  0
LWPOLYLINE
  5
70B
330
17
100
AcDbEntity
  8
EB-BASE-EASEMENTS
100
AcDbPolyline
 90
6
 70
0
 10
-333721.005
 20
-27885.036
 10
-333721.274
 20
-27884.855
 10
-333721.499
 20
-27884.703
 10
-333724.3030000001
 20
-27882.824
 10
-333724.513
 20
-27882.683
 10
-333724.7480000001
 20
-27882.526
  0
LWPOLYLINE
  5
70C
330
17
100
AcDbEntity
  8
EB-BASE-EASEMENTS
100
AcDbPolyline
 90
4
 70
0
 10
-333724.7480000001
 20
-27882.526
 10
-333726.2260000001
 20
-27881.539
 10
-333734.349
 20
-27876.764
 10
-333738.474
 20
-27874.421
  0
LWPOLYLINE
  5
70D
330
17
100
AcDbEntity
  8
EB-BASE-EASEMENTS
100
AcDbPolyline
 90
3
 70
0
 10
-333738.474
 20
-27874.421
 10
-333744.338
 20
-27871.057
 10
-333752.724
 20
-27866.416
  0
LWPOLYLINE
  5
70E
330
17
100
AcDbEntity
  8
EB-BASE-EASEMENTS
100
AcDbPolyline
 90
9
 70
0
 10
-333742.711
 20
-27726.337
 10
-333740.212
 20
-27720.656
 10
-333735.893
 20
-27710.928
 10
-333730.093
 20
-27697.978
 10
-333727.32
 20
-27691.599
 10
-333726.221
 20
-27689.175
 10
-333727.3370000001
 20
-27688.856
 10
-333728.866
 20
-27692.684
 10
-333729.9270000001
 20
-27692.347
  0
LWPOLYLINE
  5
70F
330
17
100
AcDbEntity
  8
EB-BASE-EASEMENTS
100
AcDbPolyline
 90
7
 70
0
 10
-333730.393
 20
-27693.127
 10
-333729.249
 20
-27693.641
 10
-333731.081
 20
-27697.628
 10
-333733.9170000001
 20
-27704.294
 10
-333736.4340000001
 20
-27709.908
 10
-333739.557
 20
-27716.829
 10
-333743.6330000001
 20
-27726.021
  0
LWPOLYLINE
  5
710
330
17
100
AcDbEntity
  8
EB-BASE-EASEMENTS
100
AcDbPolyline
 90
7
 70
0
 10
-333729.9270000001
 20
-27692.347
 10
-333732.7860000001
 20
-27691.567
 10
-333734.124
 20
-27690.929
 10
-333735.686
 20
-27690.547
 10
-333737.8370000001
 20
-27690.292
 10
-333739.526
 20
-27690.004
 10
-333740.5200000001
 20
-27690.115
  0
LWPOLYLINE
  5
711
330
17
100
AcDbEntity
  8
EB-BASE-EASEMENTS
100
AcDbPolyline
 90
5
 70
0
 10
-333738.7250000001
 20
-27690.867
 10
-333737.646
 20
-27690.834
 10
-333735.256
 20
-27691.44
 10
-333732.26
 20
-27692.556
 10
-333730.393
 20
-27693.127
  0
LWPOLYLINE
  5
712
330
17
100
AcDbEntity
  8
EB-BASE-EASEMENTS
100
AcDbPolyline
 90
4
 70
0
 10
-333733.407
 20
-27935.229
 10
-333734.288
 20
-27934.777
 10
-333735.115
 20
-27936.082
 10
-333737.957
 20
-27934.54
  0
LWPOLYLINE
  5
713
330
17
100
AcDbEntity
  8
EB-BASE-EASEMENTS
100
AcDbPolyline
 90
2
 70
0
 10
-333753.928
 20
-27888.186
 10
-333756.0420000001
 20
-27887.063
  0
LWPOLYLINE
  5
714
330
17
100
AcDbEntity
  8
EB-BASE-EASEMENTS
100
AcDbPolyline
 90
3
 70
0
 10
-333747.616
 20
-27889.845
 10
-333751.284
 20
-27887.932
 10
-333751.9670000001
 20
-27889.163
  0
LWPOLYLINE
  5
716
330
17
100
AcDbEntity
  8
EB-BASE-ENCROACHED
100
AcDbPolyline
 90
4
 70
0
 10
-333802.447
 20
-27658.637
 10
-333783.9130000001
 20
-27667.071
 10
-333759.802
 20
-27643.688
 10
-333723.333
 20
-27608.553
  0
LWPOLYLINE
  5
717
330
17
100
AcDbEntity
  8
EB-BASE-ENCROACHED
100
AcDbPolyline
 90
4
 70
0
 10
-334027.936
 20
-27585.656
 10
-334025.8040000001
 20
-27586.332
 10
-334032.581
 20
-27602.93
 10
-334034.991
 20
-27602.102
  0
LWPOLYLINE
  5
718
330
17
100
AcDbEntity
  8
EB-BASE-ENCROACHED
100
AcDbPolyline
 90
10
 70
0
 10
-333677.324
 20
-27572.543
 10
-333681.5190000001
 20
-27580.015
 10
-333681.7360000001
 20
-27580.394
 10
-333682.031
 20
-27580.811
 10
-333682.4480000001
 20
-27581.264
 10
-333682.853
 20
-27581.602
 10
-333683.218
 20
-27581.834
 10
-333685.684
 20
-27583.019
 10
-333690.125
 20
-27584.825
 10
-333690.775
 20
-27585.034
  0
LWPOLYLINE
  5
719
330
17
100
AcDbEntity
  8
EB-BASE-ENCROACHED
100
AcDbPolyline
 90
2
 70
0
 10
-333690.775
 20
-27585.034
 10
-333694.843
 20
-27582.959
  0
LWPOLYLINE
  5
71A
330
17
100
AcDbEntity
  8
EB-BASE-ENCROACHED
100
AcDbPolyline
 90
5
 70
0
 10
-333645.823
 20
-27754.013
 10
-333647.867
 20
-27754.07
 10
-333649.3580000001
 20
-27753.786
 10
-333652.983
 20
-27753.169
 10
-333658.507
 20
-27752.086
  0
LWPOLYLINE
  5
71B
330
17
100
AcDbEntity
  8
EB-BASE-ENCROACHED
100
AcDbPolyline
 90
2
 70
0
 10
-333645.823
 20
-27754.013
 10
-333642.181
 20
-27753.819
  0
LWPOLYLINE
  5
71C
330
17
100
AcDbEntity
  8
EB-BASE-ENCROACHED
100
AcDbPolyline
 90
4
 70
0
 10
-333642.181
 20
-27753.819
 10
-333640.7660000001
 20
-27753.74
 10
-333637.549
 20
-27753.082
 10
-333637.364
 20
-27753.042
  0
LWPOLYLINE
  5
71D
330
17
100
AcDbEntity
  8
EB-BASE-ENCROACHED
100
AcDbPolyline
 90
2
 70
0
 10
-333637.364
 20
-27753.042
 10
-333627.935
 20
-27751.014
  0
LWPOLYLINE
  5
71E
330
17
100
AcDbEntity
  8
EB-BASE-ENCROACHED
100
AcDbPolyline
 90
3
 70
0
 10
-333586.033
 20
-27741.679
 10
-333607.6490000001
 20
-27748.972
 10
-333621.3690000001
 20
-27749.812
  0
LWPOLYLINE
  5
71F
330
17
100
AcDbEntity
  8
EB-BASE-ENCROACHED
100
AcDbPolyline
 90
2
 70
0
 10
-333612.029
 20
-27646.292
 10
-333612.1830000001
 20
-27646.8
  0
LWPOLYLINE
  5
720
330
17
100
AcDbEntity
  8
EB-BASE-ENCROACHED
100
AcDbPolyline
 90
2
 70
0
 10
-333612.029
 20
-27646.292
 10
-333595.756
 20
-27650.875
  0
LWPOLYLINE
  5
721
330
17
100
AcDbEntity
  8
EB-BASE-ENCROACHED
100
AcDbPolyline
 90
2
 70
0
 10
-333626.61
 20
-27642.245
 10
-333626.67
 20
-27642.447
  0
LWPOLYLINE
  5
722
330
17
100
AcDbEntity
  8
EB-BASE-ENCROACHED
100
AcDbPolyline
 90
3
 70
0
 10
-333612.029
 20
-27646.292
 10
-333620.576
 20
-27643.9
 10
-333626.61
 20
-27642.245
  0
LWPOLYLINE
  5
723
330
17
100
AcDbEntity
  8
EB-BASE-ENCROACHED
100
AcDbPolyline
 90
3
 70
0
 10
-333626.61
 20
-27642.245
 10
-333635.3680000001
 20
-27639.741
 10
-333637.36
 20
-27639.291
  0
LWPOLYLINE
  5
724
330
17
100
AcDbEntity
  8
EB-BASE-ENCROACHED
100
AcDbPolyline
 90
4
 70
0
 10
-333471.4990000001
 20
-27779.055
 10
-333471.801
 20
-27779.459
 10
-333483.129
 20
-27770.911
 10
-333497.9220000001
 20
-27760.066
  0
LWPOLYLINE
  5
725
330
17
100
AcDbEntity
  8
EB-BASE-ENCROACHED
100
AcDbPolyline
 90
5
 70
0
 10
-333576.692
 20
-27679.007
 10
-333574.945
 20
-27689.164
 10
-333572.572
 20
-27703.498
 10
-333570.2110000001
 20
-27718.045
 10
-333567.9900000001
 20
-27731.496
  0
LWPOLYLINE
  5
726
330
17
100
AcDbEntity
  8
EB-BASE-ENCROACHED
100
AcDbPolyline
 90
2
 70
0
 10
-333489.8180000001
 20
-27746.741
 10
-333501.741
 20
-27757.293
  0
LWPOLYLINE
  5
727
330
17
100
AcDbEntity
  8
EB-BASE-ENCROACHED
100
AcDbPolyline
 90
2
 70
0
 10
-333498.181
 20
-27966.162
 10
-333498.326
 20
-27966.094
  0
LWPOLYLINE
  5
728
330
17
100
AcDbEntity
  8
EB-BASE-ENCROACHED
100
AcDbPolyline
 90
2
 70
0
 10
-333498.181
 20
-27966.162
 10
-333499.933
 20
-27969.23
  0
LWPOLYLINE
  5
729
330
17
100
AcDbEntity
  8
EB-BASE-ENCROACHED
100
AcDbPolyline
 90
4
 70
0
 10
-333498.181
 20
-27966.162
 10
-333494.857
 20
-27959.712
 10
-333490.337
 20
-27950.96
 10
-333490.583
 20
-27950.829
  0
LWPOLYLINE
  5
72A
330
17
100
AcDbEntity
  8
EB-BASE-ENCROACHED
100
AcDbPolyline
 90
3
 70
0
 10
-333787.055
 20
-27983.517
 10
-333784.489
 20
-27980.405
 10
-333783.4770000001
 20
-27980.825
  0
LWPOLYLINE
  5
72B
330
17
100
AcDbEntity
  8
EB-BASE-ENCROACHED
100
AcDbPolyline
 90
2
 70
0
 10
-333798.8180000001
 20
-27999.178
 10
-333787.055
 20
-27983.517
  0
LWPOLYLINE
  5
72C
330
17
100
AcDbEntity
  8
EB-BASE-ENCROACHED
100
AcDbPolyline
 90
3
 70
0
 10
-333783.4770000001
 20
-27980.825
 10
-333777.477
 20
-27983.334
 10
-333777.4850000001
 20
-27983.803
  0
LWPOLYLINE
  5
72D
330
17
100
AcDbEntity
  8
EB-BASE-ENCROACHED
100
AcDbPolyline
 90
4
 70
0
 10
-333671.137
 20
-27853.308
 10
-333675.567
 20
-27851.866
 10
-333678.468
 20
-27858.204
 10
-333675.745
 20
-27859.454
  0
LWPOLYLINE
  5
72E
330
17
100
AcDbEntity
  8
EB-BASE-ENCROACHED
100
AcDbPolyline
 90
6
 70
0
 10
-333682.363
 20
-27872.749
 10
-333684.927
 20
-27871.384
 10
-333683.907
 20
-27869.32
 10
-333683.5410000001
 20
-27869.481
 10
-333678.132
 20
-27859.914
 10
-333676.4340000001
 20
-27860.838
  0
LWPOLYLINE
  5
730
330
17
100
AcDbEntity
  8
EB-BASE-DIVIDING
100
AcDbPolyline
 90
2
 70
0
 10
-334010.865
 20
-27679.834
 10
-334006.4650000001
 20
-27681.41
  0
LWPOLYLINE
  5
731
330
17
100
AcDbEntity
  8
EB-BASE-DIVIDING
100
AcDbPolyline
 90
3
 70
0
 10
-333890.2090000001
 20
-27648.802
 10
-333903.391
 20
-27652.359
 10
-333912.304
 20
-27652.824
  0
LWPOLYLINE
  5
732
330
17
100
AcDbEntity
  8
EB-BASE-DIVIDING
100
AcDbPolyline
 90
11
 70
0
 10
-333811.859
 20
-27912.117
 10
-333809.503
 20
-27909.785
 10
-333807.572
 20
-27907.48
 10
-333805.765
 20
-27904.891
 10
-333801.477
 20
-27896.804
 10
-333795.4540000001
 20
-27886.235
 10
-333791.237
 20
-27878.823
 10
-333790.21
 20
-27876.695
 10
-333783.974
 20
-27862.295
 10
-333780.944
 20
-27855.273
 10
-333780.4180000001
 20
-27853.681
  0
LWPOLYLINE
  5
733
330
17
100
AcDbEntity
  8
EB-BASE-DIVIDING
100
AcDbPolyline
 90
13
 70
0
 10
-333780.4180000001
 20
-27853.681
 10
-333780.288
 20
-27853.287
 10
-333779.81
 20
-27850.486
 10
-333779.5970000001
 20
-27845.591
 10
-333779.474
 20
-27843.96
 10
-333778.8360000001
 20
-27841.761
 10
-333777.596
 20
-27838.498
 10
-333775.719
 20
-27832.54
 10
-333773.9120000001
 20
-27827.468
 10
-333773.2840000001
 20
-27825.748
 10
-333770.634
 20
-27818.496
 10
-333769.6070000001
 20
-27818.638
 10
-333772.243
 20
-27825.761
  0
LWPOLYLINE
  5
734
330
17
100
AcDbEntity
  8
EB-BASE-DIVIDING
100
AcDbPolyline
 90
7
 70
0
 10
-333772.243
 20
-27825.761
 10
-333774.1610000001
 20
-27830.944
 10
-333774.817
 20
-27833.143
 10
-333775.207
 20
-27835.271
 10
-333777.083
 20
-27844.634
 10
-333778.731
 20
-27853.678
 10
-333779.0480000001
 20
-27854.483
  0
LWPOLYLINE
  5
735
330
17
100
AcDbEntity
  8
EB-BASE-DIVIDING
100
AcDbPolyline
 90
11
 70
0
 10
-333779.0480000001
 20
-27854.483
 10
-333779.387
 20
-27855.345
 10
-333784.808
 20
-27867.935
 10
-333789.61
 20
-27878.823
 10
-333792.446
 20
-27883.86
 10
-333798.079
 20
-27893.861
 10
-333802.8270000001
 20
-27902.443
 10
-333805.75
 20
-27907.408
 10
-333807.734
 20
-27909.855
 10
-333812.217
 20
-27914.714
 10
-333814.697
 20
-27917.338
  0
LWPOLYLINE
  5
736
330
17
100
AcDbEntity
  8
EB-BASE-DIVIDING
100
AcDbPolyline
 90
18
 70
0
 10
-333814.697
 20
-27917.338
 10
-333818.606
 20
-27921.508
 10
-333824.703
 20
-27927.999
 10
-333833.3840000001
 20
-27937.117
 10
-333842.839
 20
-27947.085
 10
-333845.039
 20
-27949.828
 10
-333854.454
 20
-27961.418
 10
-333857.347
 20
-27965.744
 10
-333859.546
 20
-27968.873
 10
-333860.974
 20
-27971.114
 10
-333864.022
 20
-27979.073
 10
-333866.375
 20
-27983.477
 10
-333870.9280000001
 20
-27991.512
 10
-333871.6230000001
 20
-27992.594
 10
-333872.279
 20
-27993.483
 10
-333873.474
 20
-27994.602
 10
-333880.4980000001
 20
-28001.016
 10
-333881.659
 20
-28001.798
  0
LWPOLYLINE
  5
737
330
17
100
AcDbEntity
  8
EB-BASE-DIVIDING
100
AcDbPolyline
 90
4
 70
0
 10
-333877.509
 20
-27995.451
 10
-333874.4780000001
 20
-27992.478
 10
-333871.044
 20
-27986.684
 10
-333866.044
 20
-27977.917
  0
LWPOLYLINE
  5
738
330
17
100
AcDbEntity
  8
EB-BASE-DIVIDING
100
AcDbPolyline
 90
8
 70
0
 10
-333815.4940000001
 20
-27916.478
 10
-333820.9610000001
 20
-27922.243
 10
-333828.485
 20
-27930.203
 10
-333834.349
 20
-27936.344
 10
-333841.604
 20
-27944.225
 10
-333844.6130000001
 20
-27947.394
 10
-333846.735
 20
-27949.905
 10
-333850.685
 20
-27954.995
  0
LWPOLYLINE
  5
739
330
17
100
AcDbEntity
  8
EB-BASE-DIVIDING
100
AcDbPolyline
 90
6
 70
0
 10
-333999.717
 20
-27517.078
 10
-334000.13
 20
-27517.35
 10
-334000.835
 20
-27518.376
 10
-334001.4760000001
 20
-27519.498
 10
-334002.0850000001
 20
-27520.909
 10
-334002.354
 20
-27522.577
  0
LWPOLYLINE
  5
73A
330
17
100
AcDbEntity
  8
EB-BASE-DIVIDING
100
AcDbPolyline
 90
7
 70
0
 10
-334004.406
 20
-27526.749
 10
-334004.9370000001
 20
-27527.226
 10
-334005.289
 20
-27528.092
 10
-334006.09
 20
-27528.861
 10
-334006.3780000001
 20
-27529.759
 10
-334006.9550000001
 20
-27531.042
 10
-334007.342
 20
-27532.659
  0
LWPOLYLINE
  5
73B
330
17
100
AcDbEntity
  8
EB-BASE-DIVIDING
100
AcDbPolyline
 90
5
 70
0
 10
-334013.625
 20
-27545.744
 10
-334014.2270000001
 20
-27546.113
 10
-334014.644
 20
-27546.498
 10
-334014.9
 20
-27547.043
 10
-334014.636
 20
-27547.83
  0
LWPOLYLINE
  5
73C
330
17
100
AcDbEntity
  8
EB-BASE-DIVIDING
100
AcDbPolyline
 90
16
 70
0
 10
-334020.84
 20
-27560.441
 10
-334021.3690000001
 20
-27560.832
 10
-334022.266
 20
-27562.082
 10
-334023.515
 20
-27563.782
 10
-334024.364
 20
-27565.577
 10
-334025.678
 20
-27569.072
 10
-334026.91
 20
-27572.439
 10
-334027.365
 20
-27573.345
 10
-334027.9130000001
 20
-27573.261
 10
-334028.7040000001
 20
-27573.241
 10
-334029.2810000001
 20
-27573.562
 10
-334029.654
 20
-27574.146
 10
-334029.634
 20
-27574.78
 10
-334029.527
 20
-27576.001
 10
-334029.19
 20
-27576.464
 10
-334028.608
 20
-27576.495
  0
LWPOLYLINE
  5
73D
330
17
100
AcDbEntity
  8
EB-BASE-DIVIDING
100
AcDbPolyline
 90
15
 70
0
 10
-334032.049
 20
-27583.575
 10
-334032.678
 20
-27583.404
 10
-334033.158
 20
-27582.891
 10
-334033.9590000001
 20
-27583.34
 10
-334034.3120000001
 20
-27583.821
 10
-334034.745
 20
-27585.039
 10
-334036.218
 20
-27587.701
 10
-334037.7880000001
 20
-27589.24
 10
-334038.028
 20
-27589.626
 10
-334038.157
 20
-27590.235
 10
-334037.9
 20
-27590.524
 10
-334037.324
 20
-27590.459
 10
-334036.843
 20
-27590.652
 10
-334036.362
 20
-27591.005
 10
-334035.9480000001
 20
-27591.603
  0
LWPOLYLINE
  5
73E
330
17
100
AcDbEntity
  8
EB-BASE-DIVIDING
100
AcDbPolyline
 90
7
 70
0
 10
-334046.5250000001
 20
-27612.841
 10
-334048.229
 20
-27612.253
 10
-334049.2810000001
 20
-27611.161
 10
-334049.553
 20
-27610.498
 10
-334051.3070000001
 20
-27615.257
 10
-334049.2810000001
 20
-27616.076
 10
-334048.289
 20
-27616.769
  0
LWPOLYLINE
  5
73F
330
17
100
AcDbEntity
  8
EB-BASE-DIVIDING
100
AcDbPolyline
 90
2
 70
0
 10
-333876.0360000001
 20
-27524.751
 10
-333881.9330000001
 20
-27523.754
  0
LWPOLYLINE
  5
740
330
17
100
AcDbEntity
  8
EB-BASE-DIVIDING
100
AcDbPolyline
 90
2
 70
0
 10
-333889.241
 20
-27643.638
 10
-333888.096
 20
-27643.889
  0
LWPOLYLINE
  5
741
330
17
100
AcDbEntity
  8
EB-BASE-DIVIDING
100
AcDbPolyline
 90
15
 70
0
 10
-333885.375
 20
-27647.425
 10
-333885.549
 20
-27647.051
 10
-333895.821
 20
-27649.948
 10
-333903.642
 20
-27652.051
 10
-333909.6410000001
 20
-27652.285
 10
-333920.403
 20
-27653.407
 10
-333927.2200000001
 20
-27653.921
 10
-333937.749
 20
-27655.884
 10
-333951.779
 20
-27658.594
 10
-333962.284
 20
-27660.463
 10
-333967.747
 20
-27661.865
 10
-333972.509
 20
-27663.361
 10
-333973.676
 20
-27663.828
 10
-333974.517
 20
-27664.295
 10
-333974.3070000001
 20
-27664.665
  0
LWPOLYLINE
  5
742
330
17
100
AcDbEntity
  8
EB-BASE-DIVIDING
100
AcDbPolyline
 90
2
 70
0
 10
-333851.829
 20
-27637.549
 10
-333850.506
 20
-27638.03
  0
LWPOLYLINE
  5
743
330
17
100
AcDbEntity
  8
EB-BASE-DIVIDING
100
AcDbPolyline
 90
2
 70
0
 10
-333785.843
 20
-27564.688
 10
-333788.778
 20
-27562.872
  0
LWPOLYLINE
  5
744
330
17
100
AcDbEntity
  8
EB-BASE-DIVIDING
100
AcDbPolyline
 90
16
 70
0
 10
-333849.254
 20
-27665.226
 10
-333848.9350000001
 20
-27649.604
 10
-333848.81
 20
-27643.187
 10
-333851.017
 20
-27642.474
 10
-333850.9120000001
 20
-27654.863
 10
-333851.165
 20
-27670.539
 10
-333851.0750000001
 20
-27679.912
 10
-333851.224
 20
-27690.121
 10
-333851.194
 20
-27693.466
 10
-333852.431
 20
-27702.571
 10
-333853.863
 20
-27712.87
 10
-333854.2810000001
 20
-27715.70800000001
 10
-333854.3100000001
 20
-27716.574
 10
-333854.0720000001
 20
-27718.335
 10
-333854.102
 20
-27721.022
 10
-333855.7090000001
 20
-27722.406
  0
LWPOLYLINE
  5
745
330
17
100
AcDbEntity
  8
EB-BASE-DIVIDING
100
AcDbPolyline
 90
16
 70
0
 10
-333856.12
 20
-27726.572
 10
-333856.771
 20
-27734.937
 10
-333857.964
 20
-27746.31
 10
-333856.353
 20
-27746.519
 10
-333854.8320000001
 20
-27731.116
 10
-333853.7430000001
 20
-27721.113
 10
-333853.295
 20
-27717.68
 10
-333852.8030000001
 20
-27716.157
 10
-333851.8790000001
 20
-27711.171
 10
-333850.627
 20
-27703.14
 10
-333849.852
 20
-27697.707
 10
-333849.1660000001
 20
-27694.184
 10
-333849.211
 20
-27692.155
 10
-333849.2850000001
 20
-27685.019
 10
-333849.554
 20
-27675.554
 10
-333849.4830000001
 20
-27671.939
  0
LWPOLYLINE
  5
746
330
17
100
AcDbEntity
  8
EB-BASE-DIVIDING
100
AcDbPolyline
 90
43
 70
0
 10
-333875.311
 20
-27796.41
 10
-333879.499
 20
-27802.512
 10
-333879.75
 20
-27803.039
 10
-333880.264
 20
-27805.172
 10
-333882.3570000001
 20
-27810.844
 10
-333883.785
 20
-27814.734
 10
-333886.7320000001
 20
-27820.833
 10
-333891.1190000001
 20
-27830.221
 10
-333897.4270000001
 20
-27843.449
 10
-333901.351
 20
-27851.584
 10
-333902.279
 20
-27854.145
 10
-333903.495
 20
-27859.114
 10
-333904.9000000001
 20
-27864.662
 10
-333907.395
 20
-27869.306
 10
-333910.7310000001
 20
-27875.63
 10
-333914.994
 20
-27883.739
 10
-333921.0270000001
 20
-27895.186
 10
-333926.017
 20
-27904.8
 10
-333927.597
 20
-27908.013
 10
-333933.9930000001
 20
-27919.786
 10
-333937.492
 20
-27930.88
 10
-333938.595
 20
-27930.428
 10
-333935.874
 20
-27922.119
 10
-333932.464
 20
-27913.685
 10
-333929.5030000001
 20
-27907.108
 10
-333926.507
 20
-27901.562
 10
-333922.0920000001
 20
-27893.204
 10
-333915.582
 20
-27880.929
 10
-333908.371
 20
-27867.275
 10
-333905.636
 20
-27862.256
 10
-333903.191
 20
-27855.353
 10
-333901.7860000001
 20
-27851.462
 10
-333898.062
 20
-27843.505
 10
-333894.1990000001
 20
-27835.323
 10
-333888.5680000001
 20
-27823.073
 10
-333884.456
 20
-27814.289
 10
-333883.002
 20
-27810.4
 10
-333880.933
 20
-27804.049
 10
-333881.685
 20
-27803.271
 10
-333882.1750000001
 20
-27802.517
 10
-333881.831
 20
-27801.957
 10
-333882.157
 20
-27801.505
 10
-333886.714
 20
-27800.002
  0
LWPOLYLINE
  5
747
330
17
100
AcDbEntity
  8
EB-BASE-DIVIDING
100
AcDbPolyline
 90
15
 70
0
 10
-333886.495
 20
-27799.371
 10
-333881.455
 20
-27801.003
 10
-333880.125
 20
-27802.082
 10
-333875.022
 20
-27795.154
 10
-333874.7710000001
 20
-27794.677
 10
-333874.697
 20
-27793.5
 10
-333874.583
 20
-27791.69
 10
-333874.9600000001
 20
-27790.485
 10
-333874.433
 20
-27789.883
 10
-333874.032
 20
-27791.138
 10
-333872.213
 20
-27787.322
 10
-333870.596
 20
-27784.21
 10
-333869.8690000001
 20
-27784.461
 10
-333872.9160000001
 20
-27790.134
 10
-333874.147
 20
-27793.679
  0
LWPOLYLINE
  5
748
330
17
100
AcDbEntity
  8
EB-BASE-DIVIDING
100
AcDbPolyline
 90
2
 70
0
 10
-333781.545
 20
-27560.039
 10
-333783.733
 20
-27558.724
  0
LWPOLYLINE
  5
749
330
17
100
AcDbEntity
  8
EB-BASE-DIVIDING
100
AcDbPolyline
 90
4
 70
0
 10
-333783.733
 20
-27558.724
 10
-333781.181
 20
-27553.737
 10
-333778.9690000001
 20
-27554.817
 10
-333781.545
 20
-27560.039
  0
LWPOLYLINE
  5
74A
330
17
100
AcDbEntity
  8
EB-BASE-DIVIDING
100
AcDbPolyline
 90
46
 70
0
 10
-334043.62
 20
-27607.089
 10
-334045.107
 20
-27607.254
 10
-334046.945
 20
-27607.638
 10
-334048.055
 20
-27608.136
 10
-334049.0510000001
 20
-27608.826
 10
-334022.4720000001
 20
-27535.999
 10
-334022.626
 20
-27537.686
 10
-334022.9320000001
 20
-27539.679
 10
-334023.391
 20
-27541.941
 10
-334023.85
 20
-27545.046
 10
-334024.0420000001
 20
-27546.54
 10
-334023.9270000001
 20
-27548.419
 10
-334024.2330000001
 20
-27550.565
 10
-334025.114
 20
-27553.555
 10
-334026.11
 20
-27556.315
 10
-334025.612
 20
-27556.545
 10
-334024.157
 20
-27556.123
 10
-334023.7350000001
 20
-27555.663
 10
-334023.0460000001
 20
-27556.162
 10
-334022.663
 20
-27555.893
 10
-334021.935
 20
-27555.242
 10
-334021.1890000001
 20
-27552.29
 10
-334019.867
 20
-27549.377
 10
-334018.6600000001
 20
-27546.195
 10
-334017.741
 20
-27544.087
 10
-334016.3050000001
 20
-27541.25
 10
-334015.463
 20
-27538.49
 10
-334014.1040000001
 20
-27535.616
 10
-334011.864
 20
-27530.48
 10
-334010.542
 20
-27527.643
 10
-334009.163
 20
-27525.458
 10
-334007.268
 20
-27520.514
 10
-334005.985
 20
-27515.761
 10
-334005.009
 20
-27512.388
 10
-334004.11
 20
-27510.778
 10
-334003.535
 20
-27509.475
 10
-334003.114
 20
-27505.642
 10
-334002.214
 20
-27502.729
 10
-334001.045
 20
-27499.701
 10
-334000.5850000001
 20
-27497.401
 10
-334000.4320000001
 20
-27494.871
 10
-333999.57
 20
-27490.003
 10
-333998.67
 20
-27488.125
 10
-333998.4920000001
 20
-27487.192
 10
-333997.197
 20
-27479.241
 10
-333996.63
 20
-27477.774
  0
LWPOLYLINE
  5
74B
330
17
100
AcDbEntity
  8
EB-BASE-DIVIDING
100
AcDbPolyline
 90
17
 70
0
 10
-333987.2260000001
 20
-27482.042
 10
-333987.208
 20
-27483.563
 10
-333987.159
 20
-27487.757
 10
-333987.7530000001
 20
-27489.413
 10
-333987.939
 20
-27490.059
 10
-333990.0530000001
 20
-27495.189
 10
-333991.479
 20
-27497.948
 10
-333992.568
 20
-27498.878
 10
-333994.4260000001
 20
-27500.545
 10
-333994.875
 20
-27501.154
 10
-333995.035
 20
-27501.603
 10
-333994.251
 20
-27502.598
 10
-333993.898
 20
-27503.336
 10
-333994.091
 20
-27504.009
 10
-333996.9590000001
 20
-27509.012
 10
-333997.503
 20
-27511.161
 10
-333997.522
 20
-27512.622
  0
LWPOLYLINE
  5
74C
330
17
100
AcDbEntity
  8
EB-BASE-DIVIDING
100
AcDbPolyline
 90
12
 70
0
 10
-333744.148
 20
-27727.176
 10
-333745.125
 20
-27729.369
 10
-333748.645
 20
-27737.098
 10
-333749.79
 20
-27742.215
 10
-333751.6950000001
 20
-27750.755
 10
-333753.234
 20
-27757.047
 10
-333752.4000000001
 20
-27757.309
 10
-333752.034
 20
-27755.768
 10
-333750.078
 20
-27747.151
 10
-333748.018
 20
-27737.673
 10
-333745.959
 20
-27733.312
 10
-333743.398
 20
-27727.813
  0
LWPOLYLINE
  5
74D
330
17
100
AcDbEntity
  8
EB-BASE-DIVIDING
100
AcDbPolyline
 90
2
 70
0
 10
-333741.167
 20
-27505.401
 10
-333747.646
 20
-27508.011
  0
LWPOLYLINE
  5
74E
330
17
100
AcDbEntity
  8
EB-BASE-DIVIDING
100
AcDbPolyline
 90
6
 70
0
 10
-333775.904
 20
-27525.066
 10
-333775.662
 20
-27521.762
 10
-333775.5040000001
 20
-27520.837
 10
-333775.2490000001
 20
-27520.148
 10
-333774.895
 20
-27519.676
 10
-333774.072
 20
-27518.748
  0
LWPOLYLINE
  5
74F
330
17
100
AcDbEntity
  8
EB-BASE-DIVIDING
100
AcDbPolyline
 90
2
 70
0
 10
-333778.329
 20
-27547.264
 10
-333776.048
 20
-27548.223
  0
LWPOLYLINE
  5
750
330
17
100
AcDbEntity
  8
EB-BASE-DIVIDING
100
AcDbPolyline
 90
2
 70
0
 10
-333789.378
 20
-27569.056
 10
-333787.105
 20
-27569.654
  0
LWPOLYLINE
  5
751
330
17
100
AcDbEntity
  8
EB-BASE-DIVIDING
100
AcDbPolyline
 90
3
 70
0
 10
-333645.3200000001
 20
-27819.729
 10
-333645.548
 20
-27820.04
 10
-333650.991
 20
-27817.783
  0
LWPOLYLINE
  5
752
330
17
100
AcDbEntity
  8
EB-BASE-DIVIDING
100
AcDbPolyline
 90
4
 70
0
 10
-333671.137
 20
-27853.308
 10
-333670.951
 20
-27852.891
 10
-333676.083
 20
-27851.018
 10
-333676.3530000001
 20
-27851.523
  0
LWPOLYLINE
  5
753
330
17
100
AcDbEntity
  8
EB-BASE-DIVIDING
100
AcDbPolyline
 90
2
 70
0
 10
-333706.201
 20
-27900.835
 10
-333703.356
 20
-27902.569
  0
LWPOLYLINE
  5
754
330
17
100
AcDbEntity
  8
EB-BASE-DIVIDING
100
AcDbPolyline
 90
2
 70
0
 10
-333698.956
 20
-27897.641
 10
-333695.255
 20
-27893.882
  0
LWPOLYLINE
  5
755
330
17
100
AcDbEntity
  8
EB-BASE-DIVIDING
100
AcDbPolyline
 90
2
 70
0
 10
-333780.4180000001
 20
-27853.681
 10
-333779.0480000001
 20
-27854.483
  0
LWPOLYLINE
  5
756
330
17
100
AcDbEntity
  8
EB-BASE-DIVIDING
100
AcDbPolyline
 90
3
 70
0
 10
-333814.895
 20
-27916.723
 10
-333814.945
 20
-27917.09
 10
-333814.697
 20
-27917.338
  0
LWPOLYLINE
  5
757
330
17
100
AcDbEntity
  8
EB-BASE-DIVIDING
100
AcDbPolyline
 90
27
 70
0
 10
-333989.012
 20
-28127.066
 10
-333987.9490000001
 20
-28125.191
 10
-333986.291
 20
-28121.603
 10
-333984.197
 20
-28116.597
 10
-333983.1330000001
 20
-28113.935
 10
-333981.8560000001
 20
-28109.995
 10
-333980.969
 20
-28106.906
 10
-333980.1700000001
 20
-28103.427
 10
-333978.822
 20
-28097.569
 10
-333976.694
 20
-28087.664
 10
-333975.806
 20
-28082.197
 10
-333975.0960000001
 20
-28077.298
 10
-333974.6
 20
-28073.96
 10
-333974.033
 20
-28070.8
 10
-333973.0750000001
 20
-28067.144
 10
-333971.513
 20
-28061.215
 10
-333968.657
 20
-28050.564
 10
-333966.458
 20
-28042.434
 10
-333963.229
 20
-28032.637
 10
-333962.2
 20
-28028.802
 10
-333959.877
 20
-28020.708
 10
-333957.8550000001
 20
-28013.714
 10
-333954.059
 20
-27999.265
 10
-333952.409
 20
-27992.946
 10
-333950.316
 20
-27984.959
 10
-333948.2580000001
 20
-27977.929
 10
-333947.919
 20
-27976.545
  0
LWPOLYLINE
  5
758
330
17
100
AcDbEntity
  8
EB-BASE-DIVIDING
100
AcDbPolyline
 90
2
 70
0
 10
-333947.919
 20
-27976.545
 10
-333948.404
 20
-27976.365
  0
LWPOLYLINE
  5
759
330
17
100
AcDbEntity
  8
EB-BASE-DIVIDING
100
AcDbPolyline
 90
22
 70
0
 10
-333948.404
 20
-27976.365
 10
-333950.9760000001
 20
-27985.17
 10
-333953.353
 20
-27994.436
 10
-333956.154
 20
-28005.299
 10
-333959.311
 20
-28016.588
 10
-333962.256
 20
-28026.955
 10
-333964.667
 20
-28035.014
 10
-333967.1840000001
 20
-28042.505
 10
-333969.171
 20
-28049.783
 10
-333971.832
 20
-28059.688
 10
-333974.8120000001
 20
-28070.303
 10
-333975.415
 20
-28073.285
 10
-333976.285
 20
-28079.356
 10
-333977.2420000001
 20
-28085.427
 10
-333979.494
 20
-28095.935
 10
-333981.4110000001
 20
-28105.379
 10
-333982.333
 20
-28109.071
 10
-333983.789
 20
-28113.722
 10
-333985.066
 20
-28116.953
 10
-333986.7690000001
 20
-28120.893
 10
-333988.217
 20
-28124.193
 10
-333988.9970000001
 20
-28125.268
  0
LWPOLYLINE
  5
75A
330
17
100
AcDbEntity
  8
EB-BASE-DIVIDING
100
AcDbPolyline
 90
2
 70
0
 10
-333531.705
 20
-27901.252
 10
-333518.733
 20
-27905.64
  0
LWPOLYLINE
  5
75B
330
17
100
AcDbEntity
  8
EB-BASE-DIVIDING
100
AcDbPolyline
 90
2
 70
0
 10
-334067.339
 20
-27896.038
 10
-334056.563
 20
-27909.575
  0
LWPOLYLINE
  5
75C
330
17
100
AcDbEntity
  8
EB-BASE-DIVIDING
100
AcDbPolyline
 90
2
 70
0
 10
-333952.743
 20
-27973.607
 10
-333948.404
 20
-27976.365
  0
LWPOLYLINE
  5
75D
330
17
100
AcDbEntity
  8
EB-BASE-DIVIDING
100
AcDbPolyline
 90
2
 70
0
 10
-333945.031
 20
-27979.711
 10
-333947.919
 20
-27976.545
  0
LWPOLYLINE
  5
75E
330
17
100
AcDbEntity
  8
EB-BASE-DIVIDING
100
AcDbPolyline
 90
2
 70
0
 10
-333714.613
 20
-27601.358
 10
-333694.843
 20
-27582.959
  0
LWPOLYLINE
  5
75F
330
17
100
AcDbEntity
  8
EB-BASE-DIVIDING
100
AcDbPolyline
 90
2
 70
0
 10
-333673.379
 20
-27562.285
 10
-333670.5190000001
 20
-27556.583
  0
LWPOLYLINE
  5
760
330
17
100
AcDbEntity
  8
EB-BASE-DIVIDING
100
AcDbPolyline
 90
2
 70
0
 10
-333633.826
 20
-27518.692
 10
-333626.435
 20
-27511.793
  0
LWPOLYLINE
  5
761
330
17
100
AcDbEntity
  8
EB-BASE-DIVIDING
100
AcDbPolyline
 90
2
 70
0
 10
-333994.31
 20
-27944.994
 10
-333990.158
 20
-27947.887
  0
LWPOLYLINE
  5
762
330
17
100
AcDbEntity
  8
EB-BASE-DIVIDING
100
AcDbPolyline
 90
2
 70
0
 10
-334016.6890000001
 20
-27973.515
 10
-334013.445
 20
-27968.517
  0
LWPOLYLINE
  5
763
330
17
100
AcDbEntity
  8
EB-BASE-DIVIDING
100
AcDbPolyline
 90
2
 70
0
 10
-333922.865
 20
-27649.539
 10
-333905.033
 20
-27646.513
  0
LWPOLYLINE
  5
764
330
17
100
AcDbEntity
  8
EB-BASE-DIVIDING
100
AcDbPolyline
 90
2
 70
0
 10
-334063.303
 20
-27990.389
 10
-334051.927
 20
-27989.969
  0
LWPOLYLINE
  5
765
330
17
100
AcDbEntity
  8
EB-BASE-DIVIDING
100
AcDbPolyline
 90
2
 70
0
 10
-333772.243
 20
-27825.761
 10
-333770.822
 20
-27825.778
  0
LWPOLYLINE
  5
766
330
17
100
AcDbEntity
  8
EB-BASE-DIVIDING
100
AcDbPolyline
 90
2
 70
0
 10
-333770.822
 20
-27825.778
 10
-333762.4480000001
 20
-27825.88
  0
LWPOLYLINE
  5
767
330
17
100
AcDbEntity
  8
EB-BASE-DIVIDING
100
AcDbPolyline
 90
2
 70
0
 10
-333743.6330000001
 20
-27726.021
 10
-333744.148
 20
-27727.176
  0
LWPOLYLINE
  5
768
330
17
100
AcDbEntity
  8
EB-BASE-DIVIDING
100
AcDbPolyline
 90
2
 70
0
 10
-333743.398
 20
-27727.813
 10
-333742.711
 20
-27726.337
  0
LWPOLYLINE
  5
769
330
17
100
AcDbEntity
  8
EB-BASE-DIVIDING
100
AcDbPolyline
 90
2
 70
0
 10
-334052.4860000001
 20
-27618.245
 10
-334052.203
 20
-27619.569
  0
LWPOLYLINE
  5
76A
330
17
100
AcDbEntity
  8
EB-BASE-DIVIDING
100
AcDbPolyline
 90
9
 70
0
 10
-334052.203
 20
-27619.569
 10
-334051.777
 20
-27620.232
 10
-334051.0920000001
 20
-27620.705
 10
-334050.95
 20
-27621.178
 10
-334051.0920000001
 20
-27621.935
 10
-334052.463
 20
-27623.426
 10
-334053.3960000001
 20
-27624.372
 10
-334055.216
 20
-27625.886
 10
-334052.4860000001
 20
-27618.245
  0
LWPOLYLINE
  5
76B
330
17
100
AcDbEntity
  8
EB-BASE-DIVIDING
100
AcDbPolyline
 90
2
 70
0
 10
-333718.379
 20
-27605.843
 10
-333722.049
 20
-27609.37
  0
LWPOLYLINE
  5
76C
330
17
100
AcDbEntity
  8
EB-BASE-DIVIDING
100
AcDbPolyline
 90
17
 70
0
 10
-333722.049
 20
-27609.37
 10
-333731.0560000001
 20
-27618.014
 10
-333736.38
 20
-27623.144
 10
-333743.948
 20
-27630.463
 10
-333753.848
 20
-27640.058
 10
-333762.7690000001
 20
-27648.733
 10
-333776.382
 20
-27661.786
 10
-333781.935
 20
-27667.06
 10
-333782.597
 20
-27665.936
 10
-333776.697
 20
-27660.461
 10
-333768.6110000001
 20
-27652.911
 10
-333761.733
 20
-27646.226
 10
-333753.503
 20
-27638.33
 10
-333745.359
 20
-27630.463
 10
-333728.583
 20
-27614.297
 10
-333719.397
 20
-27605.412
 10
-333718.379
 20
-27605.843
  0
LWPOLYLINE
  5
76E
330
17
100
AcDbEntity
  8
EB-BASE-SECTIONS
100
AcDbPolyline
 90
5
 70
0
 10
-333578.8020000001
 20
-27656.449
 10
-333546.62
 20
-27664.986
 10
-333522.762
 20
-27678.869
 10
-333466.6780000001
 20
-27720.363
 10
-333462.718
 20
-27723.245
  0
LWPOLYLINE
  5
76F
330
17
100
AcDbEntity
  8
EB-BASE-SECTIONS
100
AcDbPolyline
 90
16
 70
0
 10
-333973.016
 20
-27474.798
 10
-333970.993
 20
-27476.282
 10
-333967.788
 20
-27477.966
 10
-333960.348
 20
-27481.534
 10
-333959.523
 20
-27481.938
 10
-333955.8890000001
 20
-27483.716
 10
-333955.75
 20
-27483.784
 10
-333952.417
 20
-27485.415
 10
-333945.202
 20
-27488.925
 10
-333937.55
 20
-27492.721
 10
-333926.701
 20
-27497.973
 10
-333919.001
 20
-27501.397
 10
-333913.124
 20
-27504.094
 10
-333904.703
 20
-27507.533
 10
-333898.129
 20
-27510.216
 10
-333887.009
 20
-27514.854
  0
LWPOLYLINE
  5
770
330
17
100
AcDbEntity
  8
EB-BASE-SECTIONS
100
AcDbPolyline
 90
2
 70
0
 10
-333876.0360000001
 20
-27524.751
 10
-333848.732
 20
-27534.984
  0
LWPOLYLINE
  5
771
330
17
100
AcDbEntity
  8
EB-BASE-SECTIONS
100
AcDbPolyline
 90
5
 70
0
 10
-333848.0130000001
 20
-27535.255
 10
-333842.856
 20
-27537.197
 10
-333823.92
 20
-27544.378
 10
-333806.022
 20
-27552.643
 10
-333788.778
 20
-27562.872
  0
LWPOLYLINE
  5
772
330
17
100
AcDbEntity
  8
EB-BASE-SECTIONS
100
AcDbPolyline
 90
4
 70
0
 10
-333766.8750000001
 20
-27576.104
 10
-333766.4140000001
 20
-27576.381
 10
-333749.637
 20
-27586.615
 10
-333719.587
 20
-27605.001
  0
LWPOLYLINE
  5
773
330
17
100
AcDbEntity
  8
EB-BASE-SECTIONS
100
AcDbPolyline
 90
2
 70
0
 10
-333784.7850000001
 20
-27565.349
 10
-333769.786
 20
-27574.356
  0
LWPOLYLINE
  5
774
330
17
100
AcDbEntity
  8
EB-BASE-SECTIONS
100
AcDbPolyline
 90
3
 70
0
 10
-333788.702
 20
-27671.495
 10
-333766.9750000001
 20
-27679.69
 10
-333751.186
 20
-27685.682
  0
LWPOLYLINE
  5
775
330
17
100
AcDbEntity
  8
EB-BASE-SECTIONS
100
AcDbPolyline
 90
3
 70
0
 10
-333751.186
 20
-27685.682
 10
-333750.387
 20
-27685.985
 10
-333740.755
 20
-27690.017
  0
LWPOLYLINE
  5
776
330
17
100
AcDbEntity
  8
EB-BASE-SECTIONS
100
AcDbPolyline
 90
3
 70
0
 10
-333738.7250000001
 20
-27690.867
 10
-333738.625
 20
-27690.909
 10
-333730.98
 20
-27694.109
  0
LWPOLYLINE
  5
777
330
17
100
AcDbEntity
  8
EB-BASE-SECTIONS
100
AcDbPolyline
 90
3
 70
0
 10
-333730.98
 20
-27694.109
 10
-333739.578
 20
-27710.479
 10
-333747.021
 20
-27724.736
  0
LWPOLYLINE
  5
778
330
17
100
AcDbEntity
  8
EB-BASE-SECTIONS
100
AcDbPolyline
 90
2
 70
0
 10
-333678.089
 20
-27626.051
 10
-333682.421
 20
-27624.43
  0
LWPOLYLINE
  5
779
330
17
100
AcDbEntity
  8
EB-BASE-SECTIONS
100
AcDbPolyline
 90
3
 70
0
 10
-333682.421
 20
-27624.43
 10
-333683.945
 20
-27623.819
 10
-333687.559
 20
-27622.462
  0
LWPOLYLINE
  5
77A
330
17
100
AcDbEntity
  8
EB-BASE-SECTIONS
100
AcDbPolyline
 90
3
 70
0
 10
-333687.559
 20
-27622.462
 10
-333689.257
 20
-27621.787
 10
-333714.4400000001
 20
-27608.039
  0
LWPOLYLINE
  5
77B
330
17
100
AcDbEntity
  8
EB-BASE-SECTIONS
100
AcDbPolyline
 90
3
 70
0
 10
-333671.161
 20
-27628.75
 10
-333672.745
 20
-27628.137
 10
-333676.994
 20
-27626.479
  0
LWPOLYLINE
  5
77C
330
17
100
AcDbEntity
  8
EB-BASE-SECTIONS
100
AcDbPolyline
 90
4
 70
0
 10
-333582.0460000001
 20
-27655.676
 10
-333580.83
 20
-27655.998
 10
-333580.592
 20
-27656.061
 10
-333578.8020000001
 20
-27656.449
  0
LWPOLYLINE
  5
77D
330
17
100
AcDbEntity
  8
EB-BASE-SECTIONS
100
AcDbPolyline
 90
7
 70
0
 10
-333637.36
 20
-27639.291
 10
-333637.887
 20
-27639.135
 10
-333645.7770000001
 20
-27636.805
 10
-333655.211
 20
-27633.969
 10
-333664.832
 20
-27631.053
 10
-333667.011
 20
-27630.358
 10
-333671.161
 20
-27628.75
  0
LWPOLYLINE
  5
77E
330
17
100
AcDbEntity
  8
EB-BASE-SECTIONS
100
AcDbPolyline
 90
2
 70
0
 10
-333562.548
 20
-27965.477
 10
-333561.386
 20
-27966.109
  0
LWPOLYLINE
  5
77F
330
17
100
AcDbEntity
  8
EB-BASE-SECTIONS
100
AcDbPolyline
 90
4
 70
0
 10
-333604.7710000001
 20
-27942.8
 10
-333608.821
 20
-27940.623
 10
-333627.19
 20
-27930.695
 10
-333640.963
 20
-27923.25
  0
LWPOLYLINE
  5
780
330
17
100
AcDbEntity
  8
EB-BASE-SECTIONS
100
AcDbPolyline
 90
4
 70
0
 10
-333569.578
 20
-27961.73
 10
-333579.69
 20
-27956.266
 10
-333594.4920000001
 20
-27948.326
 10
-333604.7710000001
 20
-27942.8
  0
LWPOLYLINE
  5
781
330
17
100
AcDbEntity
  8
EB-BASE-SECTIONS
100
AcDbPolyline
 90
3
 70
0
 10
-333668.4850000001
 20
-27908.434
 10
-333675.203
 20
-27904.816
 10
-333695.255
 20
-27893.882
  0
LWPOLYLINE
  5
782
330
17
100
AcDbEntity
  8
EB-BASE-SECTIONS
100
AcDbPolyline
 90
2
 70
0
 10
-333676.994
 20
-27626.479
 10
-333678.089
 20
-27626.051
  0
LWPOLYLINE
  5
783
330
17
100
AcDbEntity
  8
EB-BASE-SECTIONS
100
AcDbPolyline
 90
4
 70
0
 10
-333640.963
 20
-27923.25
 10
-333641.433
 20
-27922.996
 10
-333655.672
 20
-27915.334
 10
-333668.4850000001
 20
-27908.434
  0
LWPOLYLINE
  5
784
330
17
100
AcDbEntity
  8
EB-BASE-SECTIONS
100
AcDbPolyline
 90
2
 70
0
 10
-333763.336
 20
-27861.736
 10
-333774.547
 20
-27855.665
  0
LWPOLYLINE
  5
785
330
17
100
AcDbEntity
  8
EB-BASE-SECTIONS
100
AcDbPolyline
 90
2
 70
0
 10
-334057.8
 20
-27976.157
 10
-334057.696
 20
-27976.425
  0
LWPOLYLINE
  5
786
330
17
100
AcDbEntity
  8
EB-BASE-SECTIONS
100
AcDbPolyline
 90
2
 70
0
 10
-333769.786
 20
-27574.356
 10
-333766.8750000001
 20
-27576.104
  0
LWPOLYLINE
  5
787
330
17
100
AcDbEntity
  8
EB-BASE-SECTIONS
100
AcDbPolyline
 90
3
 70
0
 10
-333753.028
 20
-27867.319
 10
-333758.279
 20
-27864.474
 10
-333763.336
 20
-27861.736
  0
LWPOLYLINE
  5
788
330
17
100
AcDbEntity
  8
EB-BASE-SECTIONS
100
AcDbPolyline
 90
3
 70
0
 10
-334059.2100000001
 20
-27917.623
 10
-334058.603
 20
-27913.674
 10
-334056.563
 20
-27909.575
  0
LWPOLYLINE
  5
789
330
17
100
AcDbEntity
  8
EB-BASE-SECTIONS
100
AcDbPolyline
 90
4
 70
0
 10
-334062.349
 20
-27961.464
 10
-334062.445
 20
-27964.217
 10
-334057.936
 20
-27975.808
 10
-334057.8
 20
-27976.157
  0
LWPOLYLINE
  5
78A
330
17
100
AcDbEntity
  8
EB-BASE-SECTIONS
100
AcDbPolyline
 90
3
 70
0
 10
-334051.927
 20
-27989.969
 10
-334046.245
 20
-28002.377
 10
-334044.3420000001
 20
-28005.085
  0
LWPOLYLINE
  5
78B
330
17
100
AcDbEntity
  8
EB-BASE-SECTIONS
100
AcDbPolyline
 90
2
 70
0
 10
-333612.1830000001
 20
-27646.8
 10
-333595.972
 20
-27651.631
  0
LWPOLYLINE
  5
78C
330
17
100
AcDbEntity
  8
EB-BASE-SECTIONS
100
AcDbPolyline
 90
2
 70
0
 10
-333626.67
 20
-27642.447
 10
-333612.1830000001
 20
-27646.8
  0
LWPOLYLINE
  5
78D
330
17
100
AcDbEntity
  8
EB-BASE-SECTIONS
100
AcDbPolyline
 90
2
 70
0
 10
-333637.36
 20
-27639.291
 10
-333626.67
 20
-27642.447
  0
LWPOLYLINE
  5
78E
330
17
100
AcDbEntity
  8
EB-BASE-SECTIONS
100
AcDbPolyline
 90
2
 70
0
 10
-333785.843
 20
-27564.688
 10
-333784.7850000001
 20
-27565.349
  0
LWPOLYLINE
  5
78F
330
17
100
AcDbEntity
  8
EB-BASE-SECTIONS
100
AcDbPolyline
 90
2
 70
0
 10
-333848.732
 20
-27534.984
 10
-333848.0130000001
 20
-27535.255
  0
LWPOLYLINE
  5
790
330
17
100
AcDbEntity
  8
EB-BASE-SECTIONS
100
AcDbPolyline
 90
2
 70
0
 10
-333740.755
 20
-27690.017
 10
-333740.5200000001
 20
-27690.115
  0
LWPOLYLINE
  5
791
330
17
100
AcDbEntity
  8
EB-BASE-SECTIONS
100
AcDbPolyline
 90
2
 70
0
 10
-333740.5200000001
 20
-27690.115
 10
-333738.7250000001
 20
-27690.867
  0
LWPOLYLINE
  5
792
330
17
100
AcDbEntity
  8
EB-BASE-SECTIONS
100
AcDbPolyline
 90
2
 70
0
 10
-333704.455
 20
-27897.494
 10
-333711.507
 20
-27892.482
  0
LWPOLYLINE
  5
793
330
17
100
AcDbEntity
  8
EB-BASE-SECTIONS
100
AcDbPolyline
 90
2
 70
0
 10
-333721.002
 20
-27885.99
 10
-333721.3950000001
 20
-27885.653
  0
LWPOLYLINE
  5
794
330
17
100
AcDbEntity
  8
EB-BASE-SECTIONS
100
AcDbPolyline
 90
3
 70
0
 10
-333711.507
 20
-27892.482
 10
-333714.002
 20
-27890.709
 10
-333721.002
 20
-27885.99
  0
LWPOLYLINE
  5
795
330
17
100
AcDbEntity
  8
EB-BASE-SECTIONS
100
AcDbPolyline
 90
6
 70
0
 10
-333721.3950000001
 20
-27885.653
 10
-333721.663
 20
-27885.459
 10
-333721.8900000001
 20
-27885.295
 10
-333724.626
 20
-27883.322
 10
-333724.828
 20
-27883.177
 10
-333725.0570000001
 20
-27883.012
  0
LWPOLYLINE
  5
796
330
17
100
AcDbEntity
  8
EB-BASE-SECTIONS
100
AcDbPolyline
 90
2
 70
0
 10
-333725.0570000001
 20
-27883.012
 10
-333725.733
 20
-27882.609
  0
LWPOLYLINE
  5
797
330
17
100
AcDbEntity
  8
EB-BASE-SECTIONS
100
AcDbPolyline
 90
2
 70
0
 10
-333736.779
 20
-27876.273
 10
-333738.849
 20
-27875.122
  0
LWPOLYLINE
  5
798
330
17
100
AcDbEntity
  8
EB-BASE-SECTIONS
100
AcDbPolyline
 90
3
 70
0
 10
-333725.733
 20
-27882.609
 10
-333736.345
 20
-27876.514
 10
-333736.779
 20
-27876.273
  0
LWPOLYLINE
  5
799
330
17
100
AcDbEntity
  8
EB-BASE-SECTIONS
100
AcDbPolyline
 90
2
 70
0
 10
-333747.739
 20
-27870.184
 10
-333753.028
 20
-27867.319
  0
LWPOLYLINE
  5
79A
330
17
100
AcDbEntity
  8
EB-BASE-SECTIONS
100
AcDbPolyline
 90
3
 70
0
 10
-333738.849
 20
-27875.122
 10
-333747.2690000001
 20
-27870.439
 10
-333747.739
 20
-27870.184
  0
LWPOLYLINE
  5
79C
330
17
100
AcDbEntity
  8
EB-BASE-SHEETS
100
AcDbPolyline
 90
2
 70
0
 10
-333503.3240000001
 20
-27990.923
 10
-333561.386
 20
-27966.109
  0
LWPOLYLINE
  5
79D
330
17
100
AcDbEntity
  8
EB-BASE-SHEETS
100
AcDbPolyline
 90
3
 70
0
 10
-333788.778
 20
-27562.872
 10
-333785.855
 20
-27562.28
 10
-333785.843
 20
-27564.688
  0
LWPOLYLINE
  5
79E
330
17
100
AcDbEntity
  8
EB-BASE-SHEETS
100
AcDbPolyline
 90
6
 70
0
 10
-333354.961
 20
-27801.867
 10
-333355.2700000001
 20
-27805.088
 10
-333375.87
 20
-27828.711
 10
-333452.539
 20
-27913.996
 10
-333474.5270000001
 20
-27939.239
 10
-333503.3240000001
 20
-27990.923
  0
LWPOLYLINE
  5
79F
330
17
100
AcDbEntity
  8
EB-BASE-SHEETS
100
AcDbPolyline
 90
3
 70
0
 10
-333503.3240000001
 20
-27990.923
 10
-333511.561
 20
-28005.707
 10
-333540.3380000001
 20
-28063.783
  0
LWPOLYLINE
  5
7A0
330
17
100
AcDbEntity
  8
EB-BASE-SHEETS
100
AcDbPolyline
 90
5
 70
0
 10
-334051.203
 20
-27899.633
 10
-334011.345
 20
-27927.185
 10
-333934.629
 20
-27977.412
 10
-333882.664
 20
-28013.434
 10
-333877.306
 20
-28017.15
  0
LWPOLYLINE
  5
7A1
330
17
100
AcDbEntity
  8
EB-BASE-SHEETS
100
AcDbPolyline
 90
2
 70
0
 10
-333562.548
 20
-27965.477
 10
-333569.578
 20
-27961.73
  0
LWPOLYLINE
  5
7A2
330
17
100
AcDbEntity
  8
EB-BASE-SHEETS
100
AcDbPolyline
 90
4
 70
0
 10
-333695.255
 20
-27893.882
 10
-333697.03
 20
-27892.783
 10
-333702.773
 20
-27898.608
 10
-333704.455
 20
-27897.494
  0
LWPOLYLINE
  5
7A3
330
17
100
AcDbEntity
  8
EB-BASE-SHEETS
100
AcDbPolyline
 90
5
 70
0
 10
-333873.3070000001
 20
-28010.774
 10
-333862.224
 20
-27993.103
 10
-333807.704
 20
-27911.493
 10
-333789.067
 20
-27882.735
 10
-333777.284
 20
-27854.341
  0
LWPOLYLINE
  5
7A4
330
17
100
AcDbEntity
  8
EB-BASE-SHEETS
100
AcDbPolyline
 90
2
 70
0
 10
-333777.284
 20
-27854.341
 10
-333774.547
 20
-27855.665
  0
LWPOLYLINE
  5
7A5
330
17
100
AcDbEntity
  8
EB-BASE-SHEETS
100
AcDbPolyline
 90
4
 70
0
 10
-333777.284
 20
-27854.341
 10
-333773.8680000001
 20
-27839.74
 10
-333773.325
 20
-27832.595
 10
-333770.822
 20
-27825.778
  0
LWPOLYLINE
  5
7A6
330
17
100
AcDbEntity
  8
EB-BASE-SHEETS
100
AcDbPolyline
 90
2
 70
0
 10
-333743.398
 20
-27727.813
 10
-333744.148
 20
-27727.176
  0
LWPOLYLINE
  5
7A7
330
17
100
AcDbEntity
  8
EB-BASE-SHEETS
100
AcDbPolyline
 90
2
 70
0
 10
-333744.148
 20
-27727.176
 10
-333747.021
 20
-27724.736
  0
LWPOLYLINE
  5
7A8
330
17
100
AcDbEntity
  8
EB-BASE-SHEETS
100
AcDbPolyline
 90
3
 70
0
 10
-333788.702
 20
-27671.495
 10
-333776.274
 20
-27666.012
 10
-333716.851
 20
-27606.456
  0
LWPOLYLINE
  5
7A9
330
17
100
AcDbEntity
  8
EB-BASE-SHEETS
100
AcDbPolyline
 90
2
 70
0
 10
-333716.851
 20
-27606.456
 10
-333714.4400000001
 20
-27608.039
  0
LWPOLYLINE
  5
7AA
330
17
100
AcDbEntity
  8
EB-BASE-SHEETS
100
AcDbPolyline
 90
2
 70
0
 10
-334056.563
 20
-27909.575
 10
-334051.203
 20
-27899.633
  0
LWPOLYLINE
  5
7AB
330
17
100
AcDbEntity
  8
EB-BASE-SHEETS
100
AcDbPolyline
 90
2
 70
0
 10
-334057.696
 20
-27976.425
 10
-334051.927
 20
-27989.969
  0
LWPOLYLINE
  5
7AC
330
17
100
AcDbEntity
  8
EB-BASE-SHEETS
100
AcDbPolyline
 90
2
 70
0
 10
-333716.851
 20
-27606.456
 10
-333719.587
 20
-27605.001
  0
LWPOLYLINE
  5
7AD
330
17
100
AcDbEntity
  8
EB-BASE-SHEETS
100
AcDbPolyline
 90
2
 70
0
 10
-333876.0360000001
 20
-27524.751
 10
-333881.6110000001
 20
-27517.138
  0
LWPOLYLINE
  5
7AE
330
17
100
AcDbEntity
  8
EB-BASE-SHEETS
100
AcDbPolyline
 90
2
 70
0
 10
-333881.6110000001
 20
-27517.138
 10
-333887.009
 20
-27514.854
  0
LWPOLYLINE
  5
7AF
330
17
100
AcDbEntity
  8
EB-BASE-SHEETS
100
AcDbPolyline
 90
6
 70
0
 10
-333881.6110000001
 20
-27517.138
 10
-333879.6060000001
 20
-27500.414
 10
-333864.893
 20
-27477.13
 10
-333846.2420000001
 20
-27456.058
 10
-333829.855
 20
-27444.754
 10
-333827.6490000001
 20
-27447.133
  0
LWPOLYLINE
  5
7B0
330
17
100
AcDbEntity
  8
EB-BASE-SHEETS
100
AcDbPolyline
 90
4
 70
0
 10
-333770.822
 20
-27825.778
 10
-333767.892
 20
-27817.8
 10
-333743.005
 20
-27731.698
 10
-333743.398
 20
-27727.813
  0
LWPOLYLINE
  5
7B1
330
17
100
AcDbEntity
  8
EB-BASE-SHEETS
100
AcDbPolyline
 90
3
 70
0
 10
-334051.203
 20
-27899.633
 10
-334074.832
 20
-27883.718
 10
-334140.534
 20
-27862.537
  0
LWPOLYLINE
  5
7B3
330
17
100
AcDbEntity
  8
EB-BASE-CADASTRAL-AREA
100
AcDbPolyline
 90
5
 70
0
 10
-334045.18586078566
 20
-27687.371943910992
 10
-334044.48178649397
 20
-27685.437071423257
 10
-334043.61121784605
 20
-27685.75409916275
 10
-334044.31593304244
 20
-27687.689270377385
 10
-334045.18586078566
 20
-27687.371943910992
  0
LWPOLYLINE
  5
7B4
330
17
100
AcDbEntity
  8
EB-BASE-CADASTRAL-AREA
100
AcDbPolyline
 90
5
 70
0
 10
-334045.08926069626
 20
-27687.339010626412
 10
-334044.4341612821
 20
-27685.540085989152
 10
-334043.7128229646
 20
-27685.802237641325
 10
-334044.36886201036
 20
-27687.60082010078
 10
-334045.08926069626
 20
-27687.339010626412
  0
LWPOLYLINE
  5
7B5
330
17
100
AcDbEntity
  8
EB-BASE-CADASTRAL-AREA
100
AcDbPolyline
 90
5
 70
0
 10
-333818.63431634294
 20
-27520.041195657242
 10
-333817.0887291617
 20
-27521.401585197527
 10
-333817.70104027056
 20
-27522.096913205238
 10
-333819.2466722532
 20
-27520.735817977344
 10
-333818.63431634294
 20
-27520.041195657242
  0
LWPOLYLINE
  5
7B6
330
17
100
AcDbEntity
  8
EB-BASE-CADASTRAL-AREA
100
AcDbPolyline
 90
5
 70
0
 10
-333818.6388255072
 20
-27520.14315624825
 10
-333817.20201442164
 20
-27521.408422970184
 10
-333817.70886937255
 20
-27521.98475367873
 10
-333819.1450195719
 20
-27520.718736467854
 10
-333818.6388255072
 20
-27520.14315624825
  0
TEXT
  5
7B8
330
17
100
AcDbEntity
  8
EB-BASE-PARCEL-NUMBERS
100
AcDbText
 10
-333822.313
 20
-27546.755
 30
0.0
 40
1.25
  1
17
 50
69.99019166666666
  7
OD-INTER
 11
-333822.313
 21
-27546.755
 31
0.0
100
AcDbText
  0
TEXT
  5
7B9
330
17
100
AcDbEntity
  8
EB-BASE-PARCEL-NUMBERS
100
AcDbText
 10
-333962.8740000001
 20
-27563.79
 30
0.0
 40
1.25
  1
7
 50
69.99019166666666
  7
OD-INTER
 11
-333962.8740000001
 21
-27563.79
 31
0.0
100
AcDbText
  0
TEXT
  5
7BA
330
17
100
AcDbEntity
  8
EB-BASE-PARCEL-NUMBERS
100
AcDbText
 10
-333932.183
 20
-27507.906
 30
0.0
 40
1.25
  1
18
 50
69.99019166666666
  7
OD-INTER
 11
-333932.183
 21
-27507.906
 31
0.0
100
AcDbText
  0
TEXT
  5
7BB
330
17
100
AcDbEntity
  8
EB-BASE-PARCEL-NUMBERS
100
AcDbText
 10
-333922.929
 20
-27519.697
 30
0.0
 40
1.25
  1
4712
 50
69.99019166666666
  7
OD-INTER
 11
-333922.929
 21
-27519.697
 31
0.0
100
AcDbText
  0
TEXT
  5
7BC
330
17
100
AcDbEntity
  8
EB-BASE-PARCEL-NUMBERS
100
AcDbText
 10
-333903.415
 20
-27583.63
 30
0.0
 40
1.25
  1
4693
 50
69.99019166666666
  7
OD-INTER
 11
-333903.415
 21
-27583.63
 31
0.0
100
AcDbText
  0
TEXT
  5
7BD
330
17
100
AcDbEntity
  8
EB-BASE-PARCEL-NUMBERS
100
AcDbText
 10
-334030.165
 20
-27637.403
 30
0.0
 40
1.25
  1
6
 50
69.99019166666666
  7
OD-INTER
 11
-334030.165
 21
-27637.403
 31
0.0
100
AcDbText
  0
TEXT
  5
7BE
330
17
100
AcDbEntity
  8
EB-BASE-PARCEL-NUMBERS
100
AcDbText
 10
-333985.289
 20
-27645.584
 30
0.0
 40
1.25
  1
236
 50
69.99019166666666
  7
OD-INTER
 11
-333985.289
 21
-27645.584
 31
0.0
100
AcDbText
  0
TEXT
  5
7BF
330
17
100
AcDbEntity
  8
EB-BASE-PARCEL-NUMBERS
100
AcDbText
 10
-333958.29
 20
-27639.83
 30
0.0
 40
1.25
  1
1104
 50
69.99019166666666
  7
OD-INTER
 11
-333958.29
 21
-27639.83
 31
0.0
100
AcDbText
  0
TEXT
  5
7C0
330
17
100
AcDbEntity
  8
EB-BASE-PARCEL-NUMBERS
100
AcDbText
 10
-333936.7650000001
 20
-27648.075
 30
0.0
 40
1.25
  1
1105
 50
69.99019166666666
  7
OD-INTER
 11
-333936.7650000001
 21
-27648.075
 31
0.0
100
AcDbText
  0
TEXT
  5
7C1
330
17
100
AcDbEntity
  8
EB-BASE-PARCEL-NUMBERS
100
AcDbText
 10
-334048.037
 20
-27685.058
 30
0.0
 40
1.25
  1
56
 50
69.99019166666666
  7
OD-INTER
 11
-334048.037
 21
-27685.058
 31
0.0
100
AcDbText
  0
TEXT
  5
7C2
330
17
100
AcDbEntity
  8
EB-BASE-PARCEL-NUMBERS
100
AcDbText
 10
-333862.581
 20
-27546.888
 30
0.0
 40
1.25
  1
2455
 50
69.99019166666666
  7
OD-INTER
 11
-333862.581
 21
-27546.888
 31
0.0
100
AcDbText
  0
TEXT
  5
7C3
330
17
100
AcDbEntity
  8
EB-BASE-PARCEL-NUMBERS
100
AcDbText
 10
-333875.825
 20
-27577.961
 30
0.0
 40
1.25
  1
3639
 50
69.99019166666666
  7
OD-INTER
 11
-333875.825
 21
-27577.961
 31
0.0
100
AcDbText
  0
TEXT
  5
7C4
330
17
100
AcDbEntity
  8
EB-BASE-PARCEL-NUMBERS
100
AcDbText
 10
-333854.186
 20
-27583.748
 30
0.0
 40
1.25
  1
3640
 50
69.99019166666666
  7
OD-INTER
 11
-333854.186
 21
-27583.748
 31
0.0
100
AcDbText
  0
TEXT
  5
7C5
330
17
100
AcDbEntity
  8
EB-BASE-PARCEL-NUMBERS
100
AcDbText
 10
-333868.5520000001
 20
-27591.11
 30
0.0
 40
1.25
  1
3637
 50
69.99019166666666
  7
OD-INTER
 11
-333868.5520000001
 21
-27591.11
 31
0.0
100
AcDbText
  0
TEXT
  5
7C6
330
17
100
AcDbEntity
  8
EB-BASE-PARCEL-NUMBERS
100
AcDbText
 10
-333874.666
 20
-27606.048
 30
0.0
 40
1.25
  1
3635
 50
69.99019166666666
  7
OD-INTER
 11
-333874.666
 21
-27606.048
 31
0.0
100
AcDbText
  0
TEXT
  5
7C7
330
17
100
AcDbEntity
  8
EB-BASE-PARCEL-NUMBERS
100
AcDbText
 10
-333853.963
 20
-27598.504
 30
0.0
 40
1.25
  1
8
 50
69.99019166666666
  7
OD-INTER
 11
-333853.963
 21
-27598.504
 31
0.0
100
AcDbText
  0
TEXT
  5
7C8
330
17
100
AcDbEntity
  8
EB-BASE-PARCEL-NUMBERS
100
AcDbText
 10
-333858.2730000001
 20
-27609.19
 30
0.0
 40
1.25
  1
4781
 50
69.99019166666666
  7
OD-INTER
 11
-333858.2730000001
 21
-27609.19
 31
0.0
100
AcDbText
  0
TEXT
  5
7C9
330
17
100
AcDbEntity
  8
EB-BASE-PARCEL-NUMBERS
100
AcDbText
 10
-333873.386
 20
-27619.191
 30
0.0
 40
1.25
  1
2461
 50
69.99019166666666
  7
OD-INTER
 11
-333873.386
 21
-27619.191
 31
0.0
100
AcDbText
  0
TEXT
  5
7CA
330
17
100
AcDbEntity
  8
EB-BASE-PARCEL-NUMBERS
100
AcDbText
 10
-333883.1450000001
 20
-27633.302
 30
0.0
 40
1.25
  1
2462
 50
69.99019166666666
  7
OD-INTER
 11
-333883.1450000001
 21
-27633.302
 31
0.0
100
AcDbText
  0
TEXT
  5
7CB
330
17
100
AcDbEntity
  8
EB-BASE-PARCEL-NUMBERS
100
AcDbText
 10
-333856.4270000001
 20
-27630.323
 30
0.0
 40
1.25
  1
1531
 50
69.99019166666666
  7
OD-INTER
 11
-333856.4270000001
 21
-27630.323
 31
0.0
100
AcDbText
  0
TEXT
  5
7CC
330
17
100
AcDbEntity
  8
EB-BASE-PARCEL-NUMBERS
100
AcDbText
 10
-333828.4700000001
 20
-27613.251
 30
0.0
 40
1.25
  1
2520
 50
69.99019166666666
  7
OD-INTER
 11
-333828.4700000001
 21
-27613.251
 31
0.0
100
AcDbText
  0
TEXT
  5
7CD
330
17
100
AcDbEntity
  8
EB-BASE-PARCEL-NUMBERS
100
AcDbText
 10
-333863.3120000001
 20
-27626.306
 30
0.0
 40
1.25
  1
2460
 50
69.99019166666666
  7
OD-INTER
 11
-333863.3120000001
 21
-27626.306
 31
0.0
100
AcDbText
  0
TEXT
  5
7CE
330
17
100
AcDbEntity
  8
EB-BASE-PARCEL-NUMBERS
100
AcDbText
 10
-333830.71
 20
-27587.141
 30
0.0
 40
1.25
  1
2459
 50
69.99019166666666
  7
OD-INTER
 11
-333830.71
 21
-27587.141
 31
0.0
100
AcDbText
  0
TEXT
  5
7CF
330
17
100
AcDbEntity
  8
EB-BASE-PARCEL-NUMBERS
100
AcDbText
 10
-333806.1790000001
 20
-27588.381
 30
0.0
 40
1.25
  1
3514
 50
69.99019166666666
  7
OD-INTER
 11
-333806.1790000001
 21
-27588.381
 31
0.0
100
AcDbText
  0
TEXT
  5
7D0
330
17
100
AcDbEntity
  8
EB-BASE-PARCEL-NUMBERS
100
AcDbText
 10
-333823.7320000001
 20
-27564.166
 30
0.0
 40
1.25
  1
2456
 50
69.99019166666666
  7
OD-INTER
 11
-333823.7320000001
 21
-27564.166
 31
0.0
100
AcDbText
  0
TEXT
  5
7D1
330
17
100
AcDbEntity
  8
EB-BASE-PARCEL-NUMBERS
100
AcDbText
 10
-333832.583
 20
-27539.017
 30
0.0
 40
1.25
  1
4787
 50
69.99019166666666
  7
OD-INTER
 11
-333832.583
 21
-27539.017
 31
0.0
100
AcDbText
  0
TEXT
  5
7D2
330
17
100
AcDbEntity
  8
EB-BASE-PARCEL-NUMBERS
100
AcDbText
 10
-333795.5930000001
 20
-27569.734
 30
0.0
 40
1.25
  1
3515
 50
69.99019166666666
  7
OD-INTER
 11
-333795.5930000001
 21
-27569.734
 31
0.0
100
AcDbText
  0
TEXT
  5
7D3
330
17
100
AcDbEntity
  8
EB-BASE-PARCEL-NUMBERS
100
AcDbText
 10
-333782.097
 20
-27625.769
 30
0.0
 40
1.25
  1
4860
 50
69.99019166666666
  7
OD-INTER
 11
-333782.097
 21
-27625.769
 31
0.0
100
AcDbText
  0
TEXT
  5
7D4
330
17
100
AcDbEntity
  8
EB-BASE-PARCEL-NUMBERS
100
AcDbText
 10
-333824.8120000001
 20
-27635.02
 30
0.0
 40
1.25
  1
9
 50
69.99019166666666
  7
OD-INTER
 11
-333824.8120000001
 21
-27635.02
 31
0.0
100
AcDbText
  0
TEXT
  5
7D5
330
17
100
AcDbEntity
  8
EB-BASE-PARCEL-NUMBERS
100
AcDbText
 10
-333806.913
 20
-27683.153
 30
0.0
 40
1.25
  1
10
 50
69.99019166666666
  7
OD-INTER
 11
-333806.913
 21
-27683.153
 31
0.0
100
AcDbText
  0
TEXT
  5
7D6
330
17
100
AcDbEntity
  8
EB-BASE-PARCEL-NUMBERS
100
AcDbText
 10
-333778.6040000001
 20
-27732.034
 30
0.0
 40
1.25
  1
2478
 50
69.99019166666666
  7
OD-INTER
 11
-333778.6040000001
 21
-27732.034
 31
0.0
100
AcDbText
  0
TEXT
  5
7D7
330
17
100
AcDbEntity
  8
EB-BASE-PARCEL-NUMBERS
100
AcDbText
 10
-333834.3140000001
 20
-27720.576
 30
0.0
 40
1.25
  1
4106
 50
69.99019166666666
  7
OD-INTER
 11
-333834.3140000001
 21
-27720.576
 31
0.0
100
AcDbText
  0
TEXT
  5
7D8
330
17
100
AcDbEntity
  8
EB-BASE-PARCEL-NUMBERS
100
AcDbText
 10
-333869.007
 20
-27695.54
 30
0.0
 40
1.25
  1
2865
 50
69.99019166666666
  7
OD-INTER
 11
-333869.007
 21
-27695.54
 31
0.0
100
AcDbText
  0
TEXT
  5
7D9
330
17
100
AcDbEntity
  8
EB-BASE-PARCEL-NUMBERS
100
AcDbText
 10
-333864.868
 20
-27654.468
 30
0.0
 40
1.25
  1
2867
 50
69.99019166666666
  7
OD-INTER
 11
-333864.868
 21
-27654.468
 31
0.0
100
AcDbText
  0
TEXT
  5
7DA
330
17
100
AcDbEntity
  8
EB-BASE-PARCEL-NUMBERS
100
AcDbText
 10
-333944.806
 20
-27680.233
 30
0.0
 40
1.25
  1
2864
 50
69.99019166666666
  7
OD-INTER
 11
-333944.806
 21
-27680.233
 31
0.0
100
AcDbText
  0
TEXT
  5
7DB
330
17
100
AcDbEntity
  8
EB-BASE-PARCEL-NUMBERS
100
AcDbText
 10
-333914.309
 20
-27689.578
 30
0.0
 40
1.25
  1
5008
 50
69.99019166666666
  7
OD-INTER
 11
-333914.309
 21
-27689.578
 31
0.0
100
AcDbText
  0
TEXT
  5
7DC
330
17
100
AcDbEntity
  8
EB-BASE-PARCEL-NUMBERS
100
AcDbText
 10
-333984.9
 20
-27688.055
 30
0.0
 40
1.25
  1
2863
 50
69.99019166666666
  7
OD-INTER
 11
-333984.9
 21
-27688.055
 31
0.0
100
AcDbText
  0
TEXT
  5
7DD
330
17
100
AcDbEntity
  8
EB-BASE-PARCEL-NUMBERS
100
AcDbText
 10
-334043.074
 20
-27754.545
 30
0.0
 40
1.25
  1
4814
 50
69.99019166666666
  7
OD-INTER
 11
-334043.074
 21
-27754.545
 31
0.0
100
AcDbText
  0
TEXT
  5
7DE
330
17
100
AcDbEntity
  8
EB-BASE-PARCEL-NUMBERS
100
AcDbText
 10
-334052.381
 20
-27767.649
 30
0.0
 40
1.25
  1
4805
 50
69.99019166666666
  7
OD-INTER
 11
-334052.381
 21
-27767.649
 31
0.0
100
AcDbText
  0
TEXT
  5
7DF
330
17
100
AcDbEntity
  8
EB-BASE-PARCEL-NUMBERS
100
AcDbText
 10
-334058.3
 20
-27786.776
 30
0.0
 40
1.25
  1
4806
 50
69.99019166666666
  7
OD-INTER
 11
-334058.3
 21
-27786.776
 31
0.0
100
AcDbText
  0
TEXT
  5
7E0
330
17
100
AcDbEntity
  8
EB-BASE-PARCEL-NUMBERS
100
AcDbText
 10
-334012.544
 20
-27790.806
 30
0.0
 40
1.25
  1
4807
 50
69.99019166666666
  7
OD-INTER
 11
-334012.544
 21
-27790.806
 31
0.0
100
AcDbText
  0
TEXT
  5
7E1
330
17
100
AcDbEntity
  8
EB-BASE-PARCEL-NUMBERS
100
AcDbText
 10
-334016.605
 20
-27758.392
 30
0.0
 40
1.25
  1
4804
 50
69.99019166666666
  7
OD-INTER
 11
-334016.605
 21
-27758.392
 31
0.0
100
AcDbText
  0
TEXT
  5
7E2
330
17
100
AcDbEntity
  8
EB-BASE-PARCEL-NUMBERS
100
AcDbText
 10
-333991.58
 20
-27766.969
 30
0.0
 40
1.25
  1
4802
 50
69.99019166666666
  7
OD-INTER
 11
-333991.58
 21
-27766.969
 31
0.0
100
AcDbText
  0
TEXT
  5
7E3
330
17
100
AcDbEntity
  8
EB-BASE-PARCEL-NUMBERS
100
AcDbText
 10
-333988.2280000001
 20
-27791.83
 30
0.0
 40
1.25
  1
4808
 50
69.99019166666666
  7
OD-INTER
 11
-333988.2280000001
 21
-27791.83
 31
0.0
100
AcDbText
  0
TEXT
  5
7E4
330
17
100
AcDbEntity
  8
EB-BASE-PARCEL-NUMBERS
100
AcDbText
 10
-333947.007
 20
-27809.895
 30
0.0
 40
1.25
  1
4
 50
69.99019166666666
  7
OD-INTER
 11
-333947.007
 21
-27809.895
 31
0.0
100
AcDbText
  0
TEXT
  5
7E5
330
17
100
AcDbEntity
  8
EB-BASE-PARCEL-NUMBERS
100
AcDbText
 10
-333937.32
 20
-27787.843
 30
0.0
 40
1.25
  1
4800
 50
69.99019166666666
  7
OD-INTER
 11
-333937.32
 21
-27787.843
 31
0.0
100
AcDbText
  0
TEXT
  5
7E6
330
17
100
AcDbEntity
  8
EB-BASE-PARCEL-NUMBERS
100
AcDbText
 10
-333958.633
 20
-27782.422
 30
0.0
 40
1.25
  1
4801
 50
69.99019166666666
  7
OD-INTER
 11
-333958.633
 21
-27782.422
 31
0.0
100
AcDbText
  0
TEXT
  5
7E7
330
17
100
AcDbEntity
  8
EB-BASE-PARCEL-NUMBERS
100
AcDbText
 10
-333840.014
 20
-27833.505
 30
0.0
 40
1.25
  1
5171
 50
69.99019166666666
  7
OD-INTER
 11
-333840.014
 21
-27833.505
 31
0.0
100
AcDbText
  0
TEXT
  5
7E8
330
17
100
AcDbEntity
  8
EB-BASE-PARCEL-NUMBERS
100
AcDbText
 10
-333870.553
 20
-27816.304
 30
0.0
 40
1.25
  1
5172
 50
69.99019166666666
  7
OD-INTER
 11
-333870.553
 21
-27816.304
 31
0.0
100
AcDbText
  0
TEXT
  5
7E9
330
17
100
AcDbEntity
  8
EB-BASE-PARCEL-NUMBERS
100
AcDbText
 10
-333852.155
 20
-27868.781
 30
0.0
 40
1.25
  1
11
 50
69.99019166666666
  7
OD-INTER
 11
-333852.155
 21
-27868.781
 31
0.0
100
AcDbText
  0
TEXT
  5
7EA
330
17
100
AcDbEntity
  8
EB-BASE-PARCEL-NUMBERS
100
AcDbText
 10
-333818.867
 20
-27910.13
 30
0.0
 40
1.25
  1
1021
 50
69.99019166666666
  7
OD-INTER
 11
-333818.867
 21
-27910.13
 31
0.0
100
AcDbText
  0
TEXT
  5
7EB
330
17
100
AcDbEntity
  8
EB-BASE-PARCEL-NUMBERS
100
AcDbText
 10
-333884.332
 20
-27919.359
 30
0.0
 40
1.25
  1
12
 50
69.99019166666666
  7
OD-INTER
 11
-333884.332
 21
-27919.359
 31
0.0
100
AcDbText
  0
TEXT
  5
7EC
330
17
100
AcDbEntity
  8
EB-BASE-PARCEL-NUMBERS
100
AcDbText
 10
-333932.6590000001
 20
-27945.579
 30
0.0
 40
1.25
  1
460
 50
69.99019166666666
  7
OD-INTER
 11
-333932.6590000001
 21
-27945.579
 31
0.0
100
AcDbText
  0
TEXT
  5
7ED
330
17
100
AcDbEntity
  8
EB-BASE-PARCEL-NUMBERS
100
AcDbText
 10
-333914.537
 20
-27966.297
 30
0.0
 40
1.25
  1
461
 50
69.99019166666666
  7
OD-INTER
 11
-333914.537
 21
-27966.297
 31
0.0
100
AcDbText
  0
TEXT
  5
7EE
330
17
100
AcDbEntity
  8
EB-BASE-PARCEL-NUMBERS
100
AcDbText
 10
-333901.6170000001
 20
-27974.57
 30
0.0
 40
1.25
  1
462
 50
69.99019166666666
  7
OD-INTER
 11
-333901.6170000001
 21
-27974.57
 31
0.0
100
AcDbText
  0
TEXT
  5
7EF
330
17
100
AcDbEntity
  8
EB-BASE-PARCEL-NUMBERS
100
AcDbText
 10
-333882.0130000001
 20
-27983.716
 30
0.0
 40
1.25
  1
464
 50
69.99019166666666
  7
OD-INTER
 11
-333882.0130000001
 21
-27983.716
 31
0.0
100
AcDbText
  0
TEXT
  5
7F0
330
17
100
AcDbEntity
  8
EB-BASE-PARCEL-NUMBERS
100
AcDbText
 10
-333952.866
 20
-27944.539
 30
0.0
 40
1.25
  1
231
 50
69.99019166666666
  7
OD-INTER
 11
-333952.866
 21
-27944.539
 31
0.0
100
AcDbText
  0
TEXT
  5
7F1
330
17
100
AcDbEntity
  8
EB-BASE-PARCEL-NUMBERS
100
AcDbText
 10
-333961.709
 20
-27939.98
 30
0.0
 40
1.25
  1
449
 50
69.99019166666666
  7
OD-INTER
 11
-333961.709
 21
-27939.98
 31
0.0
100
AcDbText
  0
TEXT
  5
7F2
330
17
100
AcDbEntity
  8
EB-BASE-PARCEL-NUMBERS
100
AcDbText
 10
-333970.9280000001
 20
-27935.111
 30
0.0
 40
1.25
  1
261
 50
69.99019166666666
  7
OD-INTER
 11
-333970.9280000001
 21
-27935.111
 31
0.0
100
AcDbText
  0
TEXT
  5
7F3
330
17
100
AcDbEntity
  8
EB-BASE-PARCEL-NUMBERS
100
AcDbText
 10
-333943.93
 20
-27922.144
 30
0.0
 40
1.25
  1
2688
 50
69.99019166666666
  7
OD-INTER
 11
-333943.93
 21
-27922.144
 31
0.0
100
AcDbText
  0
TEXT
  5
7F4
330
17
100
AcDbEntity
  8
EB-BASE-PARCEL-NUMBERS
100
AcDbText
 10
-333937.7440000001
 20
-27912.263
 30
0.0
 40
1.25
  1
472
 50
69.99019166666666
  7
OD-INTER
 11
-333937.7440000001
 21
-27912.263
 31
0.0
100
AcDbText
  0
TEXT
  5
7F5
330
17
100
AcDbEntity
  8
EB-BASE-PARCEL-NUMBERS
100
AcDbText
 10
-333954.295
 20
-27923.186
 30
0.0
 40
1.25
  1
448
 50
69.99019166666666
  7
OD-INTER
 11
-333954.295
 21
-27923.186
 31
0.0
100
AcDbText
  0
TEXT
  5
7F6
330
17
100
AcDbEntity
  8
EB-BASE-PARCEL-NUMBERS
100
AcDbText
 10
-333962.1560000001
 20
-27920.307
 30
0.0
 40
1.25
  1
4515
 50
69.99019166666666
  7
OD-INTER
 11
-333962.1560000001
 21
-27920.307
 31
0.0
100
AcDbText
  0
TEXT
  5
7F7
330
17
100
AcDbEntity
  8
EB-BASE-PARCEL-NUMBERS
100
AcDbText
 10
-333962.734
 20
-27910.001
 30
0.0
 40
1.25
  1
1116
 50
69.99019166666666
  7
OD-INTER
 11
-333962.734
 21
-27910.001
 31
0.0
100
AcDbText
  0
TEXT
  5
7F8
330
17
100
AcDbEntity
  8
EB-BASE-PARCEL-NUMBERS
100
AcDbText
 10
-333951.16
 20
-27912.514
 30
0.0
 40
1.25
  1
1118
 50
69.99019166666666
  7
OD-INTER
 11
-333951.16
 21
-27912.514
 31
0.0
100
AcDbText
  0
TEXT
  5
7F9
330
17
100
AcDbEntity
  8
EB-BASE-PARCEL-NUMBERS
100
AcDbText
 10
-333946.941
 20
-27904.205
 30
0.0
 40
1.25
  1
1119
 50
69.99019166666666
  7
OD-INTER
 11
-333946.941
 21
-27904.205
 31
0.0
100
AcDbText
  0
TEXT
  5
7FA
330
17
100
AcDbEntity
  8
EB-BASE-PARCEL-NUMBERS
100
AcDbText
 10
-333954.7260000001
 20
-27902.999
 30
0.0
 40
1.25
  1
1113
 50
69.99019166666666
  7
OD-INTER
 11
-333954.7260000001
 21
-27902.999
 31
0.0
100
AcDbText
  0
TEXT
  5
7FB
330
17
100
AcDbEntity
  8
EB-BASE-PARCEL-NUMBERS
100
AcDbText
 10
-333962.683
 20
-27896.696
 30
0.0
 40
1.25
  1
1114
 50
69.99019166666666
  7
OD-INTER
 11
-333962.683
 21
-27896.696
 31
0.0
100
AcDbText
  0
TEXT
  5
7FC
330
17
100
AcDbEntity
  8
EB-BASE-PARCEL-NUMBERS
100
AcDbText
 10
-333966.758
 20
-27903.874
 30
0.0
 40
1.25
  1
446
 50
69.99019166666666
  7
OD-INTER
 11
-333966.758
 21
-27903.874
 31
0.0
100
AcDbText
  0
TEXT
  5
7FD
330
17
100
AcDbEntity
  8
EB-BASE-PARCEL-NUMBERS
100
AcDbText
 10
-333972.867
 20
-27909.242
 30
0.0
 40
1.25
  1
447
 50
69.99019166666666
  7
OD-INTER
 11
-333972.867
 21
-27909.242
 31
0.0
100
AcDbText
  0
TEXT
  5
7FE
330
17
100
AcDbEntity
  8
EB-BASE-PARCEL-NUMBERS
100
AcDbText
 10
-333974.537
 20
-27915.121
 30
0.0
 40
1.25
  1
1058
 50
69.99019166666666
  7
OD-INTER
 11
-333974.537
 21
-27915.121
 31
0.0
100
AcDbText
  0
TEXT
  5
7FF
330
17
100
AcDbEntity
  8
EB-BASE-PARCEL-NUMBERS
100
AcDbText
 10
-333984.03
 20
-27930.66
 30
0.0
 40
1.25
  1
453
 50
69.99019166666666
  7
OD-INTER
 11
-333984.03
 21
-27930.66
 31
0.0
100
AcDbText
  0
TEXT
  5
800
330
17
100
AcDbEntity
  8
EB-BASE-PARCEL-NUMBERS
100
AcDbText
 10
-333959.646
 20
-27880.671
 30
0.0
 40
1.25
  1
1111
 50
69.99019166666666
  7
OD-INTER
 11
-333959.646
 21
-27880.671
 31
0.0
100
AcDbText
  0
TEXT
  5
801
330
17
100
AcDbEntity
  8
EB-BASE-PARCEL-NUMBERS
100
AcDbText
 10
-333938.5700000001
 20
-27898.015
 30
0.0
 40
1.25
  1
1112
 50
69.99019166666666
  7
OD-INTER
 11
-333938.5700000001
 21
-27898.015
 31
0.0
100
AcDbText
  0
TEXT
  5
802
330
17
100
AcDbEntity
  8
EB-BASE-PARCEL-NUMBERS
100
AcDbText
 10
-333955.71
 20
-27895.77
 30
0.0
 40
1.25
  1
1117
 50
69.99019166666666
  7
OD-INTER
 11
-333955.71
 21
-27895.77
 31
0.0
100
AcDbText
  0
TEXT
  5
803
330
17
100
AcDbEntity
  8
EB-BASE-PARCEL-NUMBERS
100
AcDbText
 10
-333960.353
 20
-27889.17
 30
0.0
 40
1.25
  1
2698
 50
69.99019166666666
  7
OD-INTER
 11
-333960.353
 21
-27889.17
 31
0.0
100
AcDbText
  0
TEXT
  5
804
330
17
100
AcDbEntity
  8
EB-BASE-PARCEL-NUMBERS
100
AcDbText
 10
-333947.481
 20
-27887.102
 30
0.0
 40
1.25
  1
2697
 50
69.99019166666666
  7
OD-INTER
 11
-333947.481
 21
-27887.102
 31
0.0
100
AcDbText
  0
TEXT
  5
805
330
17
100
AcDbEntity
  8
EB-BASE-PARCEL-NUMBERS
100
AcDbText
 10
-333955.376
 20
-27892.387
 30
0.0
 40
1.25
  1
2699
 50
69.99019166666666
  7
OD-INTER
 11
-333955.376
 21
-27892.387
 31
0.0
100
AcDbText
  0
TEXT
  5
806
330
17
100
AcDbEntity
  8
EB-BASE-PARCEL-NUMBERS
100
AcDbText
 10
-333940.636
 20
-27890.469
 30
0.0
 40
1.25
  1
2696
 50
69.99019166666666
  7
OD-INTER
 11
-333940.636
 21
-27890.469
 31
0.0
100
AcDbText
  0
TEXT
  5
807
330
17
100
AcDbEntity
  8
EB-BASE-PARCEL-NUMBERS
100
AcDbText
 10
-333934.9650000001
 20
-27893.586
 30
0.0
 40
1.25
  1
2695
 50
69.99019166666666
  7
OD-INTER
 11
-333934.9650000001
 21
-27893.586
 31
0.0
100
AcDbText
  0
TEXT
  5
808
330
17
100
AcDbEntity
  8
EB-BASE-PARCEL-NUMBERS
100
AcDbText
 10
-333929.6450000001
 20
-27897.823
 30
0.0
 40
1.25
  1
2680
 50
69.99019166666666
  7
OD-INTER
 11
-333929.6450000001
 21
-27897.823
 31
0.0
100
AcDbText
  0
TEXT
  5
809
330
17
100
AcDbEntity
  8
EB-BASE-PARCEL-NUMBERS
100
AcDbText
 10
-334003.044
 20
-27908.198
 30
0.0
 40
1.25
  1
1040
 50
69.99019166666666
  7
OD-INTER
 11
-334003.044
 21
-27908.198
 31
0.0
100
AcDbText
  0
TEXT
  5
80A
330
17
100
AcDbEntity
  8
EB-BASE-PARCEL-NUMBERS
100
AcDbText
 10
-333996.1770000001
 20
-27922.57
 30
0.0
 40
1.25
  1
260
 50
69.99019166666666
  7
OD-INTER
 11
-333996.1770000001
 21
-27922.57
 31
0.0
100
AcDbText
  0
TEXT
  5
80B
330
17
100
AcDbEntity
  8
EB-BASE-PARCEL-NUMBERS
100
AcDbText
 10
-333988.527
 20
-27906.71
 30
0.0
 40
1.25
  1
445
 50
69.99019166666666
  7
OD-INTER
 11
-333988.527
 21
-27906.71
 31
0.0
100
AcDbText
  0
TEXT
  5
80C
330
17
100
AcDbEntity
  8
EB-BASE-PARCEL-NUMBERS
100
AcDbText
 10
-333994.539
 20
-27904.47
 30
0.0
 40
1.25
  1
4793
 50
69.99019166666666
  7
OD-INTER
 11
-333994.539
 21
-27904.47
 31
0.0
100
AcDbText
  0
TEXT
  5
80D
330
17
100
AcDbEntity
  8
EB-BASE-PARCEL-NUMBERS
100
AcDbText
 10
-333986.619
 20
-27896.033
 30
0.0
 40
1.25
  1
2701
 50
69.99019166666666
  7
OD-INTER
 11
-333986.619
 21
-27896.033
 31
0.0
100
AcDbText
  0
TEXT
  5
80E
330
17
100
AcDbEntity
  8
EB-BASE-PARCEL-NUMBERS
100
AcDbText
 10
-333980.8120000001
 20
-27889.002
 30
0.0
 40
1.25
  1
2700
 50
69.99019166666666
  7
OD-INTER
 11
-333980.8120000001
 21
-27889.002
 31
0.0
100
AcDbText
  0
TEXT
  5
80F
330
17
100
AcDbEntity
  8
EB-BASE-PARCEL-NUMBERS
100
AcDbText
 10
-333976.3500000001
 20
-27880.855
 30
0.0
 40
1.25
  1
1110
 50
69.99019166666666
  7
OD-INTER
 11
-333976.3500000001
 21
-27880.855
 31
0.0
100
AcDbText
  0
TEXT
  5
810
330
17
100
AcDbEntity
  8
EB-BASE-PARCEL-NUMBERS
100
AcDbText
 10
-333973.415
 20
-27874.343
 30
0.0
 40
1.25
  1
1109
 50
69.99019166666666
  7
OD-INTER
 11
-333973.415
 21
-27874.343
 31
0.0
100
AcDbText
  0
TEXT
  5
811
330
17
100
AcDbEntity
  8
EB-BASE-PARCEL-NUMBERS
100
AcDbText
 10
-333981.8080000001
 20
-27865.309
 30
0.0
 40
1.25
  1
1108
 50
69.99019166666666
  7
OD-INTER
 11
-333981.8080000001
 21
-27865.309
 31
0.0
100
AcDbText
  0
TEXT
  5
812
330
17
100
AcDbEntity
  8
EB-BASE-PARCEL-NUMBERS
100
AcDbText
 10
-333956.547
 20
-27856.794
 30
0.0
 40
1.25
  1
1107
 50
69.99019166666666
  7
OD-INTER
 11
-333956.547
 21
-27856.794
 31
0.0
100
AcDbText
  0
TEXT
  5
813
330
17
100
AcDbEntity
  8
EB-BASE-PARCEL-NUMBERS
100
AcDbText
 10
-333996.275
 20
-27835.046
 30
0.0
 40
1.25
  1
1106
 50
69.99019166666666
  7
OD-INTER
 11
-333996.275
 21
-27835.046
 31
0.0
100
AcDbText
  0
TEXT
  5
814
330
17
100
AcDbEntity
  8
EB-BASE-PARCEL-NUMBERS
100
AcDbText
 10
-334018.839
 20
-27895.967
 30
0.0
 40
1.25
  1
1055
 50
69.99019166666666
  7
OD-INTER
 11
-334018.839
 21
-27895.967
 31
0.0
100
AcDbText
  0
TEXT
  5
815
330
17
100
AcDbEntity
  8
EB-BASE-PARCEL-NUMBERS
100
AcDbText
 10
-334034.612
 20
-27870.018
 30
0.0
 40
1.25
  1
1054
 50
69.99019166666666
  7
OD-INTER
 11
-334034.612
 21
-27870.018
 31
0.0
100
AcDbText
  0
TEXT
  5
816
330
17
100
AcDbEntity
  8
EB-BASE-PARCEL-NUMBERS
100
AcDbText
 10
-334041.987
 20
-27879.406
 30
0.0
 40
1.25
  1
230
 50
69.99019166666666
  7
OD-INTER
 11
-334041.987
 21
-27879.406
 31
0.0
100
AcDbText
  0
TEXT
  5
817
330
17
100
AcDbEntity
  8
EB-BASE-PARCEL-NUMBERS
100
AcDbText
 10
-334051.007
 20
-27867.345
 30
0.0
 40
1.25
  1
263
 50
69.99019166666666
  7
OD-INTER
 11
-334051.007
 21
-27867.345
 31
0.0
100
AcDbText
  0
TEXT
  5
818
330
17
100
AcDbEntity
  8
EB-BASE-PARCEL-NUMBERS
100
AcDbText
 10
-334056.37
 20
-27870.559
 30
0.0
 40
1.25
  1
226
 50
69.99019166666666
  7
OD-INTER
 11
-334056.37
 21
-27870.559
 31
0.0
100
AcDbText
  0
TEXT
  5
819
330
17
100
AcDbEntity
  8
EB-BASE-PARCEL-NUMBERS
100
AcDbText
 10
-334039.2270000001
 20
-27831.311
 30
0.0
 40
1.25
  1
3
 50
69.99019166666666
  7
OD-INTER
 11
-334039.2270000001
 21
-27831.311
 31
0.0
100
AcDbText
  0
TEXT
  5
81A
330
17
100
AcDbEntity
  8
EB-BASE-PARCEL-NUMBERS
100
AcDbText
 10
-333759.35
 20
-27578.17
 30
0.0
 40
1.25
  1
4786
 50
69.99019166666666
  7
OD-INTER
 11
-333759.35
 21
-27578.17
 31
0.0
100
AcDbText
  0
TEXT
  5
81B
330
17
100
AcDbEntity
  8
EB-BASE-PARCEL-NUMBERS
100
AcDbText
 10
-333805.723
 20
-27842.838
 30
0.0
 40
1.25
  1
2493
 50
69.99019166666666
  7
OD-INTER
 11
-333805.723
 21
-27842.838
 31
0.0
100
AcDbText
  0
TEXT
  5
81C
330
17
100
AcDbEntity
  8
EB-BASE-PARCEL-NUMBERS
100
AcDbText
 10
-334056.1000000001
 20
-27643.821
 30
0.0
 40
1.25
  1
20
 50
69.99019166666666
  7
OD-INTER
 11
-334056.1000000001
 21
-27643.821
 31
0.0
100
AcDbText
  0
TEXT
  5
81D
330
17
100
AcDbEntity
  8
EB-BASE-PARCEL-NUMBERS
100
AcDbText
 10
-334022.371
 20
-27569.911
 30
0.0
 40
1.25
  1
21
 50
69.99019166666666
  7
OD-INTER
 11
-334022.371
 21
-27569.911
 31
0.0
100
AcDbText
  0
TEXT
  5
81E
330
17
100
AcDbEntity
  8
EB-BASE-PARCEL-NUMBERS
100
AcDbText
 10
-333876.368
 20
-27991.723
 30
0.0
 40
1.25
  1
465
 50
69.99019166666666
  7
OD-INTER
 11
-333876.368
 21
-27991.723
 31
0.0
100
AcDbText
  0
TEXT
  5
81F
330
17
100
AcDbEntity
  8
EB-BASE-PARCEL-NUMBERS
100
AcDbText
 10
-333840.745
 20
-27907.052
 30
0.0
 40
1.25
  1
5129
 50
69.99019166666666
  7
OD-INTER
 11
-333840.745
 21
-27907.052
 31
0.0
100
AcDbText
  0
TEXT
  5
820
330
17
100
AcDbEntity
  8
EB-BASE-PARCEL-NUMBERS
100
AcDbText
 10
-333862.135
 20
-27515.781
 30
0.0
 40
1.25
  1
2485
 50
318.6324555555556
  7
OD-INTER
 11
-333862.135
 21
-27515.781
 31
0.0
100
AcDbText
  0
TEXT
  5
821
330
17
100
AcDbEntity
  8
EB-BASE-PARCEL-NUMBERS
100
AcDbText
 10
-333762.598
 20
-27505.608
 30
0.0
 40
1.25
  1
3396
 50
318.6324555555556
  7
OD-INTER
 11
-333762.598
 21
-27505.608
 31
0.0
100
AcDbText
  0
TEXT
  5
822
330
17
100
AcDbEntity
  8
EB-BASE-PARCEL-NUMBERS
100
AcDbText
 10
-333784.8060000001
 20
-27505.753
 30
0.0
 40
1.25
  1
3394
 50
318.6324555555556
  7
OD-INTER
 11
-333784.8060000001
 21
-27505.753
 31
0.0
100
AcDbText
  0
TEXT
  5
823
330
17
100
AcDbEntity
  8
EB-BASE-PARCEL-NUMBERS
100
AcDbText
 10
-333777.575
 20
-27512.789
 30
0.0
 40
1.25
  1
3393
 50
318.6324555555556
  7
OD-INTER
 11
-333777.575
 21
-27512.789
 31
0.0
100
AcDbText
  0
TEXT
  5
824
330
17
100
AcDbEntity
  8
EB-BASE-PARCEL-NUMBERS
100
AcDbText
 10
-333805.658
 20
-27509.168
 30
0.0
 40
1.25
  1
3392
 50
318.6324555555556
  7
OD-INTER
 11
-333805.658
 21
-27509.168
 31
0.0
100
AcDbText
  0
TEXT
  5
825
330
17
100
AcDbEntity
  8
EB-BASE-PARCEL-NUMBERS
100
AcDbText
 10
-333794.5800000001
 20
-27519.011
 30
0.0
 40
1.25
  1
3391
 50
318.6324555555556
  7
OD-INTER
 11
-333794.5800000001
 21
-27519.011
 31
0.0
100
AcDbText
  0
TEXT
  5
826
330
17
100
AcDbEntity
  8
EB-BASE-PARCEL-NUMBERS
100
AcDbText
 10
-333785.0350000001
 20
-27524.842
 30
0.0
 40
1.25
  1
3390
 50
318.6324555555556
  7
OD-INTER
 11
-333785.0350000001
 21
-27524.842
 31
0.0
100
AcDbText
  0
TEXT
  5
827
330
17
100
AcDbEntity
  8
EB-BASE-PARCEL-NUMBERS
100
AcDbText
 10
-333817.1180000001
 20
-27523.845
 30
0.0
 40
1.25
  1
3389
 50
318.6324555555556
  7
OD-INTER
 11
-333817.1180000001
 21
-27523.845
 31
0.0
100
AcDbText
  0
TEXT
  5
828
330
17
100
AcDbEntity
  8
EB-BASE-PARCEL-NUMBERS
100
AcDbText
 10
-333791.1850000001
 20
-27534.481
 30
0.0
 40
1.25
  1
25
 50
318.6324555555556
  7
OD-INTER
 11
-333791.1850000001
 21
-27534.481
 31
0.0
100
AcDbText
  0
TEXT
  5
829
330
17
100
AcDbEntity
  8
EB-BASE-PARCEL-NUMBERS
100
AcDbText
 10
-333686.3060000001
 20
-27503.992
 30
0.0
 40
1.25
  1
3908
 50
318.6324555555556
  7
OD-INTER
 11
-333686.3060000001
 21
-27503.992
 31
0.0
100
AcDbText
  0
TEXT
  5
82A
330
17
100
AcDbEntity
  8
EB-BASE-PARCEL-NUMBERS
100
AcDbText
 10
-333707.1910000001
 20
-27515.309
 30
0.0
 40
1.25
  1
3906
 50
318.6324555555556
  7
OD-INTER
 11
-333707.1910000001
 21
-27515.309
 31
0.0
100
AcDbText
  0
TEXT
  5
82B
330
17
100
AcDbEntity
  8
EB-BASE-PARCEL-NUMBERS
100
AcDbText
 10
-333708.594
 20
-27538.101
 30
0.0
 40
1.25
  1
33
 50
318.6324555555556
  7
OD-INTER
 11
-333708.594
 21
-27538.101
 31
0.0
100
AcDbText
  0
TEXT
  5
82C
330
17
100
AcDbEntity
  8
EB-BASE-PARCEL-NUMBERS
100
AcDbText
 10
-333738.5490000001
 20
-27522.303
 30
0.0
 40
1.25
  1
3903
 50
318.6324555555556
  7
OD-INTER
 11
-333738.5490000001
 21
-27522.303
 31
0.0
100
AcDbText
  0
TEXT
  5
82D
330
17
100
AcDbEntity
  8
EB-BASE-PARCEL-NUMBERS
100
AcDbText
 10
-333753.681
 20
-27526.437
 30
0.0
 40
1.25
  1
3893
 50
318.6324555555556
  7
OD-INTER
 11
-333753.681
 21
-27526.437
 31
0.0
100
AcDbText
  0
TEXT
  5
82E
330
17
100
AcDbEntity
  8
EB-BASE-PARCEL-NUMBERS
100
AcDbText
 10
-333763.7470000001
 20
-27520.697
 30
0.0
 40
1.25
  1
3894
 50
318.6324555555556
  7
OD-INTER
 11
-333763.7470000001
 21
-27520.697
 31
0.0
100
AcDbText
  0
TEXT
  5
82F
330
17
100
AcDbEntity
  8
EB-BASE-PARCEL-NUMBERS
100
AcDbText
 10
-333717.478
 20
-27535.875
 30
0.0
 40
1.25
  1
3890
 50
318.6324555555556
  7
OD-INTER
 11
-333717.478
 21
-27535.875
 31
0.0
100
AcDbText
  0
TEXT
  5
830
330
17
100
AcDbEntity
  8
EB-BASE-PARCEL-NUMBERS
100
AcDbText
 10
-333729.65
 20
-27545.519
 30
0.0
 40
1.25
  1
3891
 50
318.6324555555556
  7
OD-INTER
 11
-333729.65
 21
-27545.519
 31
0.0
100
AcDbText
  0
TEXT
  5
831
330
17
100
AcDbEntity
  8
EB-BASE-PARCEL-NUMBERS
100
AcDbText
 10
-333740.848
 20
-27534.807
 30
0.0
 40
1.25
  1
3892
 50
318.6324555555556
  7
OD-INTER
 11
-333740.848
 21
-27534.807
 31
0.0
100
AcDbText
  0
TEXT
  5
832
330
17
100
AcDbEntity
  8
EB-BASE-PARCEL-NUMBERS
100
AcDbText
 10
-333769.5040000001
 20
-27541.638
 30
0.0
 40
1.25
  1
3895
 50
318.6324555555556
  7
OD-INTER
 11
-333769.5040000001
 21
-27541.638
 31
0.0
100
AcDbText
  0
TEXT
  5
833
330
17
100
AcDbEntity
  8
EB-BASE-PARCEL-NUMBERS
100
AcDbText
 10
-333757.239
 20
-27547.069
 30
0.0
 40
1.25
  1
3896
 50
318.6324555555556
  7
OD-INTER
 11
-333757.239
 21
-27547.069
 31
0.0
100
AcDbText
  0
TEXT
  5
834
330
17
100
AcDbEntity
  8
EB-BASE-PARCEL-NUMBERS
100
AcDbText
 10
-333744.781
 20
-27555.873
 30
0.0
 40
1.25
  1
3897
 50
318.6324555555556
  7
OD-INTER
 11
-333744.781
 21
-27555.873
 31
0.0
100
AcDbText
  0
TEXT
  5
835
330
17
100
AcDbEntity
  8
EB-BASE-PARCEL-NUMBERS
100
AcDbText
 10
-333717.027
 20
-27564.193
 30
0.0
 40
1.25
  1
3902
 50
318.6324555555556
  7
OD-INTER
 11
-333717.027
 21
-27564.193
 31
0.0
100
AcDbText
  0
TEXT
  5
836
330
17
100
AcDbEntity
  8
EB-BASE-PARCEL-NUMBERS
100
AcDbText
 10
-333707.5730000001
 20
-27553.501
 30
0.0
 40
1.25
  1
3898
 50
318.6324555555556
  7
OD-INTER
 11
-333707.5730000001
 21
-27553.501
 31
0.0
100
AcDbText
  0
TEXT
  5
837
330
17
100
AcDbEntity
  8
EB-BASE-PARCEL-NUMBERS
100
AcDbText
 10
-333695.2360000001
 20
-27566.587
 30
0.0
 40
1.25
  1
3899
 50
318.6324555555556
  7
OD-INTER
 11
-333695.2360000001
 21
-27566.587
 31
0.0
100
AcDbText
  0
TEXT
  5
838
330
17
100
AcDbEntity
  8
EB-BASE-PARCEL-NUMBERS
100
AcDbText
 10
-333674.242
 20
-27522.107
 30
0.0
 40
1.25
  1
3918
 50
318.6324555555556
  7
OD-INTER
 11
-333674.242
 21
-27522.107
 31
0.0
100
AcDbText
  0
TEXT
  5
839
330
17
100
AcDbEntity
  8
EB-BASE-PARCEL-NUMBERS
100
AcDbText
 10
-333664.719
 20
-27535.354
 30
0.0
 40
1.25
  1
3919
 50
318.6324555555556
  7
OD-INTER
 11
-333664.719
 21
-27535.354
 31
0.0
100
AcDbText
  0
TEXT
  5
83A
330
17
100
AcDbEntity
  8
EB-BASE-PARCEL-NUMBERS
100
AcDbText
 10
-333692.833
 20
-27530.956
 30
0.0
 40
1.25
  1
3920
 50
318.6324555555556
  7
OD-INTER
 11
-333692.833
 21
-27530.956
 31
0.0
100
AcDbText
  0
TEXT
  5
83B
330
17
100
AcDbEntity
  8
EB-BASE-PARCEL-NUMBERS
100
AcDbText
 10
-333683.8830000001
 20
-27538.685
 30
0.0
 40
1.25
  1
3921
 50
318.6324555555556
  7
OD-INTER
 11
-333683.8830000001
 21
-27538.685
 31
0.0
100
AcDbText
  0
TEXT
  5
83C
330
17
100
AcDbEntity
  8
EB-BASE-PARCEL-NUMBERS
100
AcDbText
 10
-333671.8230000001
 20
-27546.634
 30
0.0
 40
1.25
  1
3922
 50
318.6324555555556
  7
OD-INTER
 11
-333671.8230000001
 21
-27546.634
 31
0.0
100
AcDbText
  0
TEXT
  5
83D
330
17
100
AcDbEntity
  8
EB-BASE-PARCEL-NUMBERS
100
AcDbText
 10
-333656.886
 20
-27517.559
 30
0.0
 40
1.25
  1
3914
 50
318.6324555555556
  7
OD-INTER
 11
-333656.886
 21
-27517.559
 31
0.0
100
AcDbText
  0
TEXT
  5
83E
330
17
100
AcDbEntity
  8
EB-BASE-PARCEL-NUMBERS
100
AcDbText
 10
-333578.256
 20
-27506.321
 30
0.0
 40
1.25
  1
31
 50
318.6324555555556
  7
OD-INTER
 11
-333578.256
 21
-27506.321
 31
0.0
100
AcDbText
  0
TEXT
  5
83F
330
17
100
AcDbEntity
  8
EB-BASE-PARCEL-NUMBERS
100
AcDbText
 10
-333627.2560000001
 20
-27569.326
 30
0.0
 40
1.25
  1
34
 50
318.6324555555556
  7
OD-INTER
 11
-333627.2560000001
 21
-27569.326
 31
0.0
100
AcDbText
  0
TEXT
  5
840
330
17
100
AcDbEntity
  8
EB-BASE-PARCEL-NUMBERS
100
AcDbText
 10
-333730.928
 20
-27512.408
 30
0.0
 40
1.25
  1
3904
 50
326.1682722222222
  7
OD-INTER
 11
-333730.928
 21
-27512.408
 31
0.0
100
AcDbText
  0
TEXT
  5
841
330
17
100
AcDbEntity
  8
EB-BASE-PARCEL-NUMBERS
100
AcDbText
 10
-333704.923
 20
-27609.817
 30
0.0
 40
1.25
  1
4785
 50
318.6324555555556
  7
OD-INTER
 11
-333704.923
 21
-27609.817
 31
0.0
100
AcDbText
  0
TEXT
  5
842
330
17
100
AcDbEntity
  8
EB-BASE-PARCEL-NUMBERS
100
AcDbText
 10
-333571.443
 20
-27653.655
 30
0.0
 40
1.25
  1
4784
 50
318.6324555555556
  7
OD-INTER
 11
-333571.443
 21
-27653.655
 31
0.0
100
AcDbText
  0
TEXT
  5
843
330
17
100
AcDbEntity
  8
EB-BASE-PARCEL-NUMBERS
100
AcDbText
 10
-333512.473
 20
-27971.612
 30
0.0
 40
1.25
  1
4352
 50
326.4553444444445
  7
OD-INTER
 11
-333512.473
 21
-27971.612
 31
0.0
100
AcDbText
  0
TEXT
  5
844
330
17
100
AcDbEntity
  8
EB-BASE-PARCEL-NUMBERS
100
AcDbText
 10
-333526.863
 20
-27970.621
 30
0.0
 40
1.25
  1
4353
 50
326.4553444444445
  7
OD-INTER
 11
-333526.863
 21
-27970.621
 31
0.0
100
AcDbText
  0
TEXT
  5
845
330
17
100
AcDbEntity
  8
EB-BASE-PARCEL-NUMBERS
100
AcDbText
 10
-333534.415
 20
-27946.284
 30
0.0
 40
1.25
  1
4468
 50
326.4553444444445
  7
OD-INTER
 11
-333534.415
 21
-27946.284
 31
0.0
100
AcDbText
  0
TEXT
  5
846
330
17
100
AcDbEntity
  8
EB-BASE-PARCEL-NUMBERS
100
AcDbText
 10
-333508.4750000001
 20
-27954.788
 30
0.0
 40
1.25
  1
2267
 50
326.4553444444445
  7
OD-INTER
 11
-333508.4750000001
 21
-27954.788
 31
0.0
100
AcDbText
  0
TEXT
  5
847
330
17
100
AcDbEntity
  8
EB-BASE-PARCEL-NUMBERS
100
AcDbText
 10
-333556.462
 20
-27960.828
 30
0.0
 40
1.25
  1
4355
 50
326.4553444444445
  7
OD-INTER
 11
-333556.462
 21
-27960.828
 31
0.0
100
AcDbText
  0
TEXT
  5
848
330
17
100
AcDbEntity
  8
EB-BASE-PARCEL-NUMBERS
100
AcDbText
 10
-333505.145
 20
-27917.318
 30
0.0
 40
1.25
  1
4469
 50
326.4553444444445
  7
OD-INTER
 11
-333505.145
 21
-27917.318
 31
0.0
100
AcDbText
  0
TEXT
  5
849
330
17
100
AcDbEntity
  8
EB-BASE-PARCEL-NUMBERS
100
AcDbText
 10
-333518.116
 20
-27911.462
 30
0.0
 40
1.25
  1
4470
 50
326.4553444444445
  7
OD-INTER
 11
-333518.116
 21
-27911.462
 31
0.0
100
AcDbText
  0
TEXT
  5
84A
330
17
100
AcDbEntity
  8
EB-BASE-PARCEL-NUMBERS
100
AcDbText
 10
-333617.939
 20
-27921.587
 30
0.0
 40
1.25
  1
3738
 50
326.4553444444445
  7
OD-INTER
 11
-333617.939
 21
-27921.587
 31
0.0
100
AcDbText
  0
TEXT
  5
84B
330
17
100
AcDbEntity
  8
EB-BASE-PARCEL-NUMBERS
100
AcDbText
 10
-333567.1840000001
 20
-27918.263
 30
0.0
 40
1.25
  1
2263
 50
326.4553444444445
  7
OD-INTER
 11
-333567.1840000001
 21
-27918.263
 31
0.0
100
AcDbText
  0
TEXT
  5
84C
330
17
100
AcDbEntity
  8
EB-BASE-PARCEL-NUMBERS
100
AcDbText
 10
-333485.605
 20
-27922.286
 30
0.0
 40
1.25
  1
2335
 50
326.4553444444445
  7
OD-INTER
 11
-333485.605
 21
-27922.286
 31
0.0
100
AcDbText
  0
TEXT
  5
84D
330
17
100
AcDbEntity
  8
EB-BASE-PARCEL-NUMBERS
100
AcDbText
 10
-333606.32
 20
-27895.508
 30
0.0
 40
1.25
  1
2264
 50
326.4553444444445
  7
OD-INTER
 11
-333606.32
 21
-27895.508
 31
0.0
100
AcDbText
  0
TEXT
  5
84E
330
17
100
AcDbEntity
  8
EB-BASE-PARCEL-NUMBERS
100
AcDbText
 10
-333671.011
 20
-27882.003
 30
0.0
 40
1.25
  1
476
 50
326.4553444444445
  7
OD-INTER
 11
-333671.011
 21
-27882.003
 31
0.0
100
AcDbText
  0
TEXT
  5
84F
330
17
100
AcDbEntity
  8
EB-BASE-PARCEL-NUMBERS
100
AcDbText
 10
-333635.677
 20
-27882.644
 30
0.0
 40
1.25
  1
2265
 50
326.4553444444445
  7
OD-INTER
 11
-333635.677
 21
-27882.644
 31
0.0
100
AcDbText
  0
TEXT
  5
850
330
17
100
AcDbEntity
  8
EB-BASE-PARCEL-NUMBERS
100
AcDbText
 10
-333489.9710000001
 20
-27866.669
 30
0.0
 40
1.25
  1
2258
 50
326.4553444444445
  7
OD-INTER
 11
-333489.9710000001
 21
-27866.669
 31
0.0
100
AcDbText
  0
TEXT
  5
851
330
17
100
AcDbEntity
  8
EB-BASE-PARCEL-NUMBERS
100
AcDbText
 10
-333697.897
 20
-27866.808
 30
0.0
 40
1.25
  1
3840
 50
326.4553444444445
  7
OD-INTER
 11
-333697.897
 21
-27866.808
 31
0.0
100
AcDbText
  0
TEXT
  5
852
330
17
100
AcDbEntity
  8
EB-BASE-PARCEL-NUMBERS
100
AcDbText
 10
-333576.922
 20
-27851.839
 30
0.0
 40
1.25
  1
2262
 50
326.4553444444445
  7
OD-INTER
 11
-333576.922
 21
-27851.839
 31
0.0
100
AcDbText
  0
TEXT
  5
853
330
17
100
AcDbEntity
  8
EB-BASE-PARCEL-NUMBERS
100
AcDbText
 10
-333731.8130000001
 20
-27837.771
 30
0.0
 40
1.25
  1
4991
 50
326.4553444444445
  7
OD-INTER
 11
-333731.8130000001
 21
-27837.771
 31
0.0
100
AcDbText
  0
TEXT
  5
854
330
17
100
AcDbEntity
  8
EB-BASE-PARCEL-NUMBERS
100
AcDbText
 10
-333558.5030000001
 20
-27826.953
 30
0.0
 40
1.25
  1
2260
 50
326.4553444444445
  7
OD-INTER
 11
-333558.5030000001
 21
-27826.953
 31
0.0
100
AcDbText
  0
TEXT
  5
855
330
17
100
AcDbEntity
  8
EB-BASE-PARCEL-NUMBERS
100
AcDbText
 10
-333558.8040000001
 20
-27780.016
 30
0.0
 40
1.25
  1
5205
 50
326.4553444444445
  7
OD-INTER
 11
-333558.8040000001
 21
-27780.016
 31
0.0
100
AcDbText
  0
TEXT
  5
856
330
17
100
AcDbEntity
  8
EB-BASE-PARCEL-NUMBERS
100
AcDbText
 10
-333678.314
 20
-27781.387
 30
0.0
 40
1.25
  1
4871
 50
326.4553444444445
  7
OD-INTER
 11
-333678.314
 21
-27781.387
 31
0.0
100
AcDbText
  0
TEXT
  5
857
330
17
100
AcDbEntity
  8
EB-BASE-PARCEL-NUMBERS
100
AcDbText
 10
-333705.3290000001
 20
-27771.237
 30
0.0
 40
1.25
  1
4870
 50
326.4553444444445
  7
OD-INTER
 11
-333705.3290000001
 21
-27771.237
 31
0.0
100
AcDbText
  0
TEXT
  5
858
330
17
100
AcDbEntity
  8
EB-BASE-PARCEL-NUMBERS
100
AcDbText
 10
-333727.998
 20
-27763.596
 30
0.0
 40
1.25
  1
3839
 50
326.4553444444445
  7
OD-INTER
 11
-333727.998
 21
-27763.596
 31
0.0
100
AcDbText
  0
TEXT
  5
859
330
17
100
AcDbEntity
  8
EB-BASE-PARCEL-NUMBERS
100
AcDbText
 10
-333642.2440000001
 20
-27760.986
 30
0.0
 40
1.25
  1
3850
 50
326.4553444444445
  7
OD-INTER
 11
-333642.2440000001
 21
-27760.986
 31
0.0
100
AcDbText
  0
TEXT
  5
85A
330
17
100
AcDbEntity
  8
EB-BASE-PARCEL-NUMBERS
100
AcDbText
 10
-333633.957
 20
-27754.523
 30
0.0
 40
1.25
  1
5206
 50
326.4553444444445
  7
OD-INTER
 11
-333633.957
 21
-27754.523
 31
0.0
100
AcDbText
  0
TEXT
  5
85B
330
17
100
AcDbEntity
  8
EB-BASE-PARCEL-NUMBERS
100
AcDbText
 10
-333546.2980000001
 20
-27753.202
 30
0.0
 40
1.25
  1
3843
 50
326.4553444444445
  7
OD-INTER
 11
-333546.2980000001
 21
-27753.202
 31
0.0
100
AcDbText
  0
TEXT
  5
85C
330
17
100
AcDbEntity
  8
EB-BASE-PARCEL-NUMBERS
100
AcDbText
 10
-333677.637
 20
-27721.994
 30
0.0
 40
1.25
  1
2481
 50
326.4553444444445
  7
OD-INTER
 11
-333677.637
 21
-27721.994
 31
0.0
100
AcDbText
  0
TEXT
  5
85D
330
17
100
AcDbEntity
  8
EB-BASE-PARCEL-NUMBERS
100
AcDbText
 10
-333646.938
 20
-27701.724
 30
0.0
 40
1.25
  1
5176
 50
326.4553444444445
  7
OD-INTER
 11
-333646.938
 21
-27701.724
 31
0.0
100
AcDbText
  0
TEXT
  5
85E
330
17
100
AcDbEntity
  8
EB-BASE-PARCEL-NUMBERS
100
AcDbText
 10
-333604.0480000001
 20
-27704.763
 30
0.0
 40
1.25
  1
5136
 50
326.4553444444445
  7
OD-INTER
 11
-333604.0480000001
 21
-27704.763
 31
0.0
100
AcDbText
  0
TEXT
  5
85F
330
17
100
AcDbEntity
  8
EB-BASE-PARCEL-NUMBERS
100
AcDbText
 10
-333589.9920000001
 20
-27721.045
 30
0.0
 40
1.25
  1
4828
 50
326.4553444444445
  7
OD-INTER
 11
-333589.9920000001
 21
-27721.045
 31
0.0
100
AcDbText
  0
TEXT
  5
860
330
17
100
AcDbEntity
  8
EB-BASE-PARCEL-NUMBERS
100
AcDbText
 10
-333559.801
 20
-27707.942
 30
0.0
 40
1.25
  1
5204
 50
326.4553444444445
  7
OD-INTER
 11
-333559.801
 21
-27707.942
 31
0.0
100
AcDbText
  0
TEXT
  5
861
330
17
100
AcDbEntity
  8
EB-BASE-PARCEL-NUMBERS
100
AcDbText
 10
-333669.034
 20
-27695.211
 30
0.0
 40
1.25
  1
4841
 50
326.4553444444445
  7
OD-INTER
 11
-333669.034
 21
-27695.211
 31
0.0
100
AcDbText
  0
TEXT
  5
862
330
17
100
AcDbEntity
  8
EB-BASE-PARCEL-NUMBERS
100
AcDbText
 10
-333655.417
 20
-27653.803
 30
0.0
 40
1.25
  1
4877
 50
326.4553444444445
  7
OD-INTER
 11
-333655.417
 21
-27653.803
 31
0.0
100
AcDbText
  0
TEXT
  5
863
330
17
100
AcDbEntity
  8
EB-BASE-PARCEL-NUMBERS
100
AcDbText
 10
-333621.762
 20
-27653.378
 30
0.0
 40
1.25
  1
5177
 50
326.4553444444445
  7
OD-INTER
 11
-333621.762
 21
-27653.378
 31
0.0
100
AcDbText
  0
TEXT
  5
864
330
17
100
AcDbEntity
  8
EB-BASE-PARCEL-NUMBERS
100
AcDbText
 10
-333598.648
 20
-27658.652
 30
0.0
 40
1.25
  1
4829
 50
326.4553444444445
  7
OD-INTER
 11
-333598.648
 21
-27658.652
 31
0.0
100
AcDbText
  0
TEXT
  5
865
330
17
100
AcDbEntity
  8
EB-BASE-PARCEL-NUMBERS
100
AcDbText
 10
-333615.3620000001
 20
-27682.523
 30
0.0
 40
1.25
  1
5135
 50
326.4553444444445
  7
OD-INTER
 11
-333615.3620000001
 21
-27682.523
 31
0.0
100
AcDbText
  0
TEXT
  5
866
330
17
100
AcDbEntity
  8
EB-BASE-PARCEL-NUMBERS
100
AcDbText
 10
-333662.456
 20
-27785.959
 30
0.0
 40
1.25
  1
3848
 50
326.4553444444445
  7
OD-INTER
 11
-333662.456
 21
-27785.959
 31
0.0
100
AcDbText
  0
TEXT
  5
867
330
17
100
AcDbEntity
  8
EB-BASE-PARCEL-NUMBERS
100
AcDbText
 10
-333636.49
 20
-27789.304
 30
0.0
 40
1.25
  1
3841
 50
326.4553444444445
  7
OD-INTER
 11
-333636.49
 21
-27789.304
 31
0.0
100
AcDbText
  0
TEXT
  5
868
330
17
100
AcDbEntity
  8
EB-BASE-PARCEL-NUMBERS
100
AcDbText
 10
-333599.195
 20
-27806.873
 30
0.0
 40
1.25
  1
5103
 50
326.4553444444445
  7
OD-INTER
 11
-333599.195
 21
-27806.873
 31
0.0
100
AcDbText
  0
TEXT
  5
869
330
17
100
AcDbEntity
  8
EB-BASE-PARCEL-NUMBERS
100
AcDbText
 10
-333599.39
 20
-27809.921
 30
0.0
 40
1.25
  1
5163
 50
326.4553444444445
  7
OD-INTER
 11
-333599.39
 21
-27809.921
 31
0.0
100
AcDbText
  0
TEXT
  5
86A
330
17
100
AcDbEntity
  8
EB-BASE-PARCEL-NUMBERS
100
AcDbText
 10
-333643.49
 20
-27819.837
 30
0.0
 40
1.25
  1
3744
 50
335.0496833333334
  7
OD-INTER
 11
-333643.49
 21
-27819.837
 31
0.0
100
AcDbText
  0
TEXT
  5
86B
330
17
100
AcDbEntity
  8
EB-BASE-PARCEL-NUMBERS
100
AcDbText
 10
-333645.525
 20
-27753.623
 30
0.0
 40
1.25
  1
3845
 50
326.4553444444445
  7
OD-INTER
 11
-333645.525
 21
-27753.623
 31
0.0
100
AcDbText
  0
TEXT
  5
86C
330
17
100
AcDbEntity
  8
EB-BASE-PARCEL-NUMBERS
100
AcDbText
 10
-333642.212
 20
-27754.276
 30
0.0
 40
1.25
  1
3849
 50
326.4553444444445
  7
OD-INTER
 11
-333642.212
 21
-27754.276
 31
0.0
100
AcDbText
  0
TEXT
  5
86D
330
17
100
AcDbEntity
  8
EB-BASE-PARCEL-NUMBERS
100
AcDbText
 10
-333522.5300000001
 20
-27774.713
 30
0.0
 40
1.25
  1
5102
 50
25.36395555555556
  7
OD-INTER
 11
-333522.5300000001
 21
-27774.713
 31
0.0
100
AcDbText
  0
TEXT
  5
86E
330
17
100
AcDbEntity
  8
EB-BASE-PARCEL-NUMBERS
100
AcDbText
 10
-333521.631
 20
-27777.27
 30
0.0
 40
1.25
  1
5162
 50
29.07783055555556
  7
OD-INTER
 11
-333521.631
 21
-27777.27
 31
0.0
100
AcDbText
  0
TEXT
  5
86F
330
17
100
AcDbEntity
  8
EB-BASE-PARCEL-NUMBERS
100
AcDbText
 10
-333538.881
 20
-27962.165
 30
0.0
 40
1.25
  1
4354
 50
326.4553444444445
  7
OD-INTER
 11
-333538.881
 21
-27962.165
 31
0.0
100
AcDbText
  0
TEXT
  5
870
330
17
100
AcDbEntity
  8
EB-BASE-PARCEL-NUMBERS
100
AcDbText
 10
-333644.38
 20
-27906.747
 30
0.0
 40
1.25
  1
3737
 50
326.4553444444445
  7
OD-INTER
 11
-333644.38
 21
-27906.747
 31
0.0
100
AcDbText
  0
TEXT
  5
871
330
17
100
AcDbEntity
  8
EB-BASE-PARCEL-NUMBERS
100
AcDbText
 10
-333712.601
 20
-27864.132
 30
0.0
 40
1.25
  1
3847
 50
326.4553444444445
  7
OD-INTER
 11
-333712.601
 21
-27864.132
 31
0.0
100
AcDbText
  0
TEXT
  5
872
330
17
100
AcDbEntity
  8
EB-BASE-PARCEL-NUMBERS
100
AcDbText
 10
-333723.565
 20
-27861.114
 30
0.0
 40
1.25
  1
4869
 50
326.4553444444445
  7
OD-INTER
 11
-333723.565
 21
-27861.114
 31
0.0
100
AcDbText
  0
TEXT
  5
873
330
17
100
AcDbEntity
  8
EB-BASE-PARCEL-NUMBERS
100
AcDbText
 10
-333759.425
 20
-27846.137
 30
0.0
 40
1.25
  1
16
 50
326.4553444444445
  7
OD-INTER
 11
-333759.425
 21
-27846.137
 31
0.0
100
AcDbText
  0
TEXT
  5
874
330
17
100
AcDbEntity
  8
EB-BASE-PARCEL-NUMBERS
100
AcDbText
 10
-333718.643
 20
-27686.09
 30
0.0
 40
1.25
  1
5178
 50
326.4553444444445
  7
OD-INTER
 11
-333718.643
 21
-27686.09
 31
0.0
100
AcDbText
  0
TEXT
  5
875
330
17
100
AcDbEntity
  8
EB-BASE-PARCEL-NUMBERS
100
AcDbText
 10
-333769.19
 20
-27676.127
 30
0.0
 40
1.25
  1
4798
 50
326.4553444444445
  7
OD-INTER
 11
-333769.19
 21
-27676.127
 31
0.0
100
AcDbText
  0
TEXT
  5
876
330
17
100
AcDbEntity
  8
EB-BASE-PARCEL-NUMBERS
100
AcDbText
 10
-333738.3020000001
 20
-27674.71
 30
0.0
 40
1.25
  1
4797
 50
326.4553444444445
  7
OD-INTER
 11
-333738.3020000001
 21
-27674.71
 31
0.0
100
AcDbText
  0
TEXT
  5
877
330
17
100
AcDbEntity
  8
EB-BASE-PARCEL-NUMBERS
100
AcDbText
 10
-333714.736
 20
-27669.036
 30
0.0
 40
1.25
  1
2483
 50
326.4553444444445
  7
OD-INTER
 11
-333714.736
 21
-27669.036
 31
0.0
100
AcDbText
  0
TEXT
  5
878
330
17
100
AcDbEntity
  8
EB-BASE-PARCEL-NUMBERS
100
AcDbText
 10
-333741.4260000001
 20
-27645.96
 30
0.0
 40
1.25
  1
4795
 50
326.4553444444445
  7
OD-INTER
 11
-333741.4260000001
 21
-27645.96
 31
0.0
100
AcDbText
  0
TEXT
  5
879
330
17
100
AcDbEntity
  8
EB-BASE-PARCEL-NUMBERS
100
AcDbText
 10
-333718.18
 20
-27626.174
 30
0.0
 40
1.25
  1
4794
 50
326.4553444444445
  7
OD-INTER
 11
-333718.18
 21
-27626.174
 31
0.0
100
AcDbText
  0
TEXT
  5
87A
330
17
100
AcDbEntity
  8
EB-BASE-PARCEL-NUMBERS
100
AcDbText
 10
-333704.039
 20
-27635.659
 30
0.0
 40
1.25
  1
15
 50
326.4553444444445
  7
OD-INTER
 11
-333704.039
 21
-27635.659
 31
0.0
100
AcDbText
  0
TEXT
  5
87B
330
17
100
AcDbEntity
  8
EB-BASE-PARCEL-NUMBERS
100
AcDbText
 10
-333773.706
 20
-27864.229
 30
0.0
 40
1.25
  1
2814
 50
326.6460388888889
  7
OD-INTER
 11
-333773.706
 21
-27864.229
 31
0.0
100
AcDbText
  0
TEXT
  5
87C
330
17
100
AcDbEntity
  8
EB-BASE-PARCEL-NUMBERS
100
AcDbText
 10
-333763.218
 20
-27870.906
 30
0.0
 40
1.25
  1
2815
 50
326.6460388888889
  7
OD-INTER
 11
-333763.218
 21
-27870.906
 31
0.0
100
AcDbText
  0
TEXT
  5
87D
330
17
100
AcDbEntity
  8
EB-BASE-PARCEL-NUMBERS
100
AcDbText
 10
-333770.63
 20
-27885.155
 30
0.0
 40
1.25
  1
2816
 50
326.6460388888889
  7
OD-INTER
 11
-333770.63
 21
-27885.155
 31
0.0
100
AcDbText
  0
TEXT
  5
87E
330
17
100
AcDbEntity
  8
EB-BASE-PARCEL-NUMBERS
100
AcDbText
 10
-333780.681
 20
-27880.177
 30
0.0
 40
1.25
  1
14
 50
326.6460388888889
  7
OD-INTER
 11
-333780.681
 21
-27880.177
 31
0.0
100
AcDbText
  0
TEXT
  5
87F
330
17
100
AcDbEntity
  8
EB-BASE-PARCEL-NUMBERS
100
AcDbText
 10
-333746.565
 20
-27879.294
 30
0.0
 40
1.25
  1
2817
 50
326.6460388888889
  7
OD-INTER
 11
-333746.565
 21
-27879.294
 31
0.0
100
AcDbText
  0
TEXT
  5
880
330
17
100
AcDbEntity
  8
EB-BASE-PARCEL-NUMBERS
100
AcDbText
 10
-333759.621
 20
-27883.041
 30
0.0
 40
1.25
  1
2834
 50
326.6460388888889
  7
OD-INTER
 11
-333759.621
 21
-27883.041
 31
0.0
100
AcDbText
  0
TEXT
  5
881
330
17
100
AcDbEntity
  8
EB-BASE-PARCEL-NUMBERS
100
AcDbText
 10
-333735.208
 20
-27885.141
 30
0.0
 40
1.25
  1
2819
 50
326.6460388888889
  7
OD-INTER
 11
-333735.208
 21
-27885.141
 31
0.0
100
AcDbText
  0
TEXT
  5
882
330
17
100
AcDbEntity
  8
EB-BASE-PARCEL-NUMBERS
100
AcDbText
 10
-333742.8610000001
 20
-27895.976
 30
0.0
 40
1.25
  1
2820
 50
326.6460388888889
  7
OD-INTER
 11
-333742.8610000001
 21
-27895.976
 31
0.0
100
AcDbText
  0
TEXT
  5
883
330
17
100
AcDbEntity
  8
EB-BASE-PARCEL-NUMBERS
100
AcDbText
 10
-333754.0360000001
 20
-27891.735
 30
0.0
 40
1.25
  1
2818
 50
326.6460388888889
  7
OD-INTER
 11
-333754.0360000001
 21
-27891.735
 31
0.0
100
AcDbText
  0
TEXT
  5
884
330
17
100
AcDbEntity
  8
EB-BASE-PARCEL-NUMBERS
100
AcDbText
 10
-333727.5630000001
 20
-27902.936
 30
0.0
 40
1.25
  1
2821
 50
326.6460388888889
  7
OD-INTER
 11
-333727.5630000001
 21
-27902.936
 31
0.0
100
AcDbText
  0
TEXT
  5
885
330
17
100
AcDbEntity
  8
EB-BASE-PARCEL-NUMBERS
100
AcDbText
 10
-333719.903
 20
-27892.963
 30
0.0
 40
1.25
  1
2822
 50
326.6460388888889
  7
OD-INTER
 11
-333719.903
 21
-27892.963
 31
0.0
100
AcDbText
  0
TEXT
  5
886
330
17
100
AcDbEntity
  8
EB-BASE-PARCEL-NUMBERS
100
AcDbText
 10
-333714.895
 20
-27903.607
 30
0.0
 40
1.25
  1
2823
 50
326.6460388888889
  7
OD-INTER
 11
-333714.895
 21
-27903.607
 31
0.0
100
AcDbText
  0
TEXT
  5
887
330
17
100
AcDbEntity
  8
EB-BASE-PARCEL-NUMBERS
100
AcDbText
 10
-333683.045
 20
-27926.885
 30
0.0
 40
1.25
  1
2274
 50
326.6460388888889
  7
OD-INTER
 11
-333683.045
 21
-27926.885
 31
0.0
100
AcDbText
  0
TEXT
  5
888
330
17
100
AcDbEntity
  8
EB-BASE-PARCEL-NUMBERS
100
AcDbText
 10
-333759.022
 20
-27920.006
 30
0.0
 40
1.25
  1
2829
 50
326.6460388888889
  7
OD-INTER
 11
-333759.022
 21
-27920.006
 31
0.0
100
AcDbText
  0
TEXT
  5
889
330
17
100
AcDbEntity
  8
EB-BASE-PARCEL-NUMBERS
100
AcDbText
 10
-333770.294
 20
-27915.638
 30
0.0
 40
1.25
  1
2830
 50
326.6460388888889
  7
OD-INTER
 11
-333770.294
 21
-27915.638
 31
0.0
100
AcDbText
  0
TEXT
  5
88A
330
17
100
AcDbEntity
  8
EB-BASE-PARCEL-NUMBERS
100
AcDbText
 10
-333780.849
 20
-27912.568
 30
0.0
 40
1.25
  1
2831
 50
326.6460388888889
  7
OD-INTER
 11
-333780.849
 21
-27912.568
 31
0.0
100
AcDbText
  0
TEXT
  5
88B
330
17
100
AcDbEntity
  8
EB-BASE-PARCEL-NUMBERS
100
AcDbText
 10
-333792.429
 20
-27906.574
 30
0.0
 40
1.25
  1
2832
 50
326.6460388888889
  7
OD-INTER
 11
-333792.429
 21
-27906.574
 31
0.0
100
AcDbText
  0
TEXT
  5
88C
330
17
100
AcDbEntity
  8
EB-BASE-PARCEL-NUMBERS
100
AcDbText
 10
-333799.159
 20
-27917.49
 30
0.0
 40
1.25
  1
2833
 50
326.6460388888889
  7
OD-INTER
 11
-333799.159
 21
-27917.49
 31
0.0
100
AcDbText
  0
TEXT
  5
88D
330
17
100
AcDbEntity
  8
EB-BASE-PARCEL-NUMBERS
100
AcDbText
 10
-333786.776
 20
-27924.92
 30
0.0
 40
1.25
  1
3361
 50
326.6460388888889
  7
OD-INTER
 11
-333786.776
 21
-27924.92
 31
0.0
100
AcDbText
  0
TEXT
  5
88E
330
17
100
AcDbEntity
  8
EB-BASE-PARCEL-NUMBERS
100
AcDbText
 10
-333773.2430000001
 20
-27934.026
 30
0.0
 40
1.25
  1
2828
 50
326.6460388888889
  7
OD-INTER
 11
-333773.2430000001
 21
-27934.026
 31
0.0
100
AcDbText
  0
TEXT
  5
88F
330
17
100
AcDbEntity
  8
EB-BASE-PARCEL-NUMBERS
100
AcDbText
 10
-333796.6440000001
 20
-27935.615
 30
0.0
 40
1.25
  1
1022
 50
326.6460388888889
  7
OD-INTER
 11
-333796.6440000001
 21
-27935.615
 31
0.0
100
AcDbText
  0
TEXT
  5
890
330
17
100
AcDbEntity
  8
EB-BASE-PARCEL-NUMBERS
100
AcDbText
 10
-333741.033
 20
-27923.411
 30
0.0
 40
1.25
  1
2825
 50
326.6460388888889
  7
OD-INTER
 11
-333741.033
 21
-27923.411
 31
0.0
100
AcDbText
  0
TEXT
  5
891
330
17
100
AcDbEntity
  8
EB-BASE-PARCEL-NUMBERS
100
AcDbText
 10
-333730.534
 20
-27930.625
 30
0.0
 40
1.25
  1
2824
 50
326.6460388888889
  7
OD-INTER
 11
-333730.534
 21
-27930.625
 31
0.0
100
AcDbText
  0
TEXT
  5
892
330
17
100
AcDbEntity
  8
EB-BASE-PARCEL-NUMBERS
100
AcDbText
 10
-333743.1950000001
 20
-27940.978
 30
0.0
 40
1.25
  1
2826
 50
326.6460388888889
  7
OD-INTER
 11
-333743.1950000001
 21
-27940.978
 31
0.0
100
AcDbText
  0
TEXT
  5
893
330
17
100
AcDbEntity
  8
EB-BASE-PARCEL-NUMBERS
100
AcDbText
 10
-333749.349
 20
-27947.095
 30
0.0
 40
1.25
  1
2827
 50
326.6460388888889
  7
OD-INTER
 11
-333749.349
 21
-27947.095
 31
0.0
100
AcDbText
  0
TEXT
  5
894
330
17
100
AcDbEntity
  8
EB-BASE-PARCEL-NUMBERS
100
AcDbText
 10
-333603.8890000001
 20
-27968.362
 30
0.0
 40
1.25
  1
2270
 50
326.6460388888889
  7
OD-INTER
 11
-333603.8890000001
 21
-27968.362
 31
0.0
100
AcDbText
  0
TEXT
  5
895
330
17
100
AcDbEntity
  8
EB-BASE-PARCEL-NUMBERS
100
AcDbText
 10
-333623.64
 20
-27956.34
 30
0.0
 40
1.25
  1
2271
 50
326.6460388888889
  7
OD-INTER
 11
-333623.64
 21
-27956.34
 31
0.0
100
AcDbText
  0
TEXT
  5
896
330
17
100
AcDbEntity
  8
EB-BASE-PARCEL-NUMBERS
100
AcDbText
 10
-333644.306
 20
-27947.312
 30
0.0
 40
1.25
  1
2272
 50
326.6460388888889
  7
OD-INTER
 11
-333644.306
 21
-27947.312
 31
0.0
100
AcDbText
  0
TEXT
  5
897
330
17
100
AcDbEntity
  8
EB-BASE-PARCEL-NUMBERS
100
AcDbText
 10
-333797.8
 20
-27959.447
 30
0.0
 40
1.25
  1
13
 50
326.6460388888889
  7
OD-INTER
 11
-333797.8
 21
-27959.447
 31
0.0
100
AcDbText
  0
TEXT
  5
898
330
17
100
AcDbEntity
  8
EB-BASE-PARCEL-NUMBERS
100
AcDbText
 10
-333763.517
 20
-27967.372
 30
0.0
 40
1.25
  1
2691
 50
326.6460388888889
  7
OD-INTER
 11
-333763.517
 21
-27967.372
 31
0.0
100
AcDbText
  0
TEXT
  5
899
330
17
100
AcDbEntity
  8
EB-BASE-PARCEL-NUMBERS
100
AcDbText
 10
-333544.196
 20
-27978.459
 30
0.0
 40
1.25
  1
2268
 50
326.6460388888889
  7
OD-INTER
 11
-333544.196
 21
-27978.459
 31
0.0
100
AcDbText
  0
TEXT
  5
89A
330
17
100
AcDbEntity
  8
EB-BASE-PARCEL-NUMBERS
100
AcDbText
 10
-333676.386
 20
-27976.003
 30
0.0
 40
1.25
  1
478
 50
326.6460388888889
  7
OD-INTER
 11
-333676.386
 21
-27976.003
 31
0.0
100
AcDbText
  0
TEXT
  5
89B
330
17
100
AcDbEntity
  8
EB-BASE-PARCEL-NUMBERS
100
AcDbText
 10
-333769.875
 20
-27982.372
 30
0.0
 40
1.25
  1
2689
 50
326.6460388888889
  7
OD-INTER
 11
-333769.875
 21
-27982.372
 31
0.0
100
AcDbText
  0
TEXT
  5
89C
330
17
100
AcDbEntity
  8
EB-BASE-PARCEL-NUMBERS
100
AcDbText
 10
-333773.9640000001
 20
-27989.741
 30
0.0
 40
1.25
  1
1373
 50
326.6460388888889
  7
OD-INTER
 11
-333773.9640000001
 21
-27989.741
 31
0.0
100
AcDbText
  0
TEXT
  5
89D
330
17
100
AcDbEntity
  8
EB-BASE-PARCEL-NUMBERS
100
AcDbText
 10
-333763.955
 20
-27991.691
 30
0.0
 40
1.25
  1
1374
 50
326.6460388888889
  7
OD-INTER
 11
-333763.955
 21
-27991.691
 31
0.0
100
AcDbText
  0
TEXT
  5
89E
330
17
100
AcDbEntity
  8
EB-BASE-PARCEL-NUMBERS
100
AcDbText
 10
-333748.642
 20
-27994.709
 30
0.0
 40
1.25
  1
1375
 50
326.6460388888889
  7
OD-INTER
 11
-333748.642
 21
-27994.709
 31
0.0
100
AcDbText
  0
TEXT
  5
89F
330
17
100
AcDbEntity
  8
EB-BASE-PARCEL-NUMBERS
100
AcDbText
 10
-333746.838
 20
-27985.728
 30
0.0
 40
1.25
  1
1376
 50
326.6460388888889
  7
OD-INTER
 11
-333746.838
 21
-27985.728
 31
0.0
100
AcDbText
  0
TEXT
  5
8A0
330
17
100
AcDbEntity
  8
EB-BASE-PARCEL-NUMBERS
100
AcDbText
 10
-333716.241
 20
-27994.286
 30
0.0
 40
1.25
  1
1402
 50
326.6460388888889
  7
OD-INTER
 11
-333716.241
 21
-27994.286
 31
0.0
100
AcDbText
  0
TEXT
  5
8A1
330
17
100
AcDbEntity
  8
EB-BASE-PARCEL-NUMBERS
100
AcDbText
 10
-333526.757
 20
-27996.511
 30
0.0
 40
1.25
  1
2275
 50
326.6460388888889
  7
OD-INTER
 11
-333526.757
 21
-27996.511
 31
0.0
100
AcDbText
  0
TEXT
  5
8A2
330
17
100
AcDbEntity
  8
EB-BASE-PARCEL-NUMBERS
100
AcDbText
 10
-333804.256
 20
-27921.206
 30
0.0
 40
1.25
  1
3362
 50
329.0444000000001
  7
OD-INTER
 11
-333804.256
 21
-27921.206
 31
0.0
100
AcDbText
  0
TEXT
  5
8A3
330
17
100
AcDbEntity
  8
EB-BASE-PARCEL-NUMBERS
100
AcDbText
 10
-333731.224
 20
-27986.555
 30
0.0
 40
1.25
  1
1403
 50
326.6460388888889
  7
OD-INTER
 11
-333731.224
 21
-27986.555
 31
0.0
100
AcDbText
  0
TEXT
  5
8A4
330
17
100
AcDbEntity
  8
EB-BASE-PARCEL-NUMBERS
100
AcDbText
 10
-333732.09
 20
-27992.265
 30
0.0
 40
1.25
  1
1533
 50
326.6460388888889
  7
OD-INTER
 11
-333732.09
 21
-27992.265
 31
0.0
100
AcDbText
  0
TEXT
  5
8A5
330
17
100
AcDbEntity
  8
EB-BASE-PARCEL-NUMBERS
100
AcDbText
 10
-333705.609
 20
-27993.795
 30
0.0
 40
1.25
  1
1401
 50
326.6460388888889
  7
OD-INTER
 11
-333705.609
 21
-27993.795
 31
0.0
100
AcDbText
  0
TEXT
  5
8A6
330
17
100
AcDbEntity
  8
EB-BASE-PARCEL-NUMBERS
100
AcDbText
 10
-334055.553
 20
-27927.932
 30
0.0
 40
1.25
  1
2515
 50
83.97928611111112
  7
OD-INTER
 11
-334055.553
 21
-27927.932
 31
0.0
100
AcDbText
  0
TEXT
  5
8A7
330
17
100
AcDbEntity
  8
EB-BASE-PARCEL-NUMBERS
100
AcDbText
 10
-334020.146
 20
-27949.019
 30
0.0
 40
1.25
  1
2516
 50
83.97928611111112
  7
OD-INTER
 11
-334020.146
 21
-27949.019
 31
0.0
100
AcDbText
  0
TEXT
  5
8A8
330
17
100
AcDbEntity
  8
EB-BASE-PARCEL-NUMBERS
100
AcDbText
 10
-333989.988
 20
-27965.259
 30
0.0
 40
1.25
  1
2137
 50
83.97928611111112
  7
OD-INTER
 11
-333989.988
 21
-27965.259
 31
0.0
100
AcDbText
  0
TEXT
  5
8A9
330
17
100
AcDbEntity
  8
EB-BASE-PARCEL-NUMBERS
100
AcDbText
 10
-333980.978
 20
-27971.594
 30
0.0
 40
1.25
  1
1016
 50
83.97928611111112
  7
OD-INTER
 11
-333980.978
 21
-27971.594
 31
0.0
100
AcDbText
  0
TEXT
  5
8AA
330
17
100
AcDbEntity
  8
EB-BASE-PARCEL-NUMBERS
100
AcDbText
 10
-333974.404
 20
-27968.631
 30
0.0
 40
1.25
  1
454
 50
83.97928611111112
  7
OD-INTER
 11
-333974.404
 21
-27968.631
 31
0.0
100
AcDbText
  0
TEXT
  5
8AB
330
17
100
AcDbEntity
  8
EB-BASE-PARCEL-NUMBERS
100
AcDbText
 10
-333964.527
 20
-27981.758
 30
0.0
 40
1.25
  1
456
 50
83.97928611111112
  7
OD-INTER
 11
-333964.527
 21
-27981.758
 31
0.0
100
AcDbText
  0
TEXT
  5
8AC
330
17
100
AcDbEntity
  8
EB-BASE-PARCEL-NUMBERS
100
AcDbText
 10
-333963.478
 20
-27995.848
 30
0.0
 40
1.25
  1
457
 50
83.97928611111112
  7
OD-INTER
 11
-333963.478
 21
-27995.848
 31
0.0
100
AcDbText
  0
TEXT
  5
8AD
330
17
100
AcDbEntity
  8
EB-BASE-PARCEL-NUMBERS
100
AcDbText
 10
-334054.674
 20
-27959.645
 30
0.0
 40
1.25
  1
4843
 50
83.97928611111112
  7
OD-INTER
 11
-334054.674
 21
-27959.645
 31
0.0
100
AcDbText
  0
TEXT
  5
8AE
330
17
100
AcDbEntity
  8
EB-BASE-PARCEL-NUMBERS
100
AcDbText
 10
-334034.3090000001
 20
-27976.056
 30
0.0
 40
1.25
  1
2517
 50
83.97928611111112
  7
OD-INTER
 11
-334034.3090000001
 21
-27976.056
 31
0.0
100
AcDbText
  0
TEXT
  5
8AF
330
17
100
AcDbEntity
  8
EB-BASE-PARCEL-NUMBERS
100
AcDbText
 10
-334041.913
 20
-27936.538
 30
0.0
 40
1.25
  1
4467
 50
83.97928611111112
  7
OD-INTER
 11
-334041.913
 21
-27936.538
 31
0.0
100
AcDbText
  0
TEXT
  5
8B0
330
17
100
AcDbEntity
  8
EB-BASE-PARCEL-NUMBERS
100
AcDbText
 10
-334038.2440000001
 20
-27986.445
 30
0.0
 40
1.25
  1
4868
 50
83.97928611111112
  7
OD-INTER
 11
-334038.2440000001
 21
-27986.445
 31
0.0
100
AcDbText
  0
LINE
  5
8B2
330
17
100
AcDbEntity
  8
EB-16-WIND-DEC-APR-SW-218
100
AcDbLine
 10
-333886.086664824
 20
-27898.436896469546
 30
0.0
 11
-333796.8157509018
 21
-27784.17533719657
 31
0.0
  0
LINE
  5
8B3
330
17
100
AcDbEntity
  8
EB-16-WIND-DEC-APR-SW-218
100
AcDbLine
 10
-333796.8157509018
 20
-27784.17533719657
 30
0.0
 11
-333794.3436149468
 21
-27776.56688506621
 31
0.0
  0
LINE
  5
8B4
330
17
100
AcDbEntity
  8
EB-16-WIND-DEC-APR-SW-218
100
AcDbLine
 10
-333796.8157509018
 20
-27784.17533719657
 30
0.0
 11
-333790.03136613255
 21
-27779.935983082705
 31
0.0
  0
MTEXT
  5
8B5
330
17
100
AcDbEntity
  8
EB-16-WIND-DEC-APR-SW-218
420
16052973
100
AcDbMText
 10
-333886.086664824
 20
-27898.436896469546
 30
0.0
 40
1.85
 41
21.552
 71
5
  1
DEC–APR  SW 218°
  7
OD-INTER
 45
1.28
 90
17
 63
0
421
3753270
  0
LINE
  5
8B7
330
17
100
AcDbEntity
  8
EB-16-WIND-MAY-OCT-WSW-257
100
AcDbLine
 10
-333954.24129682133
 20
-27791.455553609605
 30
0.0
 11
-333812.9576374275
 21
-27758.837650729743
 31
0.0
  0
LINE
  5
8B8
330
17
100
AcDbEntity
  8
EB-16-WIND-MAY-OCT-WSW-257
100
AcDbLine
 10
-333812.9576374275
 20
-27758.837650729743
 30
0.0
 11
-333806.24827288394
 21
-27754.480538449625
 31
0.0
  0
LINE
  5
8B9
330
17
100
AcDbEntity
  8
EB-16-WIND-MAY-OCT-WSW-257
100
AcDbLine
 10
-333812.9576374275
 20
-27758.837650729743
 30
0.0
 11
-333805.0172682144
 21
-27759.812605476985
 31
0.0
  0
MTEXT
  5
8BA
330
17
100
AcDbEntity
  8
EB-16-WIND-MAY-OCT-WSW-257
420
16052973
100
AcDbMText
 10
-333954.24129682133
 20
-27791.455553609605
 30
0.0
 40
1.85
 41
22.699
 71
5
  1
MAY–OCT  WSW 257°
  7
OD-INTER
 45
1.28
 90
17
 63
0
421
6451293
  0
LINE
  5
8BC
330
17
100
AcDbEntity
  8
EB-16-WIND-OCT-REVERSAL-NNW-337
100
AcDbLine
 10
-333843.3498989251
 20
-27573.818931128306
 30
0.0
 11
-333786.69388529414
 21
-27707.29213487891
 31
0.0
  0
LINE
  5
8BD
330
17
100
AcDbEntity
  8
EB-16-WIND-OCT-REVERSAL-NNW-337
100
AcDbLine
 10
-333786.69388529414
 20
-27707.29213487891
 30
0.0
 11
-333781.2378984136
 21
-27713.142964491864
 31
0.0
  0
LINE
  5
8BE
330
17
100
AcDbEntity
  8
EB-16-WIND-OCT-REVERSAL-NNW-337
100
AcDbLine
 10
-333786.69388529414
 20
-27707.29213487891
 30
0.0
 11
-333786.2751976442
 21
-27715.281171156945
 31
0.0
  0
MTEXT
  5
8BF
330
17
100
AcDbEntity
  8
EB-16-WIND-OCT-REVERSAL-NNW-337
420
1381653
100
AcDbMText
 10
-333843.3498989251
 20
-27573.818931128306
 30
0.0
 40
1.85
 41
28.434
 71
5
  1
OCT REVERSAL  NNW 337°
  7
OD-INTER
 45
1.28
 90
17
 63
0
421
11056034
  0
LINE
  5
8C1
330
17
100
AcDbEntity
  8
EB-16-WIND-CROSS-VENT
100
AcDbLine
 10
-333813.9320074923
 20
-27759.062601784088
 30
0.0
 11
-333724.289961532
 21
-27738.36710478445
 31
0.0
  0
LWPOLYLINE
  5
8C3
330
17
100
AcDbEntity
  8
EB-PLOT-OUTLINE
100
AcDbPolyline
 90
8
 70
1
 10
-333790.6300599152
 20
-27769.008086213606
 10
-333769.76696351136
 20
-27776.20533094679
 10
-333757.48395128123
 20
-27766.03743651573
 10
-333748.6627341399
 20
-27733.55643429578
 10
-333748.92261207005
 20
-27732.525969172744
 10
-333749.5892338019
 20
-27729.904804835223
 10
-333774.9975428005
 20
-27719.028136233046
 10
-333790.6300599152
 20
-27769.008086213606
  0
MTEXT
  5
8C4
330
17
100
AcDbEntity
  8
EB-PLOT-OUTLINE
420
16052973
100
AcDbMText
 10
-333769.11098451214
 20
-27748.71485328427
 30
0.0
 40
2.0
 41
28.0
 71
5
  1
THE PLOT  1,488.5 m²
  7
OD-INTER
 45
1.28
 90
17
 63
0
421
1381653
  0
HATCH
  5
8C5
330
17
100
AcDbEntity
  8
EB-KEY-BACKGROUND
440
33554687
100
AcDbHatch
 10
0.0
 20
0.0
 30
0.0
210
0.0
220
0.0
230
1.0
  2
SOLID
 70
1
 71
0
 91
1
 92
3
 72
0
 73
1
 93
4
 10
-334064.1115433436
 20
-28007.720176762505
 10
-333479.1115433436
 20
-28007.720176762505
 10
-333479.1115433436
 20
-28155.720176762505
 10
-334064.1115433436
 20
-28155.720176762505
 97
0
 75
0
 76
1
 98
0
  0
LWPOLYLINE
  5
8C6
330
17
100
AcDbEntity
  8
EB-KEY-TEXT
100
AcDbPolyline
 90
4
 70
1
 10
-334064.1115433436
 20
-28007.720176762505
 10
-333479.1115433436
 20
-28007.720176762505
 10
-333479.1115433436
 20
-28155.720176762505
 10
-334064.1115433436
 20
-28155.720176762505
  0
TEXT
  5
8C7
330
17
100
AcDbEntity
  8
EB-KEY-TEXT
100
AcDbText
 10
-334059.1115433436
 20
-28015.720176762505
 30
0.0
 40
5.0
  1
16  WIND AND AIR
  7
OD-INTER
 11
-334059.1115433436
 21
-28015.720176762505
 31
0.0
100
AcDbText
  0
TEXT
  5
8C8
330
17
100
AcDbEntity
  8
EB-KEY-TEXT
100
AcDbText
 10
-334059.1115433436
 20
-28022.720176762505
 30
0.0
 40
2.2
  1
EPSG:22780  ·  1 UNIT = 1 METRE  ·  MODEL SPACE  ·  PASTEORIG TO ALIGN
  7
OD-INTER
 11
-334059.1115433436
 21
-28022.720176762505
 31
0.0
100
AcDbText
  0
TEXT
  5
8C9
330
17
100
AcDbEntity
  8
EB-KEY-TEXT
100
AcDbText
 10
-334059.1115433436
 20
-28027.720176762505
 30
0.0
 40
2.4
  1
KEY — every colour below is the exact plotted layer colour
  7
OD-INTER
 11
-334059.1115433436
 21
-28027.720176762505
 31
0.0
100
AcDbText
  0
LWPOLYLINE
  5
8CA
330
17
100
AcDbEntity
  8
EB-16-WIND-DEC-APR-SW-218
100
AcDbPolyline
 90
4
 70
1
 10
-334059.1115433436
 20
-28035.720176762505
 10
-334049.1115433436
 20
-28035.720176762505
 10
-334049.1115433436
 20
-28031.720176762505
 10
-334059.1115433436
 20
-28031.720176762505
  0
HATCH
  5
8CB
330
17
100
AcDbEntity
  8
EB-16-WIND-DEC-APR-SW-218
440
33554656
100
AcDbHatch
 10
0.0
 20
0.0
 30
0.0
210
0.0
220
0.0
230
1.0
  2
SOLID
 70
1
 71
0
 91
1
 92
3
 72
0
 73
1
 93
4
 10
-334059.1115433436
 20
-28035.720176762505
 10
-334049.1115433436
 20
-28035.720176762505
 10
-334049.1115433436
 20
-28031.720176762505
 10
-334059.1115433436
 20
-28031.720176762505
 97
0
 75
0
 76
1
 98
0
  0
TEXT
  5
8CC
330
17
100
AcDbEntity
  8
EB-KEY-TEXT
100
AcDbText
 10
-334045.1115433436
 20
-28035.220176762505
 30
0.0
 40
2.25
  1
Dec–Apr · SW ~218°
  7
OD-INTER
 11
-334045.1115433436
 21
-28035.220176762505
 31
0.0
100
AcDbText
  0
LWPOLYLINE
  5
8CD
330
17
100
AcDbEntity
  8
EB-16-WIND-MAY-OCT-WSW-257
100
AcDbPolyline
 90
4
 70
1
 10
-334059.1115433436
 20
-28042.720176762505
 10
-334049.1115433436
 20
-28042.720176762505
 10
-334049.1115433436
 20
-28038.720176762505
 10
-334059.1115433436
 20
-28038.720176762505
  0
HATCH
  5
8CE
330
17
100
AcDbEntity
  8
EB-16-WIND-MAY-OCT-WSW-257
440
33554656
100
AcDbHatch
 10
0.0
 20
0.0
 30
0.0
210
0.0
220
0.0
230
1.0
  2
SOLID
 70
1
 71
0
 91
1
 92
3
 72
0
 73
1
 93
4
 10
-334059.1115433436
 20
-28042.720176762505
 10
-334049.1115433436
 20
-28042.720176762505
 10
-334049.1115433436
 20
-28038.720176762505
 10
-334059.1115433436
 20
-28038.720176762505
 97
0
 75
0
 76
1
 98
0
  0
TEXT
  5
8CF
330
17
100
AcDbEntity
  8
EB-KEY-TEXT
100
AcDbText
 10
-334045.1115433436
 20
-28042.220176762505
 30
0.0
 40
2.25
  1
May–Oct · WSW ~257°
  7
OD-INTER
 11
-334045.1115433436
 21
-28042.220176762505
 31
0.0
100
AcDbText
  0
LWPOLYLINE
  5
8D0
330
17
100
AcDbEntity
  8
EB-16-WIND-OCT-REVERSAL-NNW-337
100
AcDbPolyline
 90
4
 70
1
 10
-334059.1115433436
 20
-28049.720176762505
 10
-334049.1115433436
 20
-28049.720176762505
 10
-334049.1115433436
 20
-28045.720176762505
 10
-334059.1115433436
 20
-28045.720176762505
  0
HATCH
  5
8D1
330
17
100
AcDbEntity
  8
EB-16-WIND-OCT-REVERSAL-NNW-337
440
33554656
100
AcDbHatch
 10
0.0
 20
0.0
 30
0.0
210
0.0
220
0.0
230
1.0
  2
SOLID
 70
1
 71
0
 91
1
 92
3
 72
0
 73
1
 93
4
 10
-334059.1115433436
 20
-28049.720176762505
 10
-334049.1115433436
 20
-28049.720176762505
 10
-334049.1115433436
 20
-28045.720176762505
 10
-334059.1115433436
 20
-28045.720176762505
 97
0
 75
0
 76
1
 98
0
  0
TEXT
  5
8D2
330
17
100
AcDbEntity
  8
EB-KEY-TEXT
100
AcDbText
 10
-334045.1115433436
 20
-28049.220176762505
 30
0.0
 40
2.25
  1
October reversal · NNW ~337°
  7
OD-INTER
 11
-334045.1115433436
 21
-28049.220176762505
 31
0.0
100
AcDbText
  0
LWPOLYLINE
  5
8D3
330
17
100
AcDbEntity
  8
EB-16-WIND-CROSS-VENT
100
AcDbPolyline
 90
4
 70
1
 10
-334059.1115433436
 20
-28056.720176762505
 10
-334049.1115433436
 20
-28056.720176762505
 10
-334049.1115433436
 20
-28052.720176762505
 10
-334059.1115433436
 20
-28052.720176762505
  0
HATCH
  5
8D4
330
17
100
AcDbEntity
  8
EB-16-WIND-CROSS-VENT
440
33554656
100
AcDbHatch
 10
0.0
 20
0.0
 30
0.0
210
0.0
220
0.0
230
1.0
  2
SOLID
 70
1
 71
0
 91
1
 92
3
 72
0
 73
1
 93
4
 10
-334059.1115433436
 20
-28056.720176762505
 10
-334049.1115433436
 20
-28056.720176762505
 10
-334049.1115433436
 20
-28052.720176762505
 10
-334059.1115433436
 20
-28052.720176762505
 97
0
 75
0
 76
1
 98
0
  0
TEXT
  5
8D5
330
17
100
AcDbEntity
  8
EB-KEY-TEXT
100
AcDbText
 10
-334045.1115433436
 20
-28056.220176762505
 30
0.0
 40
2.25
  1
Cross-ventilation across short dimension
  7
OD-INTER
 11
-334045.1115433436
 21
-28056.220176762505
 31
0.0
100
AcDbText
  0
LWPOLYLINE
  5
8D6
330
17
100
AcDbEntity
  8
EB-BASE-PARCELS
100
AcDbPolyline
 90
4
 70
1
 10
-334059.1115433436
 20
-28063.720176762505
 10
-334049.1115433436
 20
-28063.720176762505
 10
-334049.1115433436
 20
-28059.720176762505
 10
-334059.1115433436
 20
-28059.720176762505
  0
HATCH
  5
8D7
330
17
100
AcDbEntity
  8
EB-BASE-PARCELS
440
33554656
100
AcDbHatch
 10
0.0
 20
0.0
 30
0.0
210
0.0
220
0.0
230
1.0
  2
SOLID
 70
1
 71
0
 91
1
 92
3
 72
0
 73
1
 93
4
 10
-334059.1115433436
 20
-28063.720176762505
 10
-334049.1115433436
 20
-28063.720176762505
 10
-334049.1115433436
 20
-28059.720176762505
 10
-334059.1115433436
 20
-28059.720176762505
 97
0
 75
0
 76
1
 98
0
  0
TEXT
  5
8D8
330
17
100
AcDbEntity
  8
EB-KEY-TEXT
100
AcDbText
 10
-334045.1115433436
 20
-28063.220176762505
 30
0.0
 40
2.25
  1
BASE · cadastral parcel lines and numbers
  7
OD-INTER
 11
-334045.1115433436
 21
-28063.220176762505
 31
0.0
100
AcDbText
  0
LWPOLYLINE
  5
8D9
330
17
100
AcDbEntity
  8
EB-BASE-STRUCTURES
100
AcDbPolyline
 90
4
 70
1
 10
-334059.1115433436
 20
-28070.720176762505
 10
-334049.1115433436
 20
-28070.720176762505
 10
-334049.1115433436
 20
-28066.720176762505
 10
-334059.1115433436
 20
-28066.720176762505
  0
HATCH
  5
8DA
330
17
100
AcDbEntity
  8
EB-BASE-STRUCTURES
440
33554656
100
AcDbHatch
 10
0.0
 20
0.0
 30
0.0
210
0.0
220
0.0
230
1.0
  2
SOLID
 70
1
 71
0
 91
1
 92
3
 72
0
 73
1
 93
4
 10
-334059.1115433436
 20
-28070.720176762505
 10
-334049.1115433436
 20
-28070.720176762505
 10
-334049.1115433436
 20
-28066.720176762505
 10
-334059.1115433436
 20
-28066.720176762505
 97
0
 75
0
 76
1
 98
0
  0
TEXT
  5
8DB
330
17
100
AcDbEntity
  8
EB-KEY-TEXT
100
AcDbText
 10
-334045.1115433436
 20
-28070.220176762505
 30
0.0
 40
2.25
  1
BASE · surveyed structure lines
  7
OD-INTER
 11
-334045.1115433436
 21
-28070.220176762505
 31
0.0
100
AcDbText
  0
LWPOLYLINE
  5
8DC
330
17
100
AcDbEntity
  8
EB-BASE-EASEMENTS
100
AcDbPolyline
 90
4
 70
1
 10
-334059.1115433436
 20
-28077.720176762505
 10
-334049.1115433436
 20
-28077.720176762505
 10
-334049.1115433436
 20
-28073.720176762505
 10
-334059.1115433436
 20
-28073.720176762505
  0
HATCH
  5
8DD
330
17
100
AcDbEntity
  8
EB-BASE-EASEMENTS
440
33554656
100
AcDbHatch
 10
0.0
 20
0.0
 30
0.0
210
0.0
220
0.0
230
1.0
  2
SOLID
 70
1
 71
0
 91
1
 92
3
 72
0
 73
1
 93
4
 10
-334059.1115433436
 20
-28077.720176762505
 10
-334049.1115433436
 20
-28077.720176762505
 10
-334049.1115433436
 20
-28073.720176762505
 10
-334059.1115433436
 20
-28073.720176762505
 97
0
 75
0
 76
1
 98
0
  0
TEXT
  5
8DE
330
17
100
AcDbEntity
  8
EB-KEY-TEXT
100
AcDbText
 10
-334045.1115433436
 20
-28077.220176762505
 30
0.0
 40
2.25
  1
BASE · easements
  7
OD-INTER
 11
-334045.1115433436
 21
-28077.220176762505
 31
0.0
100
AcDbText
  0
LWPOLYLINE
  5
8DF
330
17
100
AcDbEntity
  8
EB-BASE-ENCROACHED
100
AcDbPolyline
 90
4
 70
1
 10
-334059.1115433436
 20
-28084.720176762505
 10
-334049.1115433436
 20
-28084.720176762505
 10
-334049.1115433436
 20
-28080.720176762505
 10
-334059.1115433436
 20
-28080.720176762505
  0
HATCH
  5
8E0
330
17
100
AcDbEntity
  8
EB-BASE-ENCROACHED
440
33554656
100
AcDbHatch
 10
0.0
 20
0.0
 30
0.0
210
0.0
220
0.0
230
1.0
  2
SOLID
 70
1
 71
0
 91
1
 92
3
 72
0
 73
1
 93
4
 10
-334059.1115433436
 20
-28084.720176762505
 10
-334049.1115433436
 20
-28084.720176762505
 10
-334049.1115433436
 20
-28080.720176762505
 10
-334059.1115433436
 20
-28080.720176762505
 97
0
 75
0
 76
1
 98
0
  0
TEXT
  5
8E1
330
17
100
AcDbEntity
  8
EB-KEY-TEXT
100
AcDbText
 10
-334045.1115433436
 20
-28084.220176762505
 30
0.0
 40
2.25
  1
BASE · encroached walls
  7
OD-INTER
 11
-334045.1115433436
 21
-28084.220176762505
 31
0.0
100
AcDbText
  0
LWPOLYLINE
  5
8E2
330
17
100
AcDbEntity
  8
EB-BASE-DIVIDING
100
AcDbPolyline
 90
4
 70
1
 10
-334059.1115433436
 20
-28091.720176762505
 10
-334049.1115433436
 20
-28091.720176762505
 10
-334049.1115433436
 20
-28087.720176762505
 10
-334059.1115433436
 20
-28087.720176762505
  0
HATCH
  5
8E3
330
17
100
AcDbEntity
  8
EB-BASE-DIVIDING
440
33554656
100
AcDbHatch
 10
0.0
 20
0.0
 30
0.0
210
0.0
220
0.0
230
1.0
  2
SOLID
 70
1
 71
0
 91
1
 92
3
 72
0
 73
1
 93
4
 10
-334059.1115433436
 20
-28091.720176762505
 10
-334049.1115433436
 20
-28091.720176762505
 10
-334049.1115433436
 20
-28087.720176762505
 10
-334059.1115433436
 20
-28087.720176762505
 97
0
 75
0
 76
1
 98
0
  0
TEXT
  5
8E4
330
17
100
AcDbEntity
  8
EB-KEY-TEXT
100
AcDbText
 10
-334045.1115433436
 20
-28091.220176762505
 30
0.0
 40
2.25
  1
BASE · dividing, section and sheet lines
  7
OD-INTER
 11
-334045.1115433436
 21
-28091.220176762505
 31
0.0
100
AcDbText
  0
LWPOLYLINE
  5
8E5
330
17
100
AcDbEntity
  8
EB-PLOT-OUTLINE
100
AcDbPolyline
 90
4
 70
1
 10
-334059.1115433436
 20
-28098.720176762505
 10
-334049.1115433436
 20
-28098.720176762505
 10
-334049.1115433436
 20
-28094.720176762505
 10
-334059.1115433436
 20
-28094.720176762505
  0
HATCH
  5
8E6
330
17
100
AcDbEntity
  8
EB-PLOT-OUTLINE
440
33554656
100
AcDbHatch
 10
0.0
 20
0.0
 30
0.0
210
0.0
220
0.0
230
1.0
  2
SOLID
 70
1
 71
0
 91
1
 92
3
 72
0
 73
1
 93
4
 10
-334059.1115433436
 20
-28098.720176762505
 10
-334049.1115433436
 20
-28098.720176762505
 10
-334049.1115433436
 20
-28094.720176762505
 10
-334059.1115433436
 20
-28094.720176762505
 97
0
 75
0
 76
1
 98
0
  0
TEXT
  5
8E7
330
17
100
AcDbEntity
  8
EB-KEY-TEXT
100
AcDbText
 10
-334045.1115433436
 20
-28098.220176762505
 30
0.0
 40
2.25
  1
THE PLOT · 1,488.5 m²
  7
OD-INTER
 11
-334045.1115433436
 21
-28098.220176762505
 31
0.0
100
AcDbText
  0
TEXT
  5
8E8
330
17
100
AcDbEntity
  8
EB-KEY-TEXT
100
AcDbText
 10
-333759.1115433436
 20
-28027.720176762505
 30
0.0
 40
2.4
  1
MEASURED / RECORDED
  7
OD-INTER
 11
-333759.1115433436
 21
-28027.720176762505
 31
0.0
100
AcDbText
  0
MTEXT
  5
8E9
330
17
100
AcDbEntity
  8
EB-KEY-TEXT
100
AcDbMText
 10
-333759.1115433436
 20
-28032.720176762505
 30
0.0
 40
2.0
 41
265.0
 71
1
  1
• Beirut station normals, not a measurement on this plot
  7
OD-INTER
  0
MTEXT
  5
8EA
330
17
100
AcDbEntity
  8
EB-KEY-TEXT
100
AcDbMText
 10
-333759.1115433436
 20
-28039.720176762505
 30
0.0
 40
2.0
 41
265.0
 71
1
  1
• Summer intake sector overlaps corridor by 55%
  7
OD-INTER
  0
MTEXT
  5
8EB
330
17
100
AcDbEntity
  8
EB-KEY-TEXT
100
AcDbMText
 10
-333759.1115433436
 20
-28047.720176762505
 30
0.0
 40
1.75
 41
265.0
 71
1
  1
Directions are sourced regional normals. The geometry they are drawn against is surveyed.
  7
OD-INTER
  0
LWPOLYLINE
  5
8ED
330
17
100
AcDbEntity
  8
EB-KEY-SCALE
100
AcDbPolyline
 90
4
 70
1
 10
-333759.1115433436
 20
-28142.720176762505
 10
-333739.1115433436
 20
-28142.720176762505
 10
-333739.1115433436
 20
-28138.720176762505
 10
-333759.1115433436
 20
-28138.720176762505
  0
HATCH
  5
8EE
330
17
100
AcDbEntity
  8
EB-KEY-SCALE
440
33554687
100
AcDbHatch
 10
0.0
 20
0.0
 30
0.0
210
0.0
220
0.0
230
1.0
  2
SOLID
 70
1
 71
0
 91
1
 92
3
 72
0
 73
1
 93
4
 10
-333759.1115433436
 20
-28142.720176762505
 10
-333739.1115433436
 20
-28142.720176762505
 10
-333739.1115433436
 20
-28138.720176762505
 10
-333759.1115433436
 20
-28138.720176762505
 97
0
 75
0
 76
1
 98
0
  0
TEXT
  5
8EF
330
17
100
AcDbEntity
  8
EB-KEY-TEXT
100
AcDbText
 10
-333759.1115433436
 20
-28147.720176762505
 30
0.0
 40
1.8
  1
0
  7
OD-INTER
 11
-333759.1115433436
 21
-28147.720176762505
 31
0.0
100
AcDbText
  0
LWPOLYLINE
  5
8F0
330
17
100
AcDbEntity
  8
EB-KEY-SCALE
100
AcDbPolyline
 90
4
 70
1
 10
-333739.1115433436
 20
-28142.720176762505
 10
-333719.1115433436
 20
-28142.720176762505
 10
-333719.1115433436
 20
-28138.720176762505
 10
-333739.1115433436
 20
-28138.720176762505
  0
TEXT
  5
8F1
330
17
100
AcDbEntity
  8
EB-KEY-TEXT
100
AcDbText
 10
-333739.1115433436
 20
-28147.720176762505
 30
0.0
 40
1.8
  1
20
  7
OD-INTER
 11
-333739.1115433436
 21
-28147.720176762505
 31
0.0
100
AcDbText
  0
LWPOLYLINE
  5
8F2
330
17
100
AcDbEntity
  8
EB-KEY-SCALE
100
AcDbPolyline
 90
4
 70
1
 10
-333719.1115433436
 20
-28142.720176762505
 10
-333699.1115433436
 20
-28142.720176762505
 10
-333699.1115433436
 20
-28138.720176762505
 10
-333719.1115433436
 20
-28138.720176762505
  0
HATCH
  5
8F3
330
17
100
AcDbEntity
  8
EB-KEY-SCALE
440
33554687
100
AcDbHatch
 10
0.0
 20
0.0
 30
0.0
210
0.0
220
0.0
230
1.0
  2
SOLID
 70
1
 71
0
 91
1
 92
3
 72
0
 73
1
 93
4
 10
-333719.1115433436
 20
-28142.720176762505
 10
-333699.1115433436
 20
-28142.720176762505
 10
-333699.1115433436
 20
-28138.720176762505
 10
-333719.1115433436
 20
-28138.720176762505
 97
0
 75
0
 76
1
 98
0
  0
TEXT
  5
8F4
330
17
100
AcDbEntity
  8
EB-KEY-TEXT
100
AcDbText
 10
-333719.1115433436
 20
-28147.720176762505
 30
0.0
 40
1.8
  1
40
  7
OD-INTER
 11
-333719.1115433436
 21
-28147.720176762505
 31
0.0
100
AcDbText
  0
LWPOLYLINE
  5
8F5
330
17
100
AcDbEntity
  8
EB-KEY-SCALE
100
AcDbPolyline
 90
4
 70
1
 10
-333699.1115433436
 20
-28142.720176762505
 10
-333679.1115433436
 20
-28142.720176762505
 10
-333679.1115433436
 20
-28138.720176762505
 10
-333699.1115433436
 20
-28138.720176762505
  0
TEXT
  5
8F6
330
17
100
AcDbEntity
  8
EB-KEY-TEXT
100
AcDbText
 10
-333699.1115433436
 20
-28147.720176762505
 30
0.0
 40
1.8
  1
60
  7
OD-INTER
 11
-333699.1115433436
 21
-28147.720176762505
 31
0.0
100
AcDbText
  0
LWPOLYLINE
  5
8F7
330
17
100
AcDbEntity
  8
EB-KEY-SCALE
100
AcDbPolyline
 90
4
 70
1
 10
-333679.1115433436
 20
-28142.720176762505
 10
-333659.1115433436
 20
-28142.720176762505
 10
-333659.1115433436
 20
-28138.720176762505
 10
-333679.1115433436
 20
-28138.720176762505
  0
HATCH
  5
8F8
330
17
100
AcDbEntity
  8
EB-KEY-SCALE
440
33554687
100
AcDbHatch
 10
0.0
 20
0.0
 30
0.0
210
0.0
220
0.0
230
1.0
  2
SOLID
 70
1
 71
0
 91
1
 92
3
 72
0
 73
1
 93
4
 10
-333679.1115433436
 20
-28142.720176762505
 10
-333659.1115433436
 20
-28142.720176762505
 10
-333659.1115433436
 20
-28138.720176762505
 10
-333679.1115433436
 20
-28138.720176762505
 97
0
 75
0
 76
1
 98
0
  0
TEXT
  5
8F9
330
17
100
AcDbEntity
  8
EB-KEY-TEXT
100
AcDbText
 10
-333679.1115433436
 20
-28147.720176762505
 30
0.0
 40
1.8
  1
80
  7
OD-INTER
 11
-333679.1115433436
 21
-28147.720176762505
 31
0.0
100
AcDbText
  0
TEXT
  5
8FA
330
17
100
AcDbEntity
  8
EB-KEY-TEXT
100
AcDbText
 10
-333663.1115433436
 20
-28147.720176762505
 30
0.0
 40
1.8
  1
100 m
  7
OD-INTER
 11
-333663.1115433436
 21
-28147.720176762505
 31
0.0
100
AcDbText
  0
LINE
  5
8FB
330
17
100
AcDbEntity
  8
EB-KEY-SCALE
100
AcDbLine
 10
-333604.1115433436
 20
-28142.720176762505
 30
0.0
 11
-333604.1115433436
 21
-28124.720176762505
 31
0.0
  0
LINE
  5
8FC
330
17
100
AcDbEntity
  8
EB-KEY-SCALE
100
AcDbLine
 10
-333604.1115433436
 20
-28124.720176762505
 30
0.0
 11
-333608.1115433436
 21
-28132.720176762505
 31
0.0
  0
LINE
  5
8FD
330
17
100
AcDbEntity
  8
EB-KEY-SCALE
100
AcDbLine
 10
-333604.1115433436
 20
-28124.720176762505
 30
0.0
 11
-333600.1115433436
 21
-28132.720176762505
 31
0.0
  0
TEXT
  5
8FE
330
17
100
AcDbEntity
  8
EB-KEY-TEXT
100
AcDbText
 10
-333605.6115433436
 20
-28121.720176762505
 30
0.0
 40
3.0
  1
N
  7
OD-INTER
 11
-333605.6115433436
 21
-28121.720176762505
 31
0.0
100
AcDbText
  0
ENDSEC
  0
SECTION
  2
OBJECTS
  0
DICTIONARY
  5
A
330
0
100
AcDbDictionary
281
1
  3
ACAD_COLOR
350
B
  3
ACAD_GROUP
350
C
  3
ACAD_LAYOUT
350
D
  3
ACAD_MATERIAL
350
E
  3
ACAD_MLEADERSTYLE
350
F
  3
ACAD_MLINESTYLE
350
10
  3
ACAD_PLOTSETTINGS
350
11
  3
ACAD_PLOTSTYLENAME
350
12
  3
ACAD_SCALELIST
350
14
  3
ACAD_TABLESTYLE
350
15
  3
ACAD_VISUALSTYLE
350
16
  3
EZDXF_META
350
2D
  0
DICTIONARY
  5
B
330
A
100
AcDbDictionary
281
1
  0
DICTIONARY
  5
C
330
A
100
AcDbDictionary
281
1
  0
DICTIONARY
  5
D
330
A
100
AcDbDictionary
281
1
  3
Model
350
1A
  3
Layout1
350
1E
  0
DICTIONARY
  5
E
330
A
100
AcDbDictionary
281
1
  3
ByBlock
350
1F
  3
ByLayer
350
20
  3
Global
350
21
  0
DICTIONARY
  5
F
330
A
100
AcDbDictionary
281
1
  3
Standard
350
2C
  0
DICTIONARY
  5
10
330
A
100
AcDbDictionary
281
1
  3
Standard
350
22
  0
DICTIONARY
  5
11
330
A
100
AcDbDictionary
281
1
  0
ACDBDICTIONARYWDFLT
  5
12
330
A
100
AcDbDictionary
281
1
  3
Normal
350
13
100
AcDbDictionaryWithDefault
340
13
  0
ACDBPLACEHOLDER
  5
13
330
12
  0
DICTIONARY
  5
14
330
A
100
AcDbDictionary
281
1
  0
DICTIONARY
  5
15
330
A
100
AcDbDictionary
281
1
  0
DICTIONARY
  5
16
330
A
100
AcDbDictionary
281
1
  3
2dWireframe
350
5A
  3
Basic
350
5B
  3
Brighten
350
5C
  3
ColorChange
350
5D
  3
Conceptual
350
5E
  3
Dim
350
5F
  3
EdgeColorOff
350
60
  3
Facepattern
350
61
  3
Flat
350
62
  3
FlatWithEdges
350
63
  3
Gouraud
350
64
  3
GouraudWithEdges
350
65
  3
Hidden
350
66
  3
JitterOff
350
67
  3
Linepattern
350
68
  3
Modeling
350
69
  3
OverhangOff
350
6A
  3
Realistic
350
6B
  3
Shaded
350
6C
  3
Shaded with edges
350
6D
  3
Shades of Gray
350
6E
  3
Sketchy
350
6F
  3
Thicken
350
70
  3
Wireframe
350
71
  3
X-Ray
350
72
  0
LAYOUT
  5
1A
330
D
100
AcDbPlotSettings
  1

  4
A3
  6

 40
7.5
 41
20.0
 42
7.5
 43
20.0
 44
420.0
 45
297.0
 46
0.0
 47
0.0
 48
0.0
 49
0.0
140
0.0
141
0.0
142
1.0
143
1.0
 70
1024
 72
1
 73
0
 74
5
  7

 75
16
 76
0
 77
2
 78
300
147
1.0
148
0.0
149
0.0
100
AcDbLayout
  1
Model
 70
1
 71
0
 10
0.0
 20
0.0
 11
420.0
 21
297.0
 12
0.0
 22
0.0
 32
0.0
 14
1e+20
 24
1e+20
 34
1e+20
 15
-1e+20
 25
-1e+20
 35
-1e+20
146
0.0
 13
0.0
 23
0.0
 33
0.0
 16
1.0
 26
0.0
 36
0.0
 17
0.0
 27
1.0
 37
0.0
 76
1
330
17
  0
LAYOUT
  5
1E
330
D
100
AcDbPlotSettings
  1

  4
A3
  6

 40
7.5
 41
20.0
 42
7.5
 43
20.0
 44
420.0
 45
297.0
 46
0.0
 47
0.0
 48
0.0
 49
0.0
140
0.0
141
0.0
142
1.0
143
1.0
 70
0
 72
1
 73
0
 74
5
  7

 75
16
 76
0
 77
2
 78
300
147
1.0
148
0.0
149
0.0
100
AcDbLayout
  1
Layout1
 70
1
 71
1
 10
0.0
 20
0.0
 11
420.0
 21
297.0
 12
0.0
 22
0.0
 32
0.0
 14
1e+20
 24
1e+20
 34
1e+20
 15
-1e+20
 25
-1e+20
 35
-1e+20
146
0.0
 13
0.0
 23
0.0
 33
0.0
 16
1.0
 26
0.0
 36
0.0
 17
0.0
 27
1.0
 37
0.0
 76
1
330
1B
  0
MATERIAL
  5
1F
102
{ACAD_REACTORS
330
E
102
}
330
E
100
AcDbMaterial
  1
ByBlock
  2

 70
0
 40
1.0
 71
1
 41
1.0
 91
-1023410177
 42
1.0
 72
1
  3

 73
1
 74
1
 75
1
 44
0.5
 73
0
 45
1.0
 46
1.0
 77
1
  4

 78
1
 79
1
170
1
 48
1.0
171
1
  6

172
1
173
1
174
1
140
1.0
141
1.0
175
1
  7

176
1
177
1
178
1
143
1.0
179
1
  8

270
1
271
1
272
1
145
1.0
146
1.0
273
1
  9

274
1
275
1
276
1
 42
1.0
 72
1
  3

 73
1
 74
1
 75
1
 94
63
  0
MATERIAL
  5
20
102
{ACAD_REACTORS
330
E
102
}
330
E
100
AcDbMaterial
  1
ByLayer
  2

 70
0
 40
1.0
 71
1
 41
1.0
 91
-1023410177
 42
1.0
 72
1
  3

 73
1
 74
1
 75
1
 44
0.5
 73
0
 45
1.0
 46
1.0
 77
1
  4

 78
1
 79
1
170
1
 48
1.0
171
1
  6

172
1
173
1
174
1
140
1.0
141
1.0
175
1
  7

176
1
177
1
178
1
143
1.0
179
1
  8

270
1
271
1
272
1
145
1.0
146
1.0
273
1
  9

274
1
275
1
276
1
 42
1.0
 72
1
  3

 73
1
 74
1
 75
1
 94
63
  0
MATERIAL
  5
21
102
{ACAD_REACTORS
330
E
102
}
330
E
100
AcDbMaterial
  1
Global
  2

 70
0
 40
1.0
 71
1
 41
1.0
 91
-1023410177
 42
1.0
 72
1
  3

 73
1
 74
1
 75
1
 44
0.5
 73
0
 45
1.0
 46
1.0
 77
1
  4

 78
1
 79
1
170
1
 48
1.0
171
1
  6

172
1
173
1
174
1
140
1.0
141
1.0
175
1
  7

176
1
177
1
178
1
143
1.0
179
1
  8

270
1
271
1
272
1
145
1.0
146
1.0
273
1
  9

274
1
275
1
276
1
 42
1.0
 72
1
  3

 73
1
 74
1
 75
1
 94
63
  0
MLINESTYLE
  5
22
102
{ACAD_REACTORS
330
10
102
}
330
10
100
AcDbMlineStyle
  2
Standard
 70
0
  3

 62
256
 51
90.0
 52
90.0
 71
2
 49
0.5
 62
256
  6
BYLAYER
 49
-0.5
 62
256
  6
BYLAYER
  0
MLEADERSTYLE
  5
2C
102
{ACAD_REACTORS
330
F
102
}
330
F
100
AcDbMLeaderStyle
179
2
170
2
171
1
172
0
 90
2
 40
0.0
 41
0.0
173
1
 91
-1056964608
 92
-2
290
1
 42
2.0
291
1
 43
8.0
  3
Standard
 44
4.0
300

342
29
174
1
175
1
176
0
178
1
 93
-1056964608
 45
4.0
292
0
297
0
 46
4.0
 94
-1056964608
 47
1.0
 49
1.0
140
1.0
294
1
141
0.0
177
0
142
1.0
295
0
296
0
143
3.75
271
0
272
9
273
9
  0
DICTIONARY
  5
2D
330
A
100
AcDbDictionary
280
1
281
1
  3
CREATED_BY_EZDXF
350
2E
  3
WRITTEN_BY_EZDXF
350
901
  0
DICTIONARYVAR
  5
2E
330
2D
100
DictionaryVariables
280
0
  1
1.4.4 @ 2026-09-11T09:22:13.446731+00:00
  0
VISUALSTYLE
  5
5A
102
{ACAD_REACTORS
330
16
102
}
330
16
100
AcDbVisualStyle
  2
2dWireframe
 70
4
177
3
291
0
 70
58
 90
2
176
1
 90
2
176
1
 90
0
176
1
 90
0
176
1
 40
0.6
176
1
 40
30.0
176
1
 62
7
420
16777215
176
1
 90
1
176
1
 90
4
176
1
 62
7
176
1
 62
257
176
1
 90
1
176
1
 90
1
176
1
 40
1.0
176
1
 90
8
176
1
 62
7
176
1
 40
1.0
176
1
 90
1
176
1
 90
6
176
1
 90
2
176
1
 62
7
176
1
 90
5
176
1
 90
0
176
1
 90
0
176
1
290
0
176
1
 90
1
176
1
 40
0.0
176
1
 90
0
176
1
290
1
176
1
290
1
176
1
290
0
176
1
290
0
176
1
290
0
176
1
290
0
176
1
290
0
176
1
290
0
176
1
290
0
176
1
 90
50
176
1
 40
0.0
176
1
 40
1.0
176
1
 90
0
176
1
 62
18
420
0
176
1
 90
50
176
1
 90
3
176
1
 62
5
420
255
176
1
290
0
176
1
 90
50
176
1
 90
50
176
1
 90
50
176
1
290
0
176
1
 90
50
176
1
 62
256
176
0
 40
1.0
176
0
 90
2
176
1
  1
strokes_ogs.tif
176
1
290
0
176
1
 40
1.0
176
1
 40
1.0
176
1
  0
VISUALSTYLE
  5
5B
102
{ACAD_REACTORS
330
16
102
}
330
16
100
AcDbVisualStyle
  2
Basic
 70
7
177
3
291
1
 70
58
 90
2
176
1
 90
2
176
1
 90
0
176
1
 90
1
176
1
 40
0.6
176
1
 40
30.0
176
1
 62
7
420
16777215
176
1
 90
1
176
1
 90
4
176
1
 62
7
176
1
 62
257
176
1
 90
1
176
1
 90
1
176
1
 40
1.0
176
1
 90
8
176
1
 62
7
176
1
 40
1.0
176
1
 90
1
176
1
 90
6
176
1
 90
2
176
1
 62
7
176
1
 90
5
176
1
 90
0
176
1
 90
0
176
1
290
0
176
1
 90
1
176
1
 40
0.0
176
1
 90
0
176
1
290
0
176
1
290
1
176
1
290
1
176
1
290
0
176
1
290
0
176
1
290
0
176
1
290
0
176
1
290
0
176
1
290
0
176
1
 90
50
176
1
 40
0.0
176
1
 40
1.0
176
1
 90
0
176
1
 62
18
420
0
176
1
 90
50
176
1
 90
3
176
1
 62
5
420
255
176
1
290
0
176
1
 90
50
176
1
 90
50
176
1
 90
50
176
1
290
0
176
1
 90
50
176
1
 62
256
176
0
 40
1.0
176
0
 90
2
176
1
  1
strokes_ogs.tif
176
1
290
0
176
1
 40
1.0
176
1
 40
1.0
176
1
  0
VISUALSTYLE
  5
5C
102
{ACAD_REACTORS
330
16
102
}
330
16
100
AcDbVisualStyle
  2
Brighten
 70
12
177
3
291
1
 70
58
 90
2
176
1
 90
2
176
1
 90
0
176
1
 90
2
176
1
 40
0.6
176
1
 40
30.0
176
1
 62
7
420
16777215
176
1
 90
1
176
1
 90
4
176
1
 62
7
176
1
 62
257
176
1
 90
1
176
1
 90
1
176
1
 40
1.0
176
1
 90
8
176
1
 62
7
176
1
 40
1.0
176
1
 90
1
176
1
 90
6
176
1
 90
2
176
1
 62
7
176
1
 90
5
176
1
 90
0
176
1
 90
0
176
1
290
0
176
1
 90
1
176
1
 40
0.0
176
1
 90
0
176
1
290
0
176
1
290
1
176
1
290
1
176
1
290
0
176
1
290
0
176
1
290
0
176
1
290
0
176
1
290
0
176
1
290
0
176
1
 90
50
176
1
 40
0.0
176
1
 40
1.0
176
1
 90
0
176
1
 62
18
420
0
176
1
 90
50
176
1
 90
3
176
1
 62
5
420
255
176
1
290
0
176
1
 90
50
176
1
 90
50
176
1
 90
50
176
1
290
0
176
1
 90
50
176
1
 62
256
176
0
 40
1.0
176
0
 90
2
176
1
  1
strokes_ogs.tif
176
1
290
0
176
1
 40
1.0
176
1
 40
1.0
176
1
  0
VISUALSTYLE
  5
5D
102
{ACAD_REACTORS
330
16
102
}
330
16
100
AcDbVisualStyle
  2
ColorChange
 70
16
177
3
291
1
 70
58
 90
2
176
1
 90
2
176
1
 90
0
176
1
 90
2
176
1
 40
0.6
176
1
 40
30.0
176
1
 62
7
420
16777215
176
1
 90
1
176
1
 90
4
176
1
 62
7
176
1
 62
257
176
1
 90
1
176
1
 90
1
176
1
 40
1.0
176
1
 90
8
176
1
 62
7
176
1
 40
1.0
176
1
 90
1
176
1
 90
6
176
1
 90
2
176
1
 62
7
176
1
 90
5
176
1
 90
0
176
1
 90
0
176
1
290
0
176
1
 90
1
176
1
 40
0.0
176
1
 90
0
176
1
290
0
176
1
290
1
176
1
290
1
176
1
290
0
176
1
290
0
176
1
290
0
176
1
290
0
176
1
290
0
176
1
290
0
176
1
 90
50
176
1
 40
0.0
176
1
 40
1.0
176
1
 90
0
176
1
 62
18
420
0
176
1
 90
50
176
1
 90
3
176
1
 62
5
420
255
176
1
290
0
176
1
 90
50
176
1
 90
50
176
1
 90
50
176
1
290
0
176
1
 90
50
176
1
 62
256
176
0
 40
1.0
176
0
 90
2
176
1
  1
strokes_ogs.tif
176
1
290
0
176
1
 40
1.0
176
1
 40
1.0
176
1
  0
VISUALSTYLE
  5
5E
102
{ACAD_REACTORS
330
16
102
}
330
16
100
AcDbVisualStyle
  2
Conceptual
 70
9
177
3
291
0
 70
58
 90
2
176
1
 90
2
176
1
 90
0
176
1
 90
3
176
1
 40
0.6
176
1
 40
30.0
176
1
 62
7
420
16777215
176
1
 90
1
176
1
 90
4
176
1
 62
7
176
1
 62
257
176
1
 90
1
176
1
 90
1
176
1
 40
1.0
176
1
 90
8
176
1
 62
7
176
1
 40
1.0
176
1
 90
1
176
1
 90
6
176
1
 90
2
176
1
 62
7
176
1
 90
5
176
1
 90
0
176
1
 90
0
176
1
290
0
176
1
 90
1
176
1
 40
0.0
176
1
 90
0
176
1
290
0
176
1
290
1
176
1
290
1
176
1
290
0
176
1
290
0
176
1
290
0
176
1
290
0
176
1
290
0
176
1
290
0
176
1
 90
50
176
1
 40
0.0
176
1
 40
1.0
176
1
 90
0
176
1
 62
18
420
0
176
1
 90
50
176
1
 90
3
176
1
 62
5
420
255
176
1
290
0
176
1
 90
50
176
1
 90
50
176
1
 90
50
176
1
290
0
176
1
 90
50
176
1
 62
256
176
0
 40
1.0
176
0
 90
2
176
1
  1
strokes_ogs.tif
176
1
290
0
176
1
 40
1.0
176
1
 40
1.0
176
1
  0
VISUALSTYLE
  5
5F
102
{ACAD_REACTORS
330
16
102
}
330
16
100
AcDbVisualStyle
  2
Dim
 70
11
177
3
291
1
 70
58
 90
2
176
1
 90
2
176
1
 90
0
176
1
 90
2
176
1
 40
0.6
176
1
 40
30.0
176
1
 62
7
420
16777215
176
1
 90
1
176
1
 90
4
176
1
 62
7
176
1
 62
257
176
1
 90
1
176
1
 90
1
176
1
 40
1.0
176
1
 90
8
176
1
 62
7
176
1
 40
1.0
176
1
 90
1
176
1
 90
6
176
1
 90
2
176
1
 62
7
176
1
 90
5
176
1
 90
0
176
1
 90
0
176
1
290
0
176
1
 90
1
176
1
 40
0.0
176
1
 90
0
176
1
290
0
176
1
290
1
176
1
290
1
176
1
290
0
176
1
290
0
176
1
290
0
176
1
290
0
176
1
290
0
176
1
290
0
176
1
 90
50
176
1
 40
0.0
176
1
 40
1.0
176
1
 90
0
176
1
 62
18
420
0
176
1
 90
50
176
1
 90
3
176
1
 62
5
420
255
176
1
290
0
176
1
 90
50
176
1
 90
50
176
1
 90
50
176
1
290
0
176
1
 90
50
176
1
 62
256
176
0
 40
1.0
176
0
 90
2
176
1
  1
strokes_ogs.tif
176
1
290
0
176
1
 40
1.0
176
1
 40
1.0
176
1
  0
VISUALSTYLE
  5
60
102
{ACAD_REACTORS
330
16
102
}
330
16
100
AcDbVisualStyle
  2
EdgeColorOff
 70
22
177
3
291
1
 70
58
 90
2
176
1
 90
2
176
1
 90
0
176
1
 90
2
176
1
 40
0.6
176
1
 40
30.0
176
1
 62
7
420
16777215
176
1
 90
1
176
1
 90
4
176
1
 62
7
176
1
 62
257
176
1
 90
1
176
1
 90
1
176
1
 40
1.0
176
1
 90
8
176
1
 62
7
176
1
 40
1.0
176
1
 90
1
176
1
 90
6
176
1
 90
2
176
1
 62
7
176
1
 90
5
176
1
 90
0
176
1
 90
0
176
1
290
0
176
1
 90
1
176
1
 40
0.0
176
1
 90
0
176
1
290
0
176
1
290
1
176
1
290
1
176
1
290
0
176
1
290
0
176
1
290
0
176
1
290
0
176
1
290
0
176
1
290
0
176
1
 90
50
176
1
 40
0.0
176
1
 40
1.0
176
1
 90
0
176
1
 62
18
420
0
176
1
 90
50
176
1
 90
3
176
1
 62
5
420
255
176
1
290
0
176
1
 90
50
176
1
 90
50
176
1
 90
50
176
1
290
0
176
1
 90
50
176
1
 62
256
176
0
 40
1.0
176
0
 90
2
176
1
  1
strokes_ogs.tif
176
1
290
0
176
1
 40
1.0
176
1
 40
1.0
176
1
  0
VISUALSTYLE
  5
61
102
{ACAD_REACTORS
330
16
102
}
330
16
100
AcDbVisualStyle
  2
Facepattern
 70
15
177
3
291
1
 70
58
 90
2
176
1
 90
2
176
1
 90
0
176
1
 90
2
176
1
 40
0.6
176
1
 40
30.0
176
1
 62
7
420
16777215
176
1
 90
1
176
1
 90
4
176
1
 62
7
176
1
 62
257
176
1
 90
1
176
1
 90
1
176
1
 40
1.0
176
1
 90
8
176
1
 62
7
176
1
 40
1.0
176
1
 90
1
176
1
 90
6
176
1
 90
2
176
1
 62
7
176
1
 90
5
176
1
 90
0
176
1
 90
0
176
1
290
0
176
1
 90
1
176
1
 40
0.0
176
1
 90
0
176
1
290
0
176
1
290
1
176
1
290
1
176
1
290
0
176
1
290
0
176
1
290
0
176
1
290
0
176
1
290
0
176
1
290
0
176
1
 90
50
176
1
 40
0.0
176
1
 40
1.0
176
1
 90
0
176
1
 62
18
420
0
176
1
 90
50
176
1
 90
3
176
1
 62
5
420
255
176
1
290
0
176
1
 90
50
176
1
 90
50
176
1
 90
50
176
1
290
0
176
1
 90
50
176
1
 62
256
176
0
 40
1.0
176
0
 90
2
176
1
  1
strokes_ogs.tif
176
1
290
0
176
1
 40
1.0
176
1
 40
1.0
176
1
  0
VISUALSTYLE
  5
62
102
{ACAD_REACTORS
330
16
102
}
330
16
100
AcDbVisualStyle
  2
Flat
 70
0
177
3
291
1
 70
58
 90
2
176
1
 90
2
176
1
 90
0
176
1
 90
2
176
1
 40
0.6
176
1
 40
30.0
176
1
 62
7
420
16777215
176
1
 90
1
176
1
 90
4
176
1
 62
7
176
1
 62
257
176
1
 90
1
176
1
 90
1
176
1
 40
1.0
176
1
 90
8
176
1
 62
7
176
1
 40
1.0
176
1
 90
1
176
1
 90
6
176
1
 90
2
176
1
 62
7
176
1
 90
5
176
1
 90
0
176
1
 90
0
176
1
290
0
176
1
 90
1
176
1
 40
0.0
176
1
 90
0
176
1
290
0
176
1
290
1
176
1
290
1
176
1
290
0
176
1
290
0
176
1
290
0
176
1
290
0
176
1
290
0
176
1
290
0
176
1
 90
50
176
1
 40
0.0
176
1
 40
1.0
176
1
 90
0
176
1
 62
18
420
0
176
1
 90
50
176
1
 90
3
176
1
 62
5
420
255
176
1
290
0
176
1
 90
50
176
1
 90
50
176
1
 90
50
176
1
290
0
176
1
 90
50
176
1
 62
256
176
0
 40
1.0
176
0
 90
2
176
1
  1
strokes_ogs.tif
176
1
290
0
176
1
 40
1.0
176
1
 40
1.0
176
1
  0
VISUALSTYLE
  5
63
102
{ACAD_REACTORS
330
16
102
}
330
16
100
AcDbVisualStyle
  2
FlatWithEdges
 70
1
177
3
291
1
 70
58
 90
2
176
1
 90
2
176
1
 90
0
176
1
 90
2
176
1
 40
0.6
176
1
 40
30.0
176
1
 62
7
420
16777215
176
1
 90
1
176
1
 90
4
176
1
 62
7
176
1
 62
257
176
1
 90
1
176
1
 90
1
176
1
 40
1.0
176
1
 90
8
176
1
 62
7
176
1
 40
1.0
176
1
 90
1
176
1
 90
6
176
1
 90
2
176
1
 62
7
176
1
 90
5
176
1
 90
0
176
1
 90
0
176
1
290
0
176
1
 90
1
176
1
 40
0.0
176
1
 90
0
176
1
290
0
176
1
290
1
176
1
290
1
176
1
290
0
176
1
290
0
176
1
290
0
176
1
290
0
176
1
290
0
176
1
290
0
176
1
 90
50
176
1
 40
0.0
176
1
 40
1.0
176
1
 90
0
176
1
 62
18
420
0
176
1
 90
50
176
1
 90
3
176
1
 62
5
420
255
176
1
290
0
176
1
 90
50
176
1
 90
50
176
1
 90
50
176
1
290
0
176
1
 90
50
176
1
 62
256
176
0
 40
1.0
176
0
 90
2
176
1
  1
strokes_ogs.tif
176
1
290
0
176
1
 40
1.0
176
1
 40
1.0
176
1
  0
VISUALSTYLE
  5
64
102
{ACAD_REACTORS
330
16
102
}
330
16
100
AcDbVisualStyle
  2
Gouraud
 70
2
177
3
291
1
 70
58
 90
2
176
1
 90
2
176
1
 90
0
176
1
 90
2
176
1
 40
0.6
176
1
 40
30.0
176
1
 62
7
420
16777215
176
1
 90
1
176
1
 90
4
176
1
 62
7
176
1
 62
257
176
1
 90
1
176
1
 90
1
176
1
 40
1.0
176
1
 90
8
176
1
 62
7
176
1
 40
1.0
176
1
 90
1
176
1
 90
6
176
1
 90
2
176
1
 62
7
176
1
 90
5
176
1
 90
0
176
1
 90
0
176
1
290
0
176
1
 90
1
176
1
 40
0.0
176
1
 90
0
176
1
290
0
176
1
290
1
176
1
290
1
176
1
290
0
176
1
290
0
176
1
290
0
176
1
290
0
176
1
290
0
176
1
290
0
176
1
 90
50
176
1
 40
0.0
176
1
 40
1.0
176
1
 90
0
176
1
 62
18
420
0
176
1
 90
50
176
1
 90
3
176
1
 62
5
420
255
176
1
290
0
176
1
 90
50
176
1
 90
50
176
1
 90
50
176
1
290
0
176
1
 90
50
176
1
 62
256
176
0
 40
1.0
176
0
 90
2
176
1
  1
strokes_ogs.tif
176
1
290
0
176
1
 40
1.0
176
1
 40
1.0
176
1
  0
VISUALSTYLE
  5
65
102
{ACAD_REACTORS
330
16
102
}
330
16
100
AcDbVisualStyle
  2
GouraudWithEdges
 70
3
177
3
291
1
 70
58
 90
2
176
1
 90
2
176
1
 90
0
176
1
 90
2
176
1
 40
0.6
176
1
 40
30.0
176
1
 62
7
420
16777215
176
1
 90
1
176
1
 90
4
176
1
 62
7
176
1
 62
257
176
1
 90
1
176
1
 90
1
176
1
 40
1.0
176
1
 90
8
176
1
 62
7
176
1
 40
1.0
176
1
 90
1
176
1
 90
6
176
1
 90
2
176
1
 62
7
176
1
 90
5
176
1
 90
0
176
1
 90
0
176
1
290
0
176
1
 90
1
176
1
 40
0.0
176
1
 90
0
176
1
290
0
176
1
290
1
176
1
290
1
176
1
290
0
176
1
290
0
176
1
290
0
176
1
290
0
176
1
290
0
176
1
290
0
176
1
 90
50
176
1
 40
0.0
176
1
 40
1.0
176
1
 90
0
176
1
 62
18
420
0
176
1
 90
50
176
1
 90
3
176
1
 62
5
420
255
176
1
290
0
176
1
 90
50
176
1
 90
50
176
1
 90
50
176
1
290
0
176
1
 90
50
176
1
 62
256
176
0
 40
1.0
176
0
 90
2
176
1
  1
strokes_ogs.tif
176
1
290
0
176
1
 40
1.0
176
1
 40
1.0
176
1
  0
VISUALSTYLE
  5
66
102
{ACAD_REACTORS
330
16
102
}
330
16
100
AcDbVisualStyle
  2
Hidden
 70
6
177
3
291
0
 70
58
 90
2
176
1
 90
2
176
1
 90
0
176
1
 90
1
176
1
 40
0.6
176
1
 40
30.0
176
1
 62
7
420
16777215
176
1
 90
1
176
1
 90
4
176
1
 62
7
176
1
 62
257
176
1
 90
1
176
1
 90
1
176
1
 40
1.0
176
1
 90
8
176
1
 62
7
176
1
 40
1.0
176
1
 90
1
176
1
 90
6
176
1
 90
2
176
1
 62
7
176
1
 90
5
176
1
 90
0
176
1
 90
0
176
1
290
0
176
1
 90
1
176
1
 40
0.0
176
1
 90
0
176
1
290
0
176
1
290
1
176
1
290
1
176
1
290
0
176
1
290
0
176
1
290
0
176
1
290
0
176
1
290
0
176
1
290
0
176
1
 90
50
176
1
 40
0.0
176
1
 40
1.0
176
1
 90
0
176
1
 62
18
420
0
176
1
 90
50
176
1
 90
3
176
1
 62
5
420
255
176
1
290
0
176
1
 90
50
176
1
 90
50
176
1
 90
50
176
1
290
0
176
1
 90
50
176
1
 62
256
176
0
 40
1.0
176
0
 90
2
176
1
  1
strokes_ogs.tif
176
1
290
0
176
1
 40
1.0
176
1
 40
1.0
176
1
  0
VISUALSTYLE
  5
67
102
{ACAD_REACTORS
330
16
102
}
330
16
100
AcDbVisualStyle
  2
JitterOff
 70
20
177
3
291
1
 70
58
 90
2
176
1
 90
2
176
1
 90
0
176
1
 90
2
176
1
 40
0.6
176
1
 40
30.0
176
1
 62
7
420
16777215
176
1
 90
1
176
1
 90
4
176
1
 62
7
176
1
 62
257
176
1
 90
1
176
1
 90
1
176
1
 40
1.0
176
1
 90
8
176
1
 62
7
176
1
 40
1.0
176
1
 90
1
176
1
 90
6
176
1
 90
2
176
1
 62
7
176
1
 90
5
176
1
 90
0
176
1
 90
0
176
1
290
0
176
1
 90
1
176
1
 40
0.0
176
1
 90
0
176
1
290
0
176
1
290
1
176
1
290
1
176
1
290
0
176
1
290
0
176
1
290
0
176
1
290
0
176
1
290
0
176
1
290
0
176
1
 90
50
176
1
 40
0.0
176
1
 40
1.0
176
1
 90
0
176
1
 62
18
420
0
176
1
 90
50
176
1
 90
3
176
1
 62
5
420
255
176
1
290
0
176
1
 90
50
176
1
 90
50
176
1
 90
50
176
1
290
0
176
1
 90
50
176
1
 62
256
176
0
 40
1.0
176
0
 90
2
176
1
  1
strokes_ogs.tif
176
1
290
0
176
1
 40
1.0
176
1
 40
1.0
176
1
  0
VISUALSTYLE
  5
68
102
{ACAD_REACTORS
330
16
102
}
330
16
100
AcDbVisualStyle
  2
Linepattern
 70
14
177
3
291
1
 70
58
 90
2
176
1
 90
2
176
1
 90
0
176
1
 90
2
176
1
 40
0.6
176
1
 40
30.0
176
1
 62
7
420
16777215
176
1
 90
1
176
1
 90
4
176
1
 62
7
176
1
 62
257
176
1
 90
1
176
1
 90
1
176
1
 40
1.0
176
1
 90
8
176
1
 62
7
176
1
 40
1.0
176
1
 90
1
176
1
 90
6
176
1
 90
2
176
1
 62
7
176
1
 90
5
176
1
 90
0
176
1
 90
0
176
1
290
0
176
1
 90
1
176
1
 40
0.0
176
1
 90
0
176
1
290
0
176
1
290
1
176
1
290
1
176
1
290
0
176
1
290
0
176
1
290
0
176
1
290
0
176
1
290
0
176
1
290
0
176
1
 90
50
176
1
 40
0.0
176
1
 40
1.0
176
1
 90
0
176
1
 62
18
420
0
176
1
 90
50
176
1
 90
3
176
1
 62
5
420
255
176
1
290
0
176
1
 90
50
176
1
 90
50
176
1
 90
50
176
1
290
0
176
1
 90
50
176
1
 62
256
176
0
 40
1.0
176
0
 90
2
176
1
  1
strokes_ogs.tif
176
1
290
0
176
1
 40
1.0
176
1
 40
1.0
176
1
  0
VISUALSTYLE
  5
69
102
{ACAD_REACTORS
330
16
102
}
330
16
100
AcDbVisualStyle
  2
Modeling
 70
10
177
3
291
0
 70
58
 90
2
176
1
 90
2
176
1
 90
0
176
1
 90
2
176
1
 40
0.6
176
1
 40
30.0
176
1
 62
7
420
16777215
176
1
 90
1
176
1
 90
4
176
1
 62
7
176
1
 62
257
176
1
 90
1
176
1
 90
1
176
1
 40
1.0
176
1
 90
8
176
1
 62
7
176
1
 40
1.0
176
1
 90
1
176
1
 90
6
176
1
 90
2
176
1
 62
7
176
1
 90
5
176
1
 90
0
176
1
 90
0
176
1
290
0
176
1
 90
1
176
1
 40
0.0
176
1
 90
0
176
1
290
0
176
1
290
1
176
1
290
1
176
1
290
0
176
1
290
0
176
1
290
0
176
1
290
0
176
1
290
0
176
1
290
0
176
1
 90
50
176
1
 40
0.0
176
1
 40
1.0
176
1
 90
0
176
1
 62
18
420
0
176
1
 90
50
176
1
 90
3
176
1
 62
5
420
255
176
1
290
0
176
1
 90
50
176
1
 90
50
176
1
 90
50
176
1
290
0
176
1
 90
50
176
1
 62
256
176
0
 40
1.0
176
0
 90
2
176
1
  1
strokes_ogs.tif
176
1
290
0
176
1
 40
1.0
176
1
 40
1.0
176
1
  0
VISUALSTYLE
  5
6A
102
{ACAD_REACTORS
330
16
102
}
330
16
100
AcDbVisualStyle
  2
OverhangOff
 70
21
177
3
291
1
 70
58
 90
2
176
1
 90
2
176
1
 90
0
176
1
 90
2
176
1
 40
0.6
176
1
 40
30.0
176
1
 62
7
420
16777215
176
1
 90
1
176
1
 90
4
176
1
 62
7
176
1
 62
257
176
1
 90
1
176
1
 90
1
176
1
 40
1.0
176
1
 90
8
176
1
 62
7
176
1
 40
1.0
176
1
 90
1
176
1
 90
6
176
1
 90
2
176
1
 62
7
176
1
 90
5
176
1
 90
0
176
1
 90
0
176
1
290
0
176
1
 90
1
176
1
 40
0.0
176
1
 90
0
176
1
290
0
176
1
290
1
176
1
290
1
176
1
290
0
176
1
290
0
176
1
290
0
176
1
290
0
176
1
290
0
176
1
290
0
176
1
 90
50
176
1
 40
0.0
176
1
 40
1.0
176
1
 90
0
176
1
 62
18
420
0
176
1
 90
50
176
1
 90
3
176
1
 62
5
420
255
176
1
290
0
176
1
 90
50
176
1
 90
50
176
1
 90
50
176
1
290
0
176
1
 90
50
176
1
 62
256
176
0
 40
1.0
176
0
 90
2
176
1
  1
strokes_ogs.tif
176
1
290
0
176
1
 40
1.0
176
1
 40
1.0
176
1
  0
VISUALSTYLE
  5
6B
102
{ACAD_REACTORS
330
16
102
}
330
16
100
AcDbVisualStyle
  2
Realistic
 70
8
177
3
291
0
 70
58
 90
2
176
1
 90
2
176
1
 90
0
176
1
 90
2
176
1
 40
0.6
176
1
 40
30.0
176
1
 62
7
420
16777215
176
1
 90
1
176
1
 90
4
176
1
 62
7
176
1
 62
257
176
1
 90
1
176
1
 90
1
176
1
 40
1.0
176
1
 90
8
176
1
 62
7
176
1
 40
1.0
176
1
 90
1
176
1
 90
6
176
1
 90
2
176
1
 62
7
176
1
 90
5
176
1
 90
0
176
1
 90
0
176
1
290
0
176
1
 90
1
176
1
 40
0.0
176
1
 90
0
176
1
290
0
176
1
290
1
176
1
290
1
176
1
290
0
176
1
290
0
176
1
290
0
176
1
290
0
176
1
290
0
176
1
290
0
176
1
 90
50
176
1
 40
0.0
176
1
 40
1.0
176
1
 90
0
176
1
 62
18
420
0
176
1
 90
50
176
1
 90
3
176
1
 62
5
420
255
176
1
290
0
176
1
 90
50
176
1
 90
50
176
1
 90
50
176
1
290
0
176
1
 90
50
176
1
 62
256
176
0
 40
1.0
176
0
 90
2
176
1
  1
strokes_ogs.tif
176
1
290
0
176
1
 40
1.0
176
1
 40
1.0
176
1
  0
VISUALSTYLE
  5
6C
102
{ACAD_REACTORS
330
16
102
}
330
16
100
AcDbVisualStyle
  2
Shaded
 70
27
177
3
291
0
 70
58
 90
2
176
1
 90
2
176
1
 90
0
176
1
 90
2
176
1
 40
0.6
176
1
 40
30.0
176
1
 62
7
420
16777215
176
1
 90
1
176
1
 90
4
176
1
 62
7
176
1
 62
257
176
1
 90
1
176
1
 90
1
176
1
 40
1.0
176
1
 90
8
176
1
 62
7
176
1
 40
1.0
176
1
 90
1
176
1
 90
6
176
1
 90
2
176
1
 62
7
176
1
 90
5
176
1
 90
0
176
1
 90
0
176
1
290
0
176
1
 90
1
176
1
 40
0.0
176
1
 90
0
176
1
290
0
176
1
290
1
176
1
290
1
176
1
290
0
176
1
290
0
176
1
290
0
176
1
290
0
176
1
290
0
176
1
290
0
176
1
 90
50
176
1
 40
0.0
176
1
 40
1.0
176
1
 90
0
176
1
 62
18
420
0
176
1
 90
50
176
1
 90
3
176
1
 62
5
420
255
176
1
290
0
176
1
 90
50
176
1
 90
50
176
1
 90
50
176
1
290
0
176
1
 90
50
176
1
 62
256
176
0
 40
1.0
176
0
 90
2
176
1
  1
strokes_ogs.tif
176
1
290
0
176
1
 40
1.0
176
1
 40
1.0
176
1
  0
VISUALSTYLE
  5
6D
102
{ACAD_REACTORS
330
16
102
}
330
16
100
AcDbVisualStyle
  2
Shaded with edges
 70
26
177
3
291
0
 70
58
 90
2
176
1
 90
2
176
1
 90
0
176
1
 90
2
176
1
 40
0.6
176
1
 40
30.0
176
1
 62
7
420
16777215
176
1
 90
1
176
1
 90
4
176
1
 62
7
176
1
 62
257
176
1
 90
1
176
1
 90
1
176
1
 40
1.0
176
1
 90
8
176
1
 62
7
176
1
 40
1.0
176
1
 90
1
176
1
 90
6
176
1
 90
2
176
1
 62
7
176
1
 90
5
176
1
 90
0
176
1
 90
0
176
1
290
0
176
1
 90
1
176
1
 40
0.0
176
1
 90
0
176
1
290
0
176
1
290
1
176
1
290
1
176
1
290
0
176
1
290
0
176
1
290
0
176
1
290
0
176
1
290
0
176
1
290
0
176
1
 90
50
176
1
 40
0.0
176
1
 40
1.0
176
1
 90
0
176
1
 62
18
420
0
176
1
 90
50
176
1
 90
3
176
1
 62
5
420
255
176
1
290
0
176
1
 90
50
176
1
 90
50
176
1
 90
50
176
1
290
0
176
1
 90
50
176
1
 62
256
176
0
 40
1.0
176
0
 90
2
176
1
  1
strokes_ogs.tif
176
1
290
0
176
1
 40
1.0
176
1
 40
1.0
176
1
  0
VISUALSTYLE
  5
6E
102
{ACAD_REACTORS
330
16
102
}
330
16
100
AcDbVisualStyle
  2
Shades of Gray
 70
23
177
3
291
0
 70
58
 90
2
176
1
 90
2
176
1
 90
0
176
1
 90
2
176
1
 40
0.6
176
1
 40
30.0
176
1
 62
7
420
16777215
176
1
 90
1
176
1
 90
4
176
1
 62
7
176
1
 62
257
176
1
 90
1
176
1
 90
1
176
1
 40
1.0
176
1
 90
8
176
1
 62
7
176
1
 40
1.0
176
1
 90
1
176
1
 90
6
176
1
 90
2
176
1
 62
7
176
1
 90
5
176
1
 90
0
176
1
 90
0
176
1
290
0
176
1
 90
1
176
1
 40
0.0
176
1
 90
0
176
1
290
0
176
1
290
1
176
1
290
1
176
1
290
0
176
1
290
0
176
1
290
0
176
1
290
0
176
1
290
0
176
1
290
0
176
1
 90
50
176
1
 40
0.0
176
1
 40
1.0
176
1
 90
0
176
1
 62
18
420
0
176
1
 90
50
176
1
 90
3
176
1
 62
5
420
255
176
1
290
0
176
1
 90
50
176
1
 90
50
176
1
 90
50
176
1
290
0
176
1
 90
50
176
1
 62
256
176
0
 40
1.0
176
0
 90
2
176
1
  1
strokes_ogs.tif
176
1
290
0
176
1
 40
1.0
176
1
 40
1.0
176
1
  0
VISUALSTYLE
  5
6F
102
{ACAD_REACTORS
330
16
102
}
330
16
100
AcDbVisualStyle
  2
Sketchy
 70
24
177
3
291
0
 70
58
 90
2
176
1
 90
2
176
1
 90
0
176
1
 90
1
176
1
 40
0.6
176
1
 40
30.0
176
1
 62
7
420
16777215
176
1
 90
1
176
1
 90
4
176
1
 62
7
176
1
 62
257
176
1
 90
1
176
1
 90
1
176
1
 40
1.0
176
1
 90
8
176
1
 62
7
176
1
 40
1.0
176
1
 90
1
176
1
 90
6
176
1
 90
2
176
1
 62
7
176
1
 90
5
176
1
 90
0
176
1
 90
0
176
1
290
0
176
1
 90
1
176
1
 40
0.0
176
1
 90
0
176
1
290
0
176
1
290
1
176
1
290
1
176
1
290
0
176
1
290
0
176
1
290
0
176
1
290
0
176
1
290
0
176
1
290
0
176
1
 90
50
176
1
 40
0.0
176
1
 40
1.0
176
1
 90
0
176
1
 62
18
420
0
176
1
 90
50
176
1
 90
3
176
1
 62
5
420
255
176
1
290
0
176
1
 90
50
176
1
 90
50
176
1
 90
50
176
1
290
0
176
1
 90
50
176
1
 62
256
176
0
 40
1.0
176
0
 90
2
176
1
  1
strokes_ogs.tif
176
1
290
0
176
1
 40
1.0
176
1
 40
1.0
176
1
  0
VISUALSTYLE
  5
70
102
{ACAD_REACTORS
330
16
102
}
330
16
100
AcDbVisualStyle
  2
Thicken
 70
13
177
3
291
1
 70
58
 90
2
176
1
 90
2
176
1
 90
0
176
1
 90
2
176
1
 40
0.6
176
1
 40
30.0
176
1
 62
7
420
16777215
176
1
 90
1
176
1
 90
4
176
1
 62
7
176
1
 62
257
176
1
 90
1
176
1
 90
1
176
1
 40
1.0
176
1
 90
8
176
1
 62
7
176
1
 40
1.0
176
1
 90
1
176
1
 90
6
176
1
 90
2
176
1
 62
7
176
1
 90
5
176
1
 90
0
176
1
 90
0
176
1
290
0
176
1
 90
1
176
1
 40
0.0
176
1
 90
0
176
1
290
0
176
1
290
1
176
1
290
1
176
1
290
0
176
1
290
0
176
1
290
0
176
1
290
0
176
1
290
0
176
1
290
0
176
1
 90
50
176
1
 40
0.0
176
1
 40
1.0
176
1
 90
0
176
1
 62
18
420
0
176
1
 90
50
176
1
 90
3
176
1
 62
5
420
255
176
1
290
0
176
1
 90
50
176
1
 90
50
176
1
 90
50
176
1
290
0
176
1
 90
50
176
1
 62
256
176
0
 40
1.0
176
0
 90
2
176
1
  1
strokes_ogs.tif
176
1
290
0
176
1
 40
1.0
176
1
 40
1.0
176
1
  0
VISUALSTYLE
  5
71
102
{ACAD_REACTORS
330
16
102
}
330
16
100
AcDbVisualStyle
  2
Wireframe
 70
5
177
3
291
0
 70
58
 90
2
176
1
 90
2
176
1
 90
0
176
1
 90
0
176
1
 40
0.6
176
1
 40
30.0
176
1
 62
7
420
16777215
176
1
 90
1
176
1
 90
4
176
1
 62
7
176
1
 62
257
176
1
 90
1
176
1
 90
1
176
1
 40
1.0
176
1
 90
8
176
1
 62
7
176
1
 40
1.0
176
1
 90
1
176
1
 90
6
176
1
 90
2
176
1
 62
7
176
1
 90
5
176
1
 90
0
176
1
 90
0
176
1
290
0
176
1
 90
1
176
1
 40
0.0
176
1
 90
0
176
1
290
0
176
1
290
1
176
1
290
1
176
1
290
0
176
1
290
0
176
1
290
0
176
1
290
0
176
1
290
0
176
1
290
0
176
1
 90
50
176
1
 40
0.0
176
1
 40
1.0
176
1
 90
0
176
1
 62
18
420
0
176
1
 90
50
176
1
 90
3
176
1
 62
5
420
255
176
1
290
0
176
1
 90
50
176
1
 90
50
176
1
 90
50
176
1
290
0
176
1
 90
50
176
1
 62
256
176
0
 40
1.0
176
0
 90
2
176
1
  1
strokes_ogs.tif
176
1
290
0
176
1
 40
1.0
176
1
 40
1.0
176
1
  0
VISUALSTYLE
  5
72
102
{ACAD_REACTORS
330
16
102
}
330
16
100
AcDbVisualStyle
  2
X-Ray
 70
25
177
3
291
0
 70
58
 90
2
176
1
 90
2
176
1
 90
0
176
1
 90
2
176
1
 40
0.5
176
1
 40
30.0
176
1
 62
7
420
16777215
176
1
 90
1
176
1
 90
4
176
1
 62
7
176
1
 62
257
176
1
 90
1
176
1
 90
1
176
1
 40
1.0
176
1
 90
8
176
1
 62
7
176
1
 40
1.0
176
1
 90
1
176
1
 90
6
176
1
 90
2
176
1
 62
7
176
1
 90
5
176
1
 90
0
176
1
 90
0
176
1
290
0
176
1
 90
1
176
1
 40
0.0
176
1
 90
0
176
1
290
0
176
1
290
1
176
1
290
1
176
1
290
0
176
1
290
0
176
1
290
0
176
1
290
0
176
1
290
0
176
1
290
0
176
1
 90
50
176
1
 40
0.0
176
1
 40
1.0
176
1
 90
0
176
1
 62
18
420
0
176
1
 90
50
176
1
 90
3
176
1
 62
5
420
255
176
1
290
0
176
1
 90
50
176
1
 90
50
176
1
 90
50
176
1
290
0
176
1
 90
50
176
1
 62
256
176
0
 40
1.0
176
0
 90
2
176
1
  1
strokes_ogs.tif
176
1
290
0
176
1
 40
1.0
176
1
 40
1.0
176
1
  0
DICTIONARYVAR
  5
901
330
2D
100
DictionaryVariables
280
0
  1
1.4.4 @ 2026-09-11T09:22:13.623901+00:00
  0
ENDSEC
  0
EOF
